probe,F,symbol,known
11741013_a_at,74.84073434098126,LRRN3,False
11730926_at,73.49098535362272,SLC4A10,False
11755207_a_at,62.465656727784044,NT5E,False
11720845_a_at,56.47783478626805,CD248,False
11755009_s_at,47.96256089184864,VCAN,False
11740638_at,41.05785909986016,NOG,False
11723437_at,33.89815109907254,CEP41,False
11764053_a_at,32.02923068650199,RBPJ,False
11731675_x_at,31.380179918511388,AGMAT,False
11749216_a_at,31.24467127818658,HAVCR1,False
11730075_at,31.213550352950836,KIAA1024,False
11726774_a_at,28.61998295201778,RORC,False
11727609_at,28.112190996018683,KLRB1,True
11727630_s_at,27.69702231453546,APBA2,False
11744779_a_at,27.25937457850216,FAM13A,False
11726393_at,27.172522714288775,FGD4,False
11753966_a_at,27.049690478615723,ZNF204P,False
11749293_x_at,27.010105752921238,MS4A6A,False
11725481_a_at,25.526127991182356,CD27,True
11740654_a_at,25.25606337398945,CD8B,False
11726063_a_at,24.968847876674154,C2orf40,False
11727633_at,24.906240200582474,SLC16A10,False
11736801_a_at,24.82128078401238,PLAG1,False
11752105_x_at,24.666010669647733,CCR6,True
11756174_s_at,24.56653764045163,SCD,False
11741378_s_at,24.077616280450254,BACH2,False
11729171_x_at,24.002740622745147,NIFK,False
11733905_x_at,23.95364427384187,RRP15,False
11734084_a_at,23.781631247670866,SUSD3,False
11718798_at,23.691190764135865,PPCDC,False
11743889_a_at,23.44725721849833,ZNF10,False
11736474_s_at,22.10761048537516,TCF7,False
11733979_at,22.04159790749367,CD28,True
11753900_x_at,21.92482922240573,MT2A,False
11751167_a_at,21.920824867828824,P2RX5,False
11750067_a_at,21.811125850779565,SPIB,False
11718827_x_at,21.443816485252427,ITM2C,False
11729871_a_at,21.363593704195445,ASGR2,False
11717559_a_at,21.347486680250277,ABLIM1,False
11763310_at,21.2947618105046,MIR21,False
11721794_a_at,21.255517231264538,CR2,False
11739670_at,20.931331968868697,GRAP,False
11760248_at,20.60888561278423,OXNAD1,False
11732544_a_at,20.481775146670017,GPR18,False
11737846_a_at,20.422052750239597,FAM102A,False
11722200_s_at,20.343498469177714,ADAM12,False
11730660_a_at,20.08456595842668,LY9,False
11750932_a_at,20.048988920541497,EPHX2,False
11746635_a_at,20.00781452842086,LEF1,False
11716666_a_at,19.698340353411787,ID3,False
11716486_at,19.651392560104092,FCGBP,False
11733840_a_at,19.63397547013801,ABHD2,False
11719951_a_at,19.5111550377051,FKBP15,False
11759127_at,19.483226210349976,CD300E,False
11757731_s_at,19.393462486800413,RAB31,False
11723111_a_at,19.189773140152422,EMILIN2,False
11756075_x_at,19.048204989430555,BLK,False
11728986_x_at,19.047433742153146,MTHFD1L,False
11739842_at,18.894280113937604,TAF4B,False
11725501_at,18.85565820922457,AHNAK,False
11720910_a_at,18.673324872901986,NELL2,False
11754324_s_at,18.64419960300768,KIF5C,False
11725498_a_at,18.548717340854484,TMEM117,False
11718036_at,18.545388199765284,PPIL1,False
11754854_a_at,18.50096603387376,ATF7IP2,False
11750999_a_at,18.37465846935261,TBXAS1,False
11732728_at,18.373740817927878,SLITRK4,False
11740200_a_at,18.30622548905939,FCMR,False
11734955_a_at,18.146884687586308,SCML1,False
11747110_a_at,18.11099422978181,PASK,False
11763126_x_at,18.089930878994394,IGKC,False
11738684_x_at,18.022343400558746,RAB34,False
11716151_a_at,18.014991569874134,PMEPA1,False
11746281_a_at,17.875664378576676,LPCAT3,False
11719725_at,17.736435118491183,PUM3,False
11752379_a_at,17.724530746728227,MCTP1,False
11725474_a_at,17.649333075729118,MAP3K5,False
11728447_at,17.5522060088592,RAD54B,False
11721638_s_at,17.508673082512146,CES1,False
11719177_x_at,17.501125379553017,PVR,False
11720538_at,17.44821763183743,FLVCR2,False
11736042_a_at,17.40328824702875,DCAF4,False
11748711_a_at,17.295953815017096,EIF4G3,False
11725981_at,17.29039031951055,CCR7,True
11740961_a_at,17.259836602656158,CD33,False
11748950_a_at,17.24060116253556,BAZ2B,False
11746700_s_at,17.180892864675986,ITM2A,False
11722798_s_at,17.170805072627036,TMEM263,False
11757798_s_at,17.07365767088486,MAFB,False
11747523_a_at,17.056722474285067,TRAF4,False
11750517_x_at,17.05269883088949,HPGD,False
11724337_s_at,16.952816305442614,NRCAM,False
11744512_a_at,16.757547022122438,TRABD2A,False
11719063_a_at,16.749596561157134,SESN1,False
11731317_a_at,16.74101626166368,MMP28,False
11720064_a_at,16.719911926758908,GLIPR2,False
11749076_a_at,16.614674023852114,SLAMF1,False
11737389_x_at,16.483670776973682,MTMR11,False
11721099_at,16.416377667212085,C3AR1,False
11744628_x_at,16.390060560537087,ZCCHC7,False
11717435_a_at,16.238408575219278,CDCA7L,False
11715360_x_at,16.202102222650595,TIMP1,False
11754659_x_at,16.196095296868236,TPD52,False
11756658_a_at,16.16184289798242,MZB1,False
11732143_at,16.056291220744164,TSR1,False
11715510_s_at,16.00582800517147,NDFIP1,False
11729828_at,15.96500931111269,FAM110B,False
11735090_s_at,15.876919124828827,SLC16A6,False
11740442_s_at,15.862646346776696,APOBEC3A,False
11741089_x_at,15.83700837348897,CD79A,False
11722390_a_at,15.764700254014794,MTF1,False
11730335_a_at,15.76346954694426,PARP3,False
11746896_a_at,15.745264081014255,ALDH2,False
11754881_a_at,15.730764499177186,SIRPG,False
11739809_at,15.726177444550071,TMEM156,False
11753832_x_at,15.725868284602328,IGKV3-20,False
11723560_at,15.71980477479619,SMCO4,False
11725364_x_at,15.709747108640016,GAS7,False
11747366_x_at,15.700826779966047,CRTAM,False
11734982_a_at,15.672863049030251,GPRASP1,False
11733877_s_at,15.645722374595756,LMO7,False
11750818_a_at,15.631183924348765,TTC39B,False
11732962_a_at,15.577365185266078,RAB33A,False
11736512_at,15.53984717752822,NMT2,False
11755606_x_at,15.513362009148267,IFI30,False
11739218_a_at,15.496665520218082,CACUL1,False
11744315_at,15.480181727671665,SGK223,False
11759816_x_at,15.459846001338727,IGHM,False
11729032_a_at,15.449332063352614,RPGRIP1,False
11724718_a_at,15.433915948831428,DEXI,False
11738808_a_at,15.421291602570674,OSBPL10,False
11758811_x_at,15.419076383464958,HNRNPA1,False
11719308_a_at,15.317946306943059,RASSF4,False
11759565_a_at,15.303416251612983,LOC100996693,False
11751882_a_at,15.300914458247869,LYST,False
11745500_a_at,15.268800028400078,CLEC10A,False
11729721_s_at,15.22075847144809,LILRA6,False
11750684_a_at,15.145484857400941,DDX31,False
11742743_a_at,15.143275311158622,CNN3,False
11756309_x_at,15.115136616342493,MXD3,False
11722494_s_at,15.113302243757387,HIP1R,False
11730100_x_at,15.084260367143674,FLT3LG,False
11755446_s_at,15.0296566240226,ANKH,False
11721900_at,15.00966115719186,FCN1,False
11732781_a_at,14.963905986002066,NME8,False
11756867_a_at,14.839731685014034,TNFSF13B,False
11754725_x_at,14.831677074706569,SATB1,False
11756244_a_at,14.791652953729558,FBXO31,False
11747679_x_at,14.741129676415278,BZW2,False
11750053_a_at,14.71202747439133,SLC37A2,False
11728679_a_at,14.66633442922057,CD163,False
11743507_a_at,14.661810078648243,ARHGAP26,False
11751880_x_at,14.614587147967539,PIK3C2B,False
11720989_a_at,14.610480422955936,SLC7A7,False
11724862_at,14.596988862813694,THNSL1,False
11717808_s_at,14.53352848932855,EXD2,False
11745090_a_at,14.504146980620002,PLXDC2,False
11754880_x_at,14.497003714608976,DOCK9,False
11717537_a_at,14.494305066298772,VEGFB,False
11757868_a_at,14.472625945708371,PIK3IP1,False
11756780_a_at,14.454709408193146,MS4A7,False
11716565_a_at,14.437839150033358,SDCCAG3,False
11755133_x_at,14.42536900103953,SNHG7,False
11720087_a_at,14.372470605081556,NUCB2,False
11726153_at,14.364001448103775,POU2AF1,False
11751841_a_at,14.11781854217522,TNFRSF17,False
11749659_s_at,14.106978748174857,HSPH1,False
11741721_x_at,14.086388472883886,POLR1B,False
11720797_a_at,14.069983206969704,TIMM9,False
11755382_x_at,14.064807313399927,IGLL5,False
11720410_s_at,14.05031710468698,CYP1B1,False
11737781_a_at,14.016210363150211,ARMCX2,False
11760124_a_at,13.988601462287173,KLF6,False
11735221_a_at,13.963811470876392,BTLA,False
11725454_a_at,13.957722852137895,MYO1B,False
11763222_x_at,13.948909741650755,IGK,False
11756281_a_at,13.94487668894429,CD7,False
11716719_s_at,13.934293620161746,GLA,False
11754139_a_at,13.920306297979234,TNFRSF25,False
11731539_at,13.918717089387929,SESTD1,False
11736311_x_at,13.908200558531068,FCGR1A,False
11739304_a_at,13.882704982833902,CAMK4,False
11716162_at,13.771794954238223,LBH,False
11759346_a_at,13.74078501785825,MAML2,False
11737504_x_at,13.73271035368029,SIRPB2,False
11736721_x_at,13.716117891223895,RPL32,False
11724997_a_at,13.704229396219262,CD86,False
11723101_a_at,13.690875321324649,DDX10,False
11759322_at,13.684658641020091,BCL6,False
11716711_a_at,13.642507948206763,TCEAL8,False
11746434_a_at,13.640198709133227,OXCT1,False
11725391_x_at,13.618414423077176,CD6,False
11726203_a_at,13.513235649615696,BANK1,False
11746575_a_at,13.472523012577783,LTBP3,False
11730912_at,13.469935108380977,NPM1,False
11727158_a_at,13.453929013678765,STRBP,False
11733701_a_at,13.420830222216898,FKBP11,False
11737095_a_at,13.381984957733627,CFL2,False
11757865_a_at,13.376652927274938,GADD45B,False
11718700_at,13.369554253683903,C6orf89,False
11726271_a_at,13.364175594210383,ATP1B1,False
11733646_x_at,13.356439015734196,KYNU,False
11722699_a_at,13.3530945138995,KIAA1109,False
11718293_a_at,13.29602282469084,CDKN2A,True
11717717_at,13.287361001188064,FNDC3B,False
11720605_a_at,13.268039555689537,POLD2,False
11753908_x_at,13.262891627620375,APBB1,False
11743808_a_at,13.25321078172696,DHCR7,False
11756668_x_at,13.252439742730663,FAM213A,False
11742819_at,13.224007183868494,PLAUR,False
11720680_a_at,13.200101273044647,DGKA,False
11747870_a_at,13.160953578126652,MLLT3,False
11743721_at,13.154992778024072,LGALS1,False
11736882_a_at,13.153848390843988,FCRL1,False
11747494_a_at,13.147106298369957,AQP3,False
11757463_a_at,13.132616824666622,IGSF8,False
11746486_a_at,13.12423321104154,PTPRE,False
11733382_a_at,13.110334903192618,AFAP1,False
11738240_at,13.039364885616497,EPHA3,False
11724610_a_at,13.002854902812716,E2F5,False
11754663_s_at,12.995633168897236,COPS7A,False
11725186_x_at,12.994057750037515,KLF12,False
11758620_s_at,12.992190177212397,MMAB,False
11759827_at,12.96640747217452,ZNF154,False
11746772_a_at,12.966288284388796,REG4,False
11756484_a_at,12.945534001162882,UVSSA,False
11763144_x_at,12.94302267519356,IGKV3-11,False
11718634_a_at,12.887890587743586,KIF1B,False
11747652_a_at,12.885380265162219,CDC25B,False
11754596_x_at,12.875973068079418,PAICS,False
11716913_a_at,12.804316837863094,MTUS1,False
11759207_at,12.80402873235915,CNKSR2,False
11751570_a_at,12.773364622021962,MS4A4A,False
11728269_a_at,12.759123945403429,MS4A1,False
11740880_x_at,12.755475631363122,ANXA2,False
11753637_x_at,12.704515194106841,RPS12,False
11762579_at,12.687449996268901,DACT2,False
11731090_s_at,12.68562940752048,CACHD1,False
11723605_a_at,12.67514231127303,PCED1B,False
11727194_a_at,12.669461665585645,ZNF202,False
11735990_x_at,12.669173235229035,JCHAIN,False
11729368_at,12.653818722563406,GANC,False
11747782_x_at,12.65228143359282,CTBP2,False
11723293_at,12.575524037236095,GPX7,False
11763704_a_at,12.548540481205384,SAT1,False
11741885_x_at,12.538953155266773,CASP1,False
11747282_x_at,12.478389803337384,ANXA2P2,False
11757999_s_at,12.46173620773574,RAB38,False
11729839_at,12.456948855867212,ZCCHC2,False
11758882_at,12.433910517856496,CD3D,False
11759900_at,12.431857843669471,TMEM144,False
11759628_at,12.373030043541,WIPF1,False
11755284_s_at,12.357787912610112,TSPAN13,False
11732960_a_at,12.352260195344954,EIF2D,False
11721946_a_at,12.319127551948718,MRVI1,False
11753719_a_at,12.308079779475856,GMFB,False
11754379_at,12.295053287511138,PARP9,False
11717286_a_at,12.29204466261305,HLTF,False
11749677_a_at,12.27413023033483,DZIP3,False
11743908_a_at,12.266812354239736,CTPS1,False
11726287_a_at,12.265513426363626,WARS,False
11763253_x_at,12.22363983283018,IGKV2-28,False
11740870_a_at,12.223210261379057,ZNF682,False
11749683_a_at,12.190509817898496,COL4A3BP,False
11747134_a_at,12.179477248975004,TRPS1,False
11748280_a_at,12.157684525394668,SERPINB1,False
11720971_at,12.12317167429095,TOP2A,False
11734967_a_at,12.111849672690996,THEMIS,False
11727142_a_at,12.108204268104355,EPB41L3,False
11748887_a_at,12.105934840408171,RING1,False
11759423_at,12.088384378175524,EPPK1,False
11750468_a_at,12.08042795560058,NUP35,False
11725174_a_at,12.070790884690686,ADAP2,False
11761487_x_at,12.031105259693408,PDS5B,False
11726807_a_at,12.02522691522706,ZAK,False
11736065_x_at,11.98287429804876,P2RX7,False
11722595_a_at,11.981603468528503,AKAP13,False
11721319_s_at,11.951990679984402,LYRM4,False
11727704_a_at,11.945304335359381,ZNF439,False
11723958_s_at,11.945267502931351,LSM5,False
11760502_at,11.920221793629564,WSB1,False
11721542_a_at,11.913490686480102,MARCH9,False
11720314_s_at,11.900940676223271,ATP6V0B,False
11754980_a_at,11.890810208809516,SMARCD3,False
11755498_s_at,11.881042054420535,ATP6V0E2,False
11735153_a_at,11.876450900738371,COL4A3,False
11726294_s_at,11.845116437011185,CEBPA,False
11753680_x_at,11.825505510749117,RPL21,False
11736087_at,11.803235257700639,FAM171A1,False
11731211_at,11.785555663419483,ARX,False
11743910_at,11.777379046050157,FAM69A,False
11718092_a_at,11.707764611368344,BIVM,False
11752487_a_at,11.706545299971195,SNX25,False
11728235_at,11.692053904526315,CD5,False
11737692_a_at,11.690089348467398,PLEKHG4,False
11723686_s_at,11.686169503389522,FAM46A,False
11721237_a_at,11.674377252097873,LHFPL2,False
11728825_at,11.666987153734311,TRNP1,False
11759114_at,11.64115353657534,LOC100506548,False
11754830_a_at,11.639786620988511,CD22,False
11717453_at,11.637429325858497,SPOCK2,False
11731767_at,11.627882775796754,ARSB,False
11756784_x_at,11.626801025464216,NCAPG2,False
11764242_s_at,11.618691017195664,GTSCR1,False
11730346_x_at,11.60662599732709,PUS7,False
11720646_at,11.591249784612934,SPTLC2,False
11743221_at,11.56936851628122,GPR141,False
11745840_a_at,11.566460228153446,PAQR8,False
11723553_at,11.555050421735666,F5,False
11747361_x_at,11.541013973887942,HMGA1,False
11744267_at,11.537614421958434,VPS51,False
11717228_at,11.484714183292734,CDR2,False
11741625_a_at,11.47974149988482,SLC22A23,False
11740347_x_at,11.47204167324582,NRG1,False
11742103_a_at,11.458622760337272,TLE2,False
11740976_a_at,11.423177876801416,SLAIN1,False
11746408_a_at,11.405285126548435,SORT1,False
11752428_x_at,11.40410068493289,CFLAR,False
11763684_x_at,11.374002278171865,IGKV1-5,False
11741119_a_at,11.361454890324335,ANKEF1,False
11759111_x_at,11.355163840531707,HIST1H2BH,False
11728530_a_at,11.320898627641439,BLNK,False
11742100_x_at,11.301582534837914,ZNF195,False
11743985_s_at,11.297406761558115,AKAP1,False
11728425_s_at,11.288333137854542,BOLA3,False
11727118_a_at,11.269620640419678,CFP,False
11725579_s_at,11.247746044547396,BEND3,False
11735359_a_at,11.236996008583544,LOC101060521,False
11718849_at,11.236317250708352,CORO1B,False
11762943_x_at,11.232658038230362,KCTD9,False
11715935_a_at,11.216806121082229,NBEAL2,False
11719667_s_at,11.191738130486728,STMN1,False
11757427_x_at,11.180955432539665,IMPDH2,False
11728804_a_at,11.178377026288576,NAA16,False
11734110_at,11.153932157467505,TIGIT,False
11729033_at,11.147849538523008,ITPRIPL2,False
11731664_at,11.14441673816066,UTP20,False
11746747_a_at,11.136066548850323,COQ2,False
11716122_s_at,11.132154955408144,API5,False
11725315_x_at,11.131701181627244,PRELID1,False
11716746_a_at,11.11397379758477,FAM60A,False
11752149_a_at,11.087528027414216,UBASH3A,False
11722325_a_at,11.077929090191036,ZNF84,False
11731196_a_at,11.070164480175896,PRR5L,False
11757347_s_at,11.04442843543954,RNF144A,False
11760631_at,11.02005213683808,GIT2,False
11762025_a_at,11.015237740093822,DOCK5,False
11723287_at,10.990754932668953,TYROBP,False
11716128_at,10.981323327093355,IGF2R,False
11756878_a_at,10.958909267895283,FBL,False
11749159_a_at,10.950098984724617,SCG3,False
11739861_s_at,10.931719715648745,ITGA6,False
11756849_x_at,10.926221895559543,NOP2,False
11715910_a_at,10.917654934313033,MYO6,False
11732465_a_at,10.898948818948845,USP44,False
11736247_x_at,10.879719289047262,AMIGO2,False
11762806_at,10.864136383050313,COMMD5,False
11757417_x_at,10.856871133888886,CD63,False
11717875_a_at,10.85641744252255,PPFIA1,False
11715951_s_at,10.84951881683565,KCTD12,False
11741519_s_at,10.84898737269561,CD14,False
11747262_s_at,10.844896686383448,RRAS2,False
11748672_x_at,10.844616390059647,POLR1E,False
11740108_a_at,10.843183751657612,BCL7A,False
11720554_a_at,10.835417328719643,ARHGEF18,False
11728266_a_at,10.821983742642582,LILRB2,False
11722339_a_at,10.816912821037905,DIAPH2,False
11734450_at,10.814476340430538,ACTRT1,False
11744275_a_at,10.803795008181455,WDR12,False
11736282_a_at,10.786104573460575,PDLIM5,False
11740465_at,10.785909492873147,GPR171,False
11725740_at,10.756234309881265,OGFOD3,False
11728289_a_at,10.745626675072302,TBC1D2,False
11758136_s_at,10.715565155921647,SLC35G2,False
11752474_a_at,10.70997143074175,SFRP5,False
11759852_x_at,10.704239128868242,IGHG1,False
11721632_a_at,10.688625371054254,TMEM97,False
11759096_at,10.674254828419127,GNAQ,False
11738703_a_at,10.661707771535232,ITGB3BP,False
11729107_at,10.642983647782986,HPCAL4,False
11745554_a_at,10.630996957046035,ASGR1,False
11716939_a_at,10.62333495939212,HMOX1,False
11760261_at,10.60728812600336,PPIG,False
11722721_a_at,10.59975112510255,CENPV,False
11720526_s_at,10.595887835769544,PEBP1,False
11750914_a_at,10.591736565329004,GSPT2,False
11725548_a_at,10.585556305064607,PDE4A,False
11716147_s_at,10.578421559657736,CHMP7,False
11732563_a_at,10.566365554926142,ADAT2,False
11722086_x_at,10.562096901713684,SEPT1,False
11720871_s_at,10.555477281073882,PDE7A,False
11728512_a_at,10.550057572097506,TRAF5,False
11746888_x_at,10.548385372734153,BPHL,False
11716766_a_at,10.531776598173947,IQGAP1,False
11733849_a_at,10.529770001092329,GTF3A,False
11724536_a_at,10.528523453154056,UBA5,False
11743804_at,10.518557125179282,ABCE1,False
11763002_s_at,10.488924109893594,TRBV9,False
11749827_a_at,10.480915968777126,CYBB,False
11759238_x_at,10.467855764189146,CLEC7A,False
11716584_x_at,10.446155970940247,DYNLT1,False
11722726_s_at,10.441656763965545,ZNF286A,False
11722150_a_at,10.433128703057807,EIF2AK3,False
11719211_a_at,10.420421197937987,HSF2,False
11736694_x_at,10.412652550832043,TRIM38,False
11723402_a_at,10.398282586470481,STK4,False
11734855_at,10.392720668544273,VSIG1,False
11727397_s_at,10.385946956170624,CTNNA1,False
11747517_s_at,10.385888354216995,FAM45A,False
11761715_at,10.360002879353551,CASC4,False
11763437_at,10.334512100828121,P2RY8,False
11729658_a_at,10.323284608112637,SP110,False
11719313_a_at,10.320800616428516,FAM111A,False
11718675_s_at,10.31018909474236,CTNNAL1,False
11741798_a_at,10.30110247715727,ZNF304,False
11758092_s_at,10.297389070361382,EFNA5,False
11759498_at,10.289244981864117,FAM49A,False
11738092_a_at,10.28221531473093,PDE9A,False
11754459_a_at,10.275790420024121,FAM184A,False
11753220_a_at,10.273348020172309,KCNMB1,False
11723031_a_at,10.269665192022785,CRISPLD2,False
11744429_a_at,10.263164016912175,STX10,False
11753912_a_at,10.25850285225783,NPRL3,False
11723551_x_at,10.250156753595766,SH2D3A,False
11751967_a_at,10.246701088246962,RAPGEF6,False
11722385_a_at,10.231194026760866,UBTF,False
11729169_a_at,10.222721081435305,DUSP10,False
11728228_at,10.220433355038537,HAVCR2,True
11724208_a_at,10.220341499278545,DPH2,False
11733910_at,10.209705506926719,UTP15,False
11727532_a_at,10.207432332450027,FEZ2,False
11731722_a_at,10.201438592643406,ALDH3B1,False
11723704_at,10.196752285149753,ABHD5,False
11747153_x_at,10.195120671376669,ACOT9,False
11715996_a_at,10.181069788944644,NOSIP,False
11728611_a_at,10.1697309887437,FAM159A,False
11723818_x_at,10.149382367484453,PM20D2,False
11728909_s_at,10.147853186083031,B3GLCT,False
11758537_s_at,10.14517455922774,TRIM25,False
11727292_a_at,10.143340966749895,C1orf162,False
11719736_s_at,10.127759286009384,FAM134B,False
11740513_a_at,10.115321157874325,PDE4D,False
11728044_a_at,10.107264246098804,DTD2,False
11729855_at,10.096974655997169,CD3E,False
11717582_a_at,10.074583248866897,RGCC,False
11754815_a_at,10.069061817732466,LDLRAP1,False
11744721_s_at,10.068167816165575,MSH2,False
11722614_a_at,10.041494402423707,CYP2J2,False
11741804_at,10.0329570335969,BACH1,False
11730573_x_at,10.030438991569659,PLCB1,False
11760312_at,10.023248777189261,NAMPT,False
11748180_a_at,10.021162212939798,SERPINB8,False
11727514_at,10.018153280852857,TTC9,False
11745545_a_at,10.017170537761656,DENND3,False
11741756_a_at,10.015925156646968,CPEB1,False
11762531_x_at,10.002664494966613,MEGF9,False
11723441_a_at,9.983035126901122,EPHA4,False
11723762_at,9.974807691160393,PLCG1,False
11755377_a_at,9.972129464027633,NARF,False
11724471_x_at,9.948592150673562,MGST1,False
11756099_a_at,9.942088576480831,LDHB,False
11734631_s_at,9.936816349410334,BAGE2,False
11758346_s_at,9.933799828331924,PAPSS2,False
11735429_x_at,9.915505047324148,RNF135,False
11716941_at,9.907852779217487,TRIB2,False
11730090_a_at,9.905774685623383,TNFSF12-TNFSF13,False
11721052_at,9.904408890203575,KLHL42,False
11757507_s_at,9.886064198453537,DSP,False
11741086_x_at,9.872548888024708,APLP2,False
11716165_a_at,9.867814194332736,MGST3,False
11744353_at,9.83976758256914,TATDN2,False
11735788_a_at,9.835039832752123,KCNG1,False
11715722_a_at,9.832036584260415,GOLM1,False
11754540_x_at,9.822331458282113,ZNF814,False
11744689_x_at,9.82040025872127,ARMC10,False
11758514_s_at,9.813228121509631,SERBP1,False
11739314_x_at,9.798438887774717,AES,False
11736898_s_at,9.792544233434505,NAIP,False
11722300_a_at,9.791984007280082,ETS1,False
11728203_a_at,9.78873782212987,PHGDH,False
11715814_a_at,9.786081385111308,TRAP1,False
11726966_a_at,9.76662983730767,CXCR5,False
11741390_x_at,9.763798299785408,NSFL1C,False
11764013_at,9.749761294875624,LOC105375218,False
11757383_a_at,9.74395846794785,CTSH,False
11722785_x_at,9.738304512256335,GRWD1,False
11730959_a_at,9.733133770372941,DGKG,False
11760541_at,9.733125733284629,SRI,False
11724414_a_at,9.722293523353905,ZNF711,False
11716900_at,9.720920729688562,ARL3,False
11717756_s_at,9.71961322338476,RALA,False
11727507_a_at,9.692792606234674,GTPBP10,False
11740917_at,9.686909391384317,WDFY3,False
11730399_at,9.669352443901529,ARID3A,False
11748624_a_at,9.664931152432581,HYOU1,False
11723683_a_at,9.663516744705133,METTL16,False
11719464_x_at,9.661293590424059,RPS6,False
11759652_x_at,9.656852015711529,IGKV1-12,False
11720487_a_at,9.652069581007254,HEBP2,False
11728750_a_at,9.643967454474064,OSBP,False
11740117_a_at,9.643343546815025,RNF24,False
11753322_a_at,9.624528118802765,DPH5,False
11758912_at,9.623733107424405,CLEC1A,False
11753228_x_at,9.611997527361469,FCAR,False
11728850_at,9.606486326545456,RAB39B,False
11721770_x_at,9.600691851652051,CCDC64,False
11756362_x_at,9.600494519375294,FCGR1B,False
11740637_at,9.589549637310736,GPR19,False
11733779_a_at,9.58706478946544,DUSP3,False
11734364_at,9.584457768599501,RFX3,False
11726827_at,9.574864048928834,STAP1,False
11727795_x_at,9.572714354030694,EIF3E,False
11726436_a_at,9.567697445752664,ANKRD16,False
11715373_a_at,9.554815822853868,TRIM28,False
11752786_a_at,9.552458441086115,CARD6,False
11755600_a_at,9.54430262089642,GEMIN6,False
11757028_s_at,9.543073950074803,RPS5,False
11731700_a_at,9.541498368953219,C12orf66,False
11743167_at,9.540370538722504,ETV6,False
11763475_at,9.534389808345452,RALGAPA1,False
11731914_at,9.53397145885901,AMIGO1,False
11754145_x_at,9.530408779605244,IGKV1-27,False
11724354_x_at,9.527945376237351,ATG16L2,False
11743187_at,9.524478376826146,CFAP97,False
11717017_a_at,9.518496737991853,OCIAD2,False
11726801_at,9.518219409713947,EBF1,False
11758130_s_at,9.517430858163804,HEBP1,False
11730753_at,9.506962400027469,AGPAT5,False
11735548_x_at,9.50595825155787,SLC36A2,False
11763378_a_at,9.488619885427857,ZNF302,False
11739718_a_at,9.480477473734028,ZFP1,False
11759946_at,9.466057506479489,MAPK14,False
11724879_at,9.450455892001486,ZNF217,False
11728180_s_at,9.429118775203625,CHIC1,False
11735166_x_at,9.417405920168145,OSBPL5,False
11763329_a_at,9.406720685842863,DOK1,False
11752732_x_at,9.39205733927765,DUS4L,False
11729250_at,9.386481821959551,B3GALT2,False
11716009_a_at,9.355937151900187,DYNC1LI2,False
11739891_at,9.354958110673163,ARPC4-TTLL3,False
11722993_x_at,9.347261882826398,PLIN3,False
11763818_x_at,9.342115558205377,PRR5,False
11757498_s_at,9.33913330342441,TMEM106C,False
11743334_a_at,9.336935065147182,MRPL35,False
11717102_a_at,9.334833506512343,SLC38A1,False
11725795_at,9.33203410836858,S1PR2,False
11726341_at,9.330597778376443,DPEP3,False
11731953_a_at,9.317898749054445,SLC4A8,False
11743772_a_at,9.316122796082345,LZTFL1,False
11758194_s_at,9.313232548097139,DPP4,False
11719381_a_at,9.307680373895272,PSENEN,False
11740378_a_at,9.30349553512362,AFTPH,False
11739193_a_at,9.289959704363437,SLMAP,False
11725145_a_at,9.275484965385198,MIS12,False
11724425_s_at,9.262697904219202,FAM98A,False
11757625_s_at,9.262128556393392,CD200,False
11720517_a_at,9.256766859127142,ZBTB4,False
11745234_a_at,9.252566953083802,HACD4,False
11749957_x_at,9.250955302545757,REEP5,False
11718636_a_at,9.2228786328084,JMJD1C,False
11735157_at,9.218845684014784,CYSLTR1,False
11721939_a_at,9.216595697806097,ADORA2A,False
11756817_a_at,9.212218014593505,FCER2,False
11746053_x_at,9.207215811691391,LOC100996720,False
11744954_x_at,9.206641952069859,ANXA1,False
11724720_a_at,9.20207600408427,GALNT12,False
11725979_a_at,9.198663153872754,CALB1,False
11721648_at,9.193016422878985,GPATCH4,False
11761467_x_at,9.1897780771542,IGHG3,False
11726728_a_at,9.188112093688067,NABP1,False
11727834_at,9.185022319246428,WDR43,False
11742454_s_at,9.184964182929058,PHF20L1,False
11760221_at,9.181015253141494,CASP4,False
11720363_at,9.171207124280222,PHIP,False
11740722_a_at,9.166318935820168,IL1RN,False
11733929_a_at,9.149819093454024,ARMC8,False
11741775_a_at,9.143065489989139,IL24,False
11727604_a_at,9.133718991384741,EPB41L4A,False
11716377_s_at,9.131090968968888,GRN,False
11750802_x_at,9.130628327158904,LIMK2,False
11736987_a_at,9.12989637742593,NUBPL,False
11739963_x_at,9.113119399908406,FDXACB1,False
11730613_at,9.107776562334147,MBOAT7,False
11759383_at,9.09881501374612,KRTAP20-2,False
11729907_a_at,9.094631651027012,METTL15,False
11758109_s_at,9.093641222104987,ZNF428,False
11728128_a_at,9.090977467442752,APTX,False
11735540_at,9.08424568919989,WEE2,False
11742785_a_at,9.081063988395808,SETX,False
11733860_a_at,9.073813385221914,CLASP2,False
11719121_a_at,9.073131138465316,PPP1R14A,False
11728763_x_at,9.069972145685108,GAL3ST4,False
11751252_a_at,9.068013344069108,GNB4,False
11721048_s_at,9.061226027185377,N6AMT2,False
11736030_a_at,9.0598107513809,SLC16A3,False
11734090_s_at,9.054451404567086,C5orf42,False
11744920_a_at,9.040088585674127,ODF3B,False
11728945_x_at,9.02147007175641,LST1,False
11716982_at,9.020210657662782,CMSS1,False
11733616_at,9.014202698610953,HNMT,False
11727558_a_at,9.009840626433519,TK2,False
11722996_a_at,9.008132794360455,NOL11,False
11718276_x_at,9.00704224620096,IFRD2,False
11757829_a_at,9.003851052787338,HACD3,False
11736836_at,9.00346106045887,TPCN2,False
11758081_s_at,8.996819297583139,ENSA,False
11726852_a_at,8.996705382733358,CECR6,False
11719749_a_at,8.993015392514629,EBPL,False
11730385_at,8.986875410202952,GREM2,False
11733127_at,8.986218171724472,SLC25A26,False
11720976_at,8.984576116416873,WIPF2,False
11752748_x_at,8.947815967315245,MRS2,False
11759869_x_at,8.934734753627133,PJA1,False
11759519_a_at,8.928463823092006,SUCLA2,False
11754446_x_at,8.917279705649875,ZNF761,False
11721275_a_at,8.917276722384688,TADA1,False
11734621_x_at,8.915743372723513,VPS13B,False
11733599_s_at,8.912208820334254,METRNL,False
11760586_at,8.911013022585049,DHX57,False
11737132_a_at,8.898868356658102,PCDHGA10,False
11719221_a_at,8.897308732268705,CD79B,False
11758613_s_at,8.89699242315662,ZNF507,False
11756058_a_at,8.89655306576656,CEACAM1,False
11757230_at,8.894535686423847,CHODL-AS1,False
11759727_x_at,8.891664386259825,C14orf159,False
11757464_x_at,8.891247722345858,PLXNB2,False
11737011_a_at,8.886309317915071,APLF,False
11722630_a_at,8.88375356665612,ICE2,False
11715396_s_at,8.866710129753884,BLOC1S5-TXNDC5,False
11721879_s_at,8.861231587559514,ARID4B,False
11756287_a_at,8.855229291134812,AOAH,False
11754649_s_at,8.849782699194016,ITK,False
11717774_a_at,8.838056506484735,PLEKHB1,False
11733982_a_at,8.808975961639547,PDK1,False
11744133_s_at,8.802205082226456,ZSWIM6,False
11717016_a_at,8.788228732475496,LAMTOR2,False
11740080_at,8.764843685399413,CXorf21,False
11730270_a_at,8.761373173031208,NIPBL,False
11739171_at,8.758380786606045,G2E3,False
11743089_a_at,8.744538424033998,LRRC6,False
11750599_a_at,8.743466969824757,OSBPL6,False
11727393_a_at,8.742257867406497,COX15,False
11757489_x_at,8.737469545929887,RPL22,False
11728318_at,8.733575008044284,FAM122A,False
11763006_s_at,8.730600632789189,TRAV21,False
11754873_a_at,8.730415661561233,ZNF641,False
11743149_at,8.711641019786894,ZNF22,False
11733157_a_at,8.705344887683856,CCDC50,False
11762903_at,8.703703826455556,LAPTM4A,False
11724274_s_at,8.698080215651288,PTPRK,False
11722009_a_at,8.69124044769501,CLIC1,False
11737160_at,8.690359392327435,PLIN5,False
11723660_x_at,8.687320877631395,UBIAD1,False
11733620_a_at,8.683416576136214,BCL11B,False
11718085_s_at,8.6789899624962,LYN,False
11730730_s_at,8.67515008283442,PTRF,False
11759300_s_at,8.668348535346755,AKAP10,False
11753716_a_at,8.660607807359666,AP4S1,False
11728720_at,8.658301689819814,RHOH,False
11755713_a_at,8.656265980825095,CLEC17A,False
11729387_x_at,8.649274690397858,RPL31,False
11723032_a_at,8.642600330764735,PLP2,False
11716257_s_at,8.630938111199407,RERE,False
11721961_at,8.628341133311284,RC3H2,False
11746454_a_at,8.628277840563733,USP15,False
11722495_a_at,8.62623403394385,MYBBP1A,False
11717271_a_at,8.62475785867507,PRAME,False
11759546_a_at,8.616372755766298,CXXC5,False
11726885_s_at,8.61003853069922,C15orf41,False
11759117_at,8.608039702334494,FBXO42,False
11743084_s_at,8.603475008882587,BNIP3,False
11716105_a_at,8.60312714526218,MPZL1,False
11722601_a_at,8.594051968560025,ACAT2,False
11735171_at,8.5767789891639,TM4SF20,False
11737791_s_at,8.567804450862273,APOL1,False
11732425_at,8.567638927940036,ANKRD22,False
11757953_x_at,8.563906773786037,TTC39C,False
11721189_at,8.55380268746186,CNPY4,False
11761427_at,8.553262936834894,DOCK8,False
11761824_at,8.546716119172915,NSAP11,False
11719353_s_at,8.546399406255283,GCC2,False
11743031_a_at,8.54449837034053,S100A6,False
11716828_a_at,8.538084962607092,NPC2,False
11745624_s_at,8.529441330723154,INADL,False
11727112_a_at,8.526995528395034,SIT1,False
11739647_a_at,8.525555664368113,PRKAR2A,False
11718500_at,8.522329570157801,UBE2Q1,False
11716004_at,8.517935834689387,FAF2,False
11722023_a_at,8.511575878553224,ABCF2,False
11723205_a_at,8.502359546658555,PGD,False
11718216_x_at,8.501074628758033,DDA1,False
11735782_a_at,8.499501838461647,HHLA3,False
11724841_a_at,8.498796701516348,PKN2,False
11743748_a_at,8.49768840550007,LAT,False
11762810_x_at,8.490119366316494,CASP8,False
11724739_s_at,8.483001533534395,TMEM204,False
11760505_s_at,8.482980304480895,LOC100506486,False
11755250_x_at,8.477073250150331,RPL13A,False
11757845_s_at,8.47481759153667,ENDOD1,False
11723239_a_at,8.469755511607064,GNG7,False
11732301_at,8.466523901059594,IL23A,False
11739672_x_at,8.456328768707172,ZNF253,False
11716703_a_at,8.454446562163087,PRKACB,False
11758436_s_at,8.453225862768466,SEC62,False
11743609_a_at,8.442277059405546,FAM3C,False
11722304_a_at,8.433624911968293,LRRFIP1,False
11757419_a_at,8.432747193908952,UXT,False
11754925_a_at,8.43219340299482,SYK,False
11728421_a_at,8.420212484816247,PLA2G7,False
11728184_a_at,8.40593194932369,PLEKHA7,False
11759543_at,8.405556427793345,PRMT2,False
11745503_x_at,8.395032608860483,TSPO,False
11732294_a_at,8.383322926462608,ZNF566,False
11744593_x_at,8.382465937629712,GRASP,False
11731744_a_at,8.37659930437721,TRDMT1,False
11721547_s_at,8.37442307389305,ZEB1,False
11725714_a_at,8.371822116437976,RPS14,False
11760084_x_at,8.367686794969368,LOC254896,False
11728976_at,8.367437627513707,ZNF792,False
11756661_a_at,8.35492845296391,DARS,False
11719051_a_at,8.347540040481354,CEP350,False
11763195_at,8.342837671416767,ARAF,False
11745980_a_at,8.340368526134558,DIMT1,False
11719669_a_at,8.338497264583516,SMYD5,False
11758172_s_at,8.333539716833647,SLCO3A1,False
11721343_a_at,8.33161375424542,NCOA1,False
11748017_a_at,8.33101385092349,PECR,False
11726377_at,8.327128433896638,FAM50B,False
11761838_at,8.32070242965096,AFF1,False
11756371_a_at,8.308678567733201,VSIG4,False
11717310_a_at,8.307523168093734,GNL3,False
11733935_a_at,8.307311950764726,GEMIN4,False
11755325_s_at,8.303327001639982,NPTX1,False
11721195_s_at,8.301897385594334,RRP1B,False
11753996_x_at,8.296938982348031,HSPE1,False
11722174_a_at,8.291877878840749,UQCC1,False
11755542_a_at,8.286409922803754,ZNF671,False
11722465_a_at,8.285142942988118,C17orf80,False
11737408_a_at,8.273724892044976,TIRAP,False
11726690_a_at,8.265160597091436,STAT1,False
11732627_at,8.263937147172035,NEMP2,False
11726590_at,8.257464588372468,ELOVL4,False
11734830_a_at,8.256922374382134,SUV39H2,False
11724133_s_at,8.24910842631366,SLC12A2,False
11763640_x_at,8.248651066437498,IGKV1-39,False
11730958_a_at,8.245351857627409,CHCHD4,False
11760107_a_at,8.238431146214982,PHF10,False
11744495_a_at,8.238352132039052,IFT46,False
11721665_a_at,8.238168984805492,PLA2G16,False
11730474_at,8.23513703981281,PDE3B,False
11760535_at,8.220425441397625,VNN3,False
11762529_at,8.218536245672874,FERMT1,False
11724883_a_at,8.217762465413415,HAPLN3,False
11734550_x_at,8.216091008462827,TGFBI,False
11739410_x_at,8.215990473062295,KMT2C,False
11753997_a_at,8.210828231194968,RLTPR,False
11757186_a_at,8.20810930787514,HK3,False
11758354_s_at,8.20218982710625,RNPC3,False
11725602_at,8.201700798250908,DENND5B,False
11754445_a_at,8.200051171210928,C12orf29,False
11759541_at,8.194765347208415,RPL35A,False
11758911_at,8.19361677947696,DYRK2,False
11738247_a_at,8.192523767092547,TNNT1,False
11763326_s_at,8.190027659941476,FER,False
11761067_at,8.187622053886223,TALDO1,False
11724815_at,8.175965136109314,MED13L,False
11760529_x_at,8.166490241913705,RDM1,False
11737103_s_at,8.160796759059819,GDAP2,False
11744462_x_at,8.15969664927404,PCID2,False
11758508_s_at,8.149178553878116,ZNF548,False
11717652_s_at,8.14880264669771,SPRY1,False
11716753_x_at,8.147370828927514,GNS,False
11722226_s_at,8.146469182165193,SDHAF3,False
11733869_a_at,8.139932533209524,HLA-DOA,False
11715462_x_at,8.137589666717737,LYZ,False
11750033_a_at,8.135297604999922,ITGAX,False
11758907_at,8.130362914067959,ZNF827,False
11724777_at,8.127862771059727,PGM2L1,False
11733331_at,8.126225938657045,CCDC170,False
11757538_a_at,8.121946089337591,GOT1,False
11716163_s_at,8.117930416610843,CIAPIN1,False
11737078_a_at,8.114023885323123,CARD16,False
11754412_x_at,8.107054854246202,CLUAP1,False
11745782_x_at,8.103921702254501,ZNF540,False
11732630_a_at,8.101846832014179,ZNF765,False
11745122_a_at,8.080759693666167,FNIP1,False
11717963_a_at,8.076570303080691,KRAS,False
11718327_a_at,8.075839903553502,WWC3,False
11724683_a_at,8.070024325968188,CD300A,False
11730845_a_at,8.0690035704595,PIK3R3,False
11718064_a_at,8.056287473547933,S100A4,False
11763336_at,8.055425918077322,DKFZP586I1420,False
11734680_a_at,8.05459622323893,ATG4B,False
11758345_x_at,8.053990689037919,CCL3P1,False
11719717_x_at,8.044558422009318,PPP1R14B,False
11763382_a_at,8.041007711272682,NUMB,False
11747842_a_at,8.04010735231185,MXRA8,False
11717970_at,8.022221749207016,FAM20B,False
11747476_x_at,8.015994261030782,SPIDR,False
11719592_at,8.012569119774184,GLTP,False
11728206_a_at,8.012315428592418,FAM120A,False
11757261_at,8.009295683526394,SCARNA14,False
11723630_a_at,8.008935083660669,CRYBG3,False
11758318_s_at,8.000221618590304,CSTB,False
11759039_at,7.99774468646382,SVIP,False
11718896_x_at,7.984830311437257,SPAG9,False
11734498_a_at,7.980034652934407,SNX22,False
11729402_at,7.979356502529866,ZNF285,False
11724385_a_at,7.978299310649993,HYLS1,False
11723115_s_at,7.972424555052231,MTX3,False
11745981_a_at,7.964654886804779,GRAMD1C,False
11762614_at,7.96447849079129,TRIM63,False
11730288_at,7.957982346880718,ARHGAP5,False
11729956_a_at,7.954005468522384,KNG1,False
11754942_x_at,7.953558869575407,C17orf62,False
11726934_x_at,7.948439293699914,SOX12,False
11749713_a_at,7.937115574664649,KBTBD6,False
11739696_s_at,7.935667621154658,AFF3,False
11752509_s_at,7.930447199317203,PSAP,False
11756064_x_at,7.927524935983241,CBWD1,False
11724809_at,7.926873108235261,CBL,False
11762183_at,7.925866263661506,CR1,False
11761390_a_at,7.923412482632228,ANKRD10,False
11739214_at,7.918307342553168,SLC25A23,False
11732726_x_at,7.905290082502918,PIGW,False
11715110_at,7.902602424446402,ARRDC5,False
11729242_at,7.886172491698521,FBN2,False
11743040_x_at,7.885754934771175,CRTAP,False
11717815_at,7.884277135268253,ZBTB5,False
11719624_a_at,7.883336469348374,PLEKHM1,False
11727248_a_at,7.873458730764887,MYH3,False
11745311_a_at,7.870459143972143,SH3GLB2,False
11758119_s_at,7.865696345792563,TMEM41B,False
11741066_a_at,7.860702055734191,SUMF2,False
11751249_a_at,7.860569354048062,SPATA20,False
11758027_s_at,7.859377063164848,HOOK1,False
11723664_a_at,7.858903541700559,SREBF2,False
11761303_a_at,7.852014966169267,POLR1C,False
11729160_x_at,7.850984281742917,UCP2,False
11763255_x_at,7.841980919421463,IGLJ3,False
11751506_a_at,7.839439094938286,ZNF471,False
11744264_a_at,7.837513922803717,SEC11C,False
11746299_a_at,7.834709258583882,CNTLN,False
11728901_a_at,7.8339827830420905,DAPP1,False
11735813_a_at,7.821734864674796,C8orf59,False
11719784_x_at,7.817392966549522,RPS23,False
11734827_at,7.815174599803781,SPRED1,False
11752426_a_at,7.813480785757933,CAMTA1,False
11739733_a_at,7.8088393181749,CPEB4,False
11732915_a_at,7.806264374380369,KCNT2,False
11723911_a_at,7.805763109774943,GAB3,False
11721577_at,7.790714089233088,TNF,True
11735361_x_at,7.774811923145271,FCRL2,False
11750531_a_at,7.767537659055933,PYCARD,False
11724033_s_at,7.766472884842375,CD2AP,False
11740974_a_at,7.761414670846925,CYFIP1,False
11752577_at,7.757213216324116,FTH1,False
11727285_at,7.753824094350238,HSF5,False
11716800_at,7.746386377444515,FADD,False
11715501_s_at,7.743686632117661,IGFBP7,False
11725286_s_at,7.738149640210114,ANKS6,False
11715543_x_at,7.730729421886368,RPS8,False
11720921_s_at,7.729140979768364,ACAA1,False
11715495_a_at,7.716852272854492,RPS25,False
11721093_a_at,7.7088028137173366,THBS1,False
11720498_at,7.7062179299329046,CDC42EP3,False
11736916_a_at,7.705955955909408,C17orf58,False
11717058_x_at,7.705722193228505,RPL5,False
11728587_a_at,7.700010089349575,PARD6B,False
11738183_a_at,7.698493337195084,NLRP3,False
11763897_at,7.694958254774222,SNORA77,False
11739080_s_at,7.692743648734972,DNAJB4,False
11759746_a_at,7.689931762486051,ARHGEF28,False
11734295_x_at,7.688217929993458,ZNF772,False
11733739_a_at,7.6874592860973685,B3GNTL1,False
11763304_at,7.683750391126829,TJP2,False
11756952_a_at,7.683570247298125,TKT,False
11751380_x_at,7.683186946335983,BEST1,False
11728009_at,7.682614523242665,VPREB3,False
11729711_at,7.6819285063104985,MARS2,False
11759564_x_at,7.680266359949106,RPS2,False
11731661_s_at,7.679560225229447,DBP,False
11754260_a_at,7.67915145629188,NBR2,False
11745262_at,7.677788505425561,IGHV5-78,False
11726459_at,7.6763397556972,FAM117B,False
11732862_a_at,7.671456865092554,C2orf74,False
11744049_at,7.66842065196686,MAP1B,False
11747425_a_at,7.653444800175187,NUP214,False
11750521_a_at,7.6491819093877735,KCNIP4,False
11752332_x_at,7.6483559994423596,MEFV,False
11729148_a_at,7.6464972952770225,SMDT1,False
11738623_s_at,7.638032040881451,ZNF268,False
11720736_a_at,7.637404333057196,LRRC14,False
11722540_a_at,7.632996890529761,LCLAT1,False
11742911_at,7.631230472871073,IGSF6,False
11739493_at,7.6311662754808545,MGAT4A,False
11723073_at,7.630340673758832,BCL9L,False
11740431_s_at,7.615891482932319,ZFP62,False
11729274_a_at,7.613483840483785,GBP5,False
11756201_x_at,7.607296201717072,CHI3L2,False
11754095_a_at,7.601652634469767,TAGLN,False
11726437_a_at,7.601078514576291,CMTM8,False
11742910_a_at,7.599572885517346,ANKRD50,False
11747921_a_at,7.594990798407195,PUS1,False
11732231_a_at,7.589638742319964,ORAI2,False
11739773_a_at,7.587979643467158,SNX20,False
11755169_s_at,7.578014073966657,RP9,False
11738124_x_at,7.575291074739206,SIGLEC10,False
11731508_a_at,7.575207307487977,ZNF649,False
11752799_at,7.572696466737799,LOC100131131,False
11716263_s_at,7.5687754489971075,LEPROTL1,False
11754207_a_at,7.5669117187626025,UBE3D,False
11737978_a_at,7.566696368976201,NIM1K,False
11740295_a_at,7.565201268520646,ZNF30,False
11717155_a_at,7.5582722801505176,NME1,False
11731900_s_at,7.553192506486318,PPAT,False
11749153_a_at,7.552508538036681,KLHL18,False
11744904_a_at,7.539579014825,ORM1,False
11717779_at,7.535948676301948,DHX35,False
11720740_a_at,7.534149675864555,MCF2L,False
11717326_at,7.531108638328922,KLF9,False
11741427_a_at,7.5305016514931395,OSBPL1A,False
11741719_a_at,7.527687087328342,ADAR,False
11721217_s_at,7.52628003413038,TMEM106B,False
11716918_a_at,7.52617100267072,NAGK,False
11742956_a_at,7.52315504931581,ITFG2,False
11721347_a_at,7.522068040150295,MPEG1,False
11762364_at,7.521525233912483,AKAP9,False
11727035_at,7.519663913548115,USP11,False
11724440_at,7.517494045691605,LNX2,False
11739341_a_at,7.5154430409000375,TGDS,False
11717201_at,7.513848380082554,DNTTIP1,False
11717246_x_at,7.513506735909709,LSM4,False
11721657_at,7.510893811738086,LMO4,False
11730700_a_at,7.501098077020289,C11orf49,False
11746118_a_at,7.494920994627069,SYNCRIP,False
11757800_s_at,7.487748497224558,NFIB,False
11722868_a_at,7.48320345686322,RAD1,False
11759281_at,7.474202929927572,SERINC5,False
11753082_a_at,7.462907698199899,ZDHHC15,False
11729687_at,7.460744187198077,LYRM7,False
11715755_a_at,7.456990520680989,ATIC,False
11736619_a_at,7.449397291599271,ALDH5A1,False
11716420_s_at,7.44844366722422,SPTBN1,False
11746458_s_at,7.4392840408560765,LOC102724229,False
11723323_at,7.427331609959553,TDP1,False
11717695_a_at,7.4260416236033855,TYSND1,False
11755697_a_at,7.425967130600011,LGR6,False
11762940_x_at,7.418181788053187,HLA-C,False
11719670_a_at,7.407754252529536,RCAN2,False
11729239_x_at,7.407106166113773,CSRP2,False
11719160_at,7.404127914711234,RAPH1,False
11763381_a_at,7.403334618753438,STYXL1,False
11724164_a_at,7.398951913016444,RUBCN,False
11729576_a_at,7.398649779448972,TM9SF4,False
11733971_s_at,7.394911453417479,PCDH18,False
11756191_a_at,7.390666296201352,MAN1C1,False
11758817_x_at,7.389943262944877,RRP7A,False
11741386_a_at,7.388664150865315,NRF1,False
11742889_at,7.384072370703256,FBXO6,False
11740401_s_at,7.381930373843837,THAP5,False
11729068_at,7.377359835109891,MYH8,False
11718373_at,7.373895017998507,DHRS7B,False
11748797_a_at,7.371042100889667,AGPAT4,False
11723483_at,7.368080184904398,GAR1,False
11733921_a_at,7.36571805087135,GJB6,False
11733542_a_at,7.360576630714657,TMED6,False
11745918_a_at,7.359636650889158,USPL1,False
11752824_a_at,7.353238952545761,PLSCR3,False
11755211_a_at,7.350772277081409,DICER1,False
11758830_at,7.341451672251835,SLA,False
11756968_a_at,7.337696011560727,RBM28,False
11728276_s_at,7.3345471588739715,PLA2G12A,False
11726318_s_at,7.333263376510401,EEF1G,False
11759885_at,7.332124515126659,RIMS1,False
11719574_a_at,7.33083704424255,RINT1,False
11746391_a_at,7.322834720980289,C5orf28,False
11757305_x_at,7.318260763126612,RPSA,False
11717437_x_at,7.313354126640388,TOP1,False
11754219_a_at,7.3107472867187555,SIPA1L1,False
11745874_a_at,7.308317671867318,EVL,False
11717598_s_at,7.307648166209214,SMPD1,False
11740603_a_at,7.307458077111158,APH1B,False
11735085_at,7.302576725651864,FREM2,False
11723194_x_at,7.297400101685381,HLA-DRB1,False
11755427_a_at,7.296800471096675,GUCY1A2,False
11726642_a_at,7.296299397720012,PEX3,False
11721927_at,7.295449133058116,TMC8,False
11723163_s_at,7.294045538381439,NR3C2,False
11717609_a_at,7.28899803863651,MEN1,False
11741960_a_at,7.288015797140473,ADAM9,False
11755997_a_at,7.287660016525674,SAMD9L,False
11752490_x_at,7.287510541152475,NMUR1,False
11717730_s_at,7.283526891976607,SQLE,False
11739443_a_at,7.283068694825955,CCDC71L,False
11741440_x_at,7.2802422098068105,PLPP5,False
11725510_a_at,7.279708835088447,SLC7A6,False
11758645_s_at,7.27603466146158,EIF4EBP2,False
11751894_x_at,7.27506731160714,GPR155,False
11743485_s_at,7.273653103739458,NAA25,False
11732872_a_at,7.2732012968644595,MTRF1,False
11731461_x_at,7.273066656875605,CPM,False
11732322_at,7.26447118436406,FXN,False
11733676_x_at,7.26344933249218,TEKT4,False
11716687_x_at,7.261549917193504,ABR,False
11762996_x_at,7.260443334196797,YME1L1,False
11720830_at,7.255823038565391,C1orf21,False
11744357_a_at,7.2516465580635705,TACC1,False
11749232_a_at,7.250875548997408,ZCCHC6,False
11746439_a_at,7.2498010881287245,GLO1,False
11717659_at,7.237071615998453,CD109,False
11715430_a_at,7.235197142961551,AKR1B1,False
11758031_s_at,7.230826357700721,BHLHE41,False
11720421_at,7.224378036497391,AFF4,False
11737525_at,7.224254218596894,CEACAM4,False
11762989_s_at,7.22365967124526,TRAV38-1,False
11733992_a_at,7.219618617050144,TMEM150C,False
11723429_s_at,7.21721516563487,TPP2,False
11746309_a_at,7.217203829333346,SLC15A3,False
11757616_s_at,7.209117674269409,C14orf1,False
11729766_x_at,7.206592892514101,ZNF331,False
11742888_s_at,7.201448904584445,GCSH,False
11721035_x_at,7.199929185802955,PPP1R3B,False
11745337_a_at,7.193360267164545,DNAJB12,False
11728696_x_at,7.189243482461051,DUT,False
11722378_x_at,7.186293714664179,PNPO,False
11743331_a_at,7.183842319921869,KIDINS220,False
11735173_a_at,7.173727759236472,SNRPN,False
11746596_a_at,7.1734687583771874,NADK,False
11733559_a_at,7.1725616748773735,EDAR,False
11725901_x_at,7.170965245905296,RWDD3,False
11729672_x_at,7.167412716963998,FAM200B,False
11743731_a_at,7.16516754138197,TNFSF10,False
11754971_a_at,7.1539224733420586,TARBP1,False
11755772_a_at,7.151799255260883,FOXO1,False
11724225_a_at,7.150176754701573,GGCT,False
11735751_a_at,7.143790016930336,SLC43A3,False
11754886_s_at,7.141822186433313,SEPT11,False
11717608_at,7.140589658271335,VMA21,False
11715701_s_at,7.138810088214205,PFN2,False
11717205_at,7.13308675802896,RSAD1,False
11762867_at,7.132441572174006,ABCB4,False
11745235_at,7.131351839871065,DPYD,False
11725016_at,7.130387838159046,MAP9,False
11721422_s_at,7.130182091666494,SPAG16,False
11716443_at,7.128673691264027,RNF181,False
11759784_at,7.119474755907521,SVIL,False
11761758_at,7.119283103776991,PSMB9,False
11729255_a_at,7.118571716122964,GIPC1,False
11743866_at,7.106824384821672,MPHOSPH10,False
11723465_a_at,7.1018990382103375,CELF2,False
11746384_s_at,7.101184264417697,RICTOR,False
11739584_s_at,7.094004481653529,PRKD3,False
11744840_s_at,7.093898427801819,KPNB1,False
11717959_a_at,7.093406486952445,TCF3,False
11746744_a_at,7.0908677834854705,TBC1D4,False
11741810_x_at,7.090764051678026,BIN1,False
11758117_s_at,7.088374631718113,LRRFIP2,False
11721512_a_at,7.080351884587862,TIMM21,False
11728847_a_at,7.074625867488833,FAM179A,False
11749094_a_at,7.070179263746947,DSE,False
11730254_at,7.069390481590078,ELK3,False
11733630_at,7.069123542600185,LRRC10,False
11724210_at,7.0671577800182055,LMAN1,False
11762357_x_at,7.066779258394271,RGPD4,False
11736021_a_at,7.062917857733431,FKBP4,False
11748421_a_at,7.061455011666975,TMEM18,False
11730523_at,7.056808685188309,ISM1,False
11716374_s_at,7.052718681053639,PTK2,False
11732175_s_at,7.051123334403435,FANCF,False
11761945_at,7.050853740761522,ALPK1,False
11723021_a_at,7.048216985813564,BCKDHB,False
11723772_at,7.046438706166154,SMPD2,False
11740090_at,7.044526814508975,DPH6,False
11759250_at,7.040902428643584,SGSM1,False
11730139_a_at,7.0372857334234356,RIOK1,False
200017_PM_at,7.033070764090702,RPS27A,False
11745410_a_at,7.031558848838638,SLC36A1,False
11740024_a_at,7.030265401957193,RUFY1,False
11737835_at,7.021064526824805,CD58,False
11755719_a_at,7.020983888128923,MLLT11,False
11753267_a_at,7.015040151284418,PRPSAP2,False
11731139_s_at,7.010651663714653,KLHL8,False
11747220_a_at,7.010262350071195,COPG2,False
11745155_s_at,7.00983371764026,NCL,False
11720927_a_at,7.004627642583277,SRM,False
11757485_x_at,6.9992610635355,FAM129B,False
11757534_s_at,6.998643824482568,FAM198B,False
11718486_a_at,6.997872861260649,EI24,False
11729104_x_at,6.9924352288250065,UBA52,False
11756006_x_at,6.983558345061892,LCK,False
11762761_a_at,6.981061924423972,LOC100288114,False
11746001_x_at,6.978024083391574,ZNF252P,False
11725725_a_at,6.971801192122617,MICAL3,False
11740270_a_at,6.970153815023045,ZNF786,False
11761127_at,6.967673112063577,CEACAM3,False
11749695_a_at,6.967093911174937,NDC1,False
11732811_a_at,6.966358813400833,RIC1,False
11748876_a_at,6.965902943140809,RCBTB2,False
11750757_a_at,6.960131606470822,RPAP2,False
11754109_s_at,6.959935072659358,BIRC5,False
11756140_s_at,6.957381218330497,RPL4,False
11729977_a_at,6.9530581478076305,CXCR6,False
11724601_s_at,6.9528091471477325,ERAP1,False
11740824_a_at,6.95269988750143,TPTE2,False
11725879_a_at,6.9512378931075025,UBR2,False
11721437_a_at,6.949391127484469,STC2,False
11730991_a_at,6.947653287458819,EIF2AK2,False
11757684_a_at,6.9414240990333615,TPD52L2,False
11722656_s_at,6.940562679166123,STK17A,False
11720334_a_at,6.939617522480339,ZMIZ1,False
11717926_a_at,6.927929490121375,FOXK2,False
11748467_a_at,6.914167746873226,ALDH18A1,False
11723261_a_at,6.913561245629675,ZNF24,False
11726844_a_at,6.910296433205653,PLXDC1,False
11730247_a_at,6.907075858284859,PVRIG,False
11745768_a_at,6.905671316458322,NOTCH2,False
11718848_a_at,6.903451741246305,BEX2,False
11743852_a_at,6.902622175934378,FBXO21,False
11727628_x_at,6.900688339383577,ALKBH8,False
11745021_a_at,6.899851191776829,MYC,False
11758980_at,6.899321759423161,LINC01590,False
11752860_a_at,6.897720048548047,CD80,False
11717764_x_at,6.896692822278454,MGLL,False
11715125_at,6.895810323292919,MORC2,False
11727768_at,6.892837367657453,BNC2,False
11763152_x_at,6.891426209257176,CA6,False
11722932_at,6.891076390540533,CHML,False
11724909_a_at,6.8897521100163654,TMPRSS2,False
11722225_a_at,6.889195111830798,ADAM8,False
11751609_a_at,6.88907063324094,ADPRM,False
11721480_s_at,6.888916000795119,GOLPH3L,False
11755111_a_at,6.883292876196138,DLGAP4,False
11727344_at,6.883028264028394,ZNF354C,False
11723842_s_at,6.872103387075781,SNX11,False
11738707_at,6.8686902230510825,OR8J1,False
11746013_s_at,6.865827301240186,NCF1,False
11748198_a_at,6.864714497911197,NSG1,False
11722490_a_at,6.8643184681348774,HS1BP3,False
11737889_a_at,6.860844598443977,HRH4,False
11737768_a_at,6.859184810340648,PIAS1,False
11734715_a_at,6.8590871884982345,DBF4,False
11729958_at,6.857668463602878,SDK2,False
11719301_s_at,6.85590658442786,GRPEL2,False
11736526_a_at,6.853875088126186,CARD9,False
11725132_a_at,6.853598860828667,GCOM1,False
11744216_at,6.853154626332914,C15orf57,False
11757556_s_at,6.852219560210019,BLMH,False
11745098_a_at,6.851417242696612,SLC44A5,False
11754728_a_at,6.849178049909995,MAL,False
11724552_s_at,6.8467743399384275,HPCAL1,False
11761046_at,6.844842120811575,RNF34,False
11718895_at,6.8395071748018825,RFC1,False
11745897_a_at,6.8366611755478495,CD19,False
11715982_a_at,6.834876365757813,DUS1L,False
11748899_a_at,6.833153980520026,CD244,False
11763413_at,6.831772937548342,ASAP1-IT2,False
11725277_a_at,6.8307590335204535,TRIM6,False
11731239_x_at,6.828680488054671,GRHL2,False
11724008_a_at,6.828297393116757,ENTPD1,False
11738489_at,6.824145631918762,GPR174,False
11715680_s_at,6.820850397248262,C12orf57,False
11715819_a_at,6.819151101008009,LRPAP1,False
11727731_at,6.806509318275064,RASGEF1A,False
11759070_s_at,6.803625443960003,ZNF551,False
11726895_a_at,6.801908119026476,IRAK3,False
11740318_s_at,6.800781668343046,KCNJ3,False
11724338_a_at,6.788852329956043,SLC35F1,False
11756066_a_at,6.788563886087357,LRRC23,False
11726586_at,6.78817284982238,MAGEE1,False
11754928_x_at,6.7871189753193795,MYOF,False
11725627_at,6.78125791419548,NIPAL3,False
11749299_a_at,6.7785796982235675,WDR77,False
11756760_a_at,6.776746439087629,GCDH,False
11763976_at,6.771971481901072,MRPS11,False
11740238_a_at,6.770971896619912,SULF2,False
11717828_a_at,6.770541210314726,LTBR,False
11734216_a_at,6.769858444531021,MPP7,False
11758438_s_at,6.767205109883289,CD36,False
11739847_x_at,6.766988215989369,MSR1,False
11742455_a_at,6.766229411934942,DPF3,False
11750080_a_at,6.751736545436903,DDB2,False
11759932_at,6.751204234054136,CLK4,False
11732119_a_at,6.749815633127326,USP10,False
11745173_a_at,6.7471468634509915,ATF6,False
11737650_at,6.7446417701040495,ANKFY1,False
11740065_at,6.742743080864941,IL17RA,False
11736646_at,6.741051608645641,WWP2,False
11738104_a_at,6.738016280684937,PPM1L,False
11719806_a_at,6.735392827717549,ASPN,False
11759037_s_at,6.734867170051312,IL6ST,False
11716554_a_at,6.730101782384605,HLA-DMA,False
11737606_s_at,6.727979979976299,ZNF438,False
11736184_a_at,6.721281651630225,FSCB,False
11727212_a_at,6.715334700584555,DTWD1,False
11737017_a_at,6.715287221133071,PPP1R12B,False
11735996_x_at,6.713294693565349,USP14,False
11751687_a_at,6.712310650470716,EDEM1,False
11749773_x_at,6.709483943794328,GBP1,False
11734987_a_at,6.70922269164159,ZNF418,False
11761671_a_at,6.707287848100799,ETV7,False
11763293_at,6.701826657194547,ZSCAN9,False
11733253_a_at,6.700948473058691,FBLN2,False
11737318_a_at,6.700570766016757,ZNF546,False
11757725_a_at,6.696379064156037,NHP2,False
11726344_at,6.695411934886403,GPA33,False
11737933_a_at,6.687610595259835,TSPAN18,False
11738907_at,6.685113240040013,OR52L1,False
11761351_x_at,6.681819034014408,SYNGR1,False
11754362_a_at,6.678204776566015,TTC7A,False
11722449_x_at,6.676158849669587,TYMP,False
11722349_a_at,6.675164084858716,LIME1,False
11721640_x_at,6.66599378683188,ABHD8,False
11728292_at,6.6646710160303915,SH2D1A,False
11716902_a_at,6.66459281525256,TGOLN2,False
11740669_x_at,6.664405534713694,KLRF1,False
11755385_x_at,6.662880718270074,BTBD2,False
11746861_a_at,6.662384731168529,CACNA2D4,False
11727130_a_at,6.659601799023128,CPD,False
11762685_x_at,6.657080329925195,LILRB3,False
11745038_s_at,6.65288119726591,FRAT1,False
11715368_a_at,6.652746957092019,SERPING1,False
11742967_a_at,6.649259592468054,MTERF4,False
11748712_a_at,6.647963503036734,PPRC1,False
11752100_s_at,6.642562434182943,E2F3,False
11731576_a_at,6.6402410484317445,CTBS,False
11743024_at,6.639424918915494,ATP7A,False
11739715_at,6.637407329822628,NCOA2,False
11719515_at,6.631949444340139,ADNP2,False
11741676_at,6.6309128635996,MANEAL,False
11732133_a_at,6.63083513759951,IDS,False
11733828_x_at,6.630208864355081,C19orf48,False
11724893_at,6.627420308668152,GATAD2B,False
11763320_x_at,6.622294716568394,GLS,False
11727830_at,6.618553692715231,SNAP29,False
11717196_a_at,6.616561062807835,MEST,False
11715749_s_at,6.615651378579473,SSRP1,False
11720739_s_at,6.615334194533861,ITPKB,False
11725643_a_at,6.614967094505196,MRPS26,False
11744632_a_at,6.613588466315139,COX11,False
11762638_x_at,6.611084768119644,SSH2,False
11763523_at,6.606346249405241,ATP6V0D1,False
11722106_a_at,6.5919858349896545,PCNX,False
11759884_a_at,6.590331043337509,MLLT10,False
11732422_at,6.589474793602697,ZNF234,False
11729818_s_at,6.588987584584496,IGF1,False
11761482_x_at,6.5876733376187735,MPI,False
11726479_a_at,6.583995006906512,MX2,False
11727925_a_at,6.581942609552218,PLD4,False
11751345_at,6.580384381899027,GOLGA8J,False
11755343_s_at,6.576319492686805,SETMAR,False
11726055_at,6.575480109808778,B3GALT4,False
11740967_at,6.57448060984634,LOC391322,False
11726921_a_at,6.574435819923003,ARSG,False
11742666_s_at,6.571513214033085,RPS28,False
11718678_a_at,6.56968634431327,PSEN1,False
11743542_s_at,6.568153472515518,CEP57,False
11740937_x_at,6.5670241083869225,LIAS,False
11734698_s_at,6.56604259327015,GOLGA8A,False
11717677_a_at,6.565071351889834,CYFIP2,False
11758363_s_at,6.565022431314809,SPTAN1,False
11726122_at,6.562978745038059,MYO1F,False
11762047_at,6.562935765465939,USP32,False
11752929_a_at,6.562123130419699,SIDT1,False
11739368_a_at,6.556506924913421,DMXL2,False
11759481_at,6.554674089472547,COPB1,False
11753980_a_at,6.550133792990173,PXYLP1,False
11746885_s_at,6.547439985317483,RAD52,False
11720187_a_at,6.546720691606188,SLC27A3,False
11734752_a_at,6.545074916767214,ARHGAP24,False
11755943_x_at,6.5430677249590605,VIM,False
11759930_at,6.5423289417427215,PHTF1,False
11760264_s_at,6.54188161231617,POLR2J2,False
11743530_a_at,6.54186956899407,CENPK,False
11736325_at,6.541074697426477,SWSAP1,False
11717499_at,6.5387047728078675,SLC25A36,False
11725708_at,6.537843627127322,WDHD1,False
11720545_at,6.536379695223247,ANGEL1,False
11743113_x_at,6.535537329192361,S100A10,False
11755235_a_at,6.530778645028963,FAR2,False
11719130_s_at,6.5216658334715705,POLR3D,False
11726367_a_at,6.518776744554641,ERICH1,False
11758644_s_at,6.511991587166101,ZNF639,False
11727163_a_at,6.50645308308098,ACVR2A,False
11756581_s_at,6.502874055396692,PRSS23,False
11722444_s_at,6.5012725525149095,ELP5,False
11725530_a_at,6.501149653205063,DSC2,False
11732482_a_at,6.499019011058649,PEX13,False
11747580_a_at,6.492581622023837,PGS1,False
11719432_at,6.489859270287754,KIAA0513,False
11756252_x_at,6.488645783569362,KLHDC3,False
11739342_a_at,6.48629393663129,TNFRSF10C,False
11759263_at,6.486072531266115,KRTAP3-3,False
11744939_x_at,6.480574844728796,C11orf74,False
11751230_a_at,6.477166380165446,PSAT1,False
11737145_s_at,6.477065758575195,SH3YL1,False
11725949_x_at,6.472948658983711,KRI1,False
11761636_at,6.472906327817696,SLAMF6,False
11735181_a_at,6.469839739530227,DLX2,False
11723373_a_at,6.468042291411805,EPHA1,False
11740212_x_at,6.464778477293639,PIK3CG,False
11738090_at,6.463338205407683,C5orf56,False
11734477_s_at,6.4591670526307885,SPATA9,False
11716795_s_at,6.457484079387279,IFI16,False
11746697_a_at,6.457431392367883,SLC3A2,False
11748413_s_at,6.454800659521461,DDB1,False
11719638_a_at,6.4546971732294995,NEK3,False
11748188_a_at,6.454331131126235,NAGA,False
11720145_a_at,6.447971847493813,CCSAP,False
11763707_at,6.447675374126913,CCDC93,False
11727816_at,6.447629774029424,UBASH3B,False
11720891_a_at,6.441841686385573,USP20,False
11753930_a_at,6.440125207293682,ZNF821,False
11749208_a_at,6.434731890671433,ELL2,False
11760344_at,6.434324914922795,ATP10D,False
11748087_a_at,6.429309550942805,C10orf2,False
11743076_a_at,6.4277309540287355,PRKRA,False
11724038_a_at,6.427170782076513,PTGS2,False
11744515_a_at,6.426384907390843,SLC25A38,False
11729968_x_at,6.4170068151836945,CLYBL,False
11718461_at,6.412158206296212,SLC39A11,False
11755218_a_at,6.40576151269683,ZNF135,False
11739526_a_at,6.403531758048482,LPP,False
11755291_a_at,6.40147287981313,DENND2D,False
11739484_a_at,6.399352923329222,CCDC88A,False
11716286_at,6.397549763091989,VAMP3,False
11743753_x_at,6.39719611060563,ZFAND5,False
11757167_x_at,6.396958568601119,HSPA8,False
11734051_a_at,6.396343401158355,TRAT1,False
11733889_a_at,6.387855607593693,DNTT,False
11740020_at,6.387152478044812,OTC,False
11733297_at,6.381906101955958,CYP4F3,False
11721996_a_at,6.381208915769769,PARP14,False
11741945_s_at,6.37827562042178,NHSL2,False
11715657_a_at,6.377300390161517,GLB1,True
11745040_a_at,6.376312115416279,SUSD1,False
11740745_a_at,6.372082698948677,OPA1,False
11715834_x_at,6.3674303000905725,RUVBL1,False
11735551_a_at,6.36502302121955,FCRL6,False
11756526_a_at,6.3607886825013455,MRPL48,False
11744501_a_at,6.36071301772977,ASXL1,False
11750847_a_at,6.355931678607117,ANKRD44,False
11721738_a_at,6.355390238657125,LATS2,False
11727729_x_at,6.354369442357775,ZNF329,False
11760224_at,6.3535038906890495,MBD4,False
11743416_s_at,6.35194747252395,C5orf30,False
11723556_x_at,6.350634545806904,DCAF16,False
11726638_at,6.349727975459129,MIB1,False
11729531_a_at,6.349337959354524,MAP3K4,False
11729602_a_at,6.3490864829619476,CHMP2A,False
11718150_at,6.347619624438049,PRADC1,False
11734313_at,6.345076807344991,OBSCN,False
11729312_at,6.333002865122157,NMNAT1,False
11718680_a_at,6.323833149693326,ADGRE5,False
11717949_a_at,6.323173963725924,SC5D,False
11756377_s_at,6.31275190949393,DOK4,False
11728407_a_at,6.3094750650524665,DERL3,False
11731846_a_at,6.307970015903717,SYTL3,False
11755933_x_at,6.306325977395719,HLA-B,False
11722911_at,6.305605996042506,USP13,False
11762107_at,6.304871960800618,CAST,False
11727888_a_at,6.301776781050552,CPNE5,False
11724930_a_at,6.301079231064808,DTX1,False
11746396_a_at,6.299700587574457,PARP4,False
11742904_s_at,6.298866467152706,BAG2,False
11723048_at,6.29734431566753,CX3CR1,False
11740140_a_at,6.293313481254611,RASGRP3,False
11759516_s_at,6.292523139329956,GTF3C3,False
11727156_a_at,6.287226671000073,TRIOBP,False
11717312_at,6.28596328055194,IKBKAP,False
11721487_s_at,6.281140204776661,TP53RK,False
11743686_a_at,6.280288613689292,ZNF436,False
11742539_at,6.269198327591855,OR10X1,False
11753953_x_at,6.268306656109787,GLB1L,False
11732652_x_at,6.265832457238316,ZNF571,False
11720557_at,6.258166529206175,TRMT11,False
11758055_x_at,6.257155272204158,RGPD5,False
11740396_a_at,6.2531378906509145,NLRP12,False
11755643_a_at,6.252976807603617,TNS3,False
11741361_a_at,6.2526891207040665,ZNF26,False
11734931_at,6.251471275751798,LRRTM3,False
11727683_a_at,6.250499048861391,AP3B2,False
11757088_s_at,6.249460437553658,FAM157A,False
11715404_a_at,6.246805778975601,COL6A1,False
11760318_at,6.2434528822370075,CYP4V2,False
11733164_a_at,6.240606178387162,TTC29,False
11744852_a_at,6.237757015571319,KIAA0125,False
11722671_at,6.235014726680486,AKAP11,False
11717360_s_at,6.23384451597422,GCN1,False
11741240_a_at,6.231940760792322,APAF1,False
11744673_a_at,6.228725057584597,SP100,False
11759759_s_at,6.224862944426998,CCNL1,False
11758918_s_at,6.221826954594082,TFCP2,False
11723423_x_at,6.215370597808143,IFNAR1,False
11756170_a_at,6.208845295572987,CXorf38,False
11725574_a_at,6.208819864543842,NEDD4,False
11756379_x_at,6.208466815432451,H3F3A,False
11717085_a_at,6.208466318270366,PRPS1,False
11747429_a_at,6.207325955215367,ZNF260,False
11746640_a_at,6.205359598890354,RASSF2,False
11718818_s_at,6.20298424650288,SLC26A6,False
11720364_a_at,6.201097395751662,GIMAP1-GIMAP5,False
11726946_at,6.200059822811793,PPM1A,False
11745391_x_at,6.197385277388557,MRPL3,False
11741447_s_at,6.197103758050397,RNASE4,False
11722668_at,6.196334324699362,SCAF1,False
11762227_x_at,6.1940143530964615,CYTH4,False
11721818_s_at,6.192878259404559,SH3BP5L,False
11723995_a_at,6.191625197376286,GLCCI1,False
11725928_s_at,6.190210059210758,NEFL,False
11744369_s_at,6.189915386099352,EPB41L4A-AS1,False
11723071_s_at,6.1875996626193634,SGCE,False
11723997_a_at,6.1870932521496895,NKIRAS1,False
11742689_a_at,6.185686623811465,SRA1,False
11740829_at,6.183696604209588,SYDE2,False
11758327_s_at,6.1806159793444735,BAZ1A,False
11716523_at,6.180609897420155,S100A9,False
11727902_a_at,6.179004641508831,EPB41L2,False
11739557_a_at,6.17729416182991,VAMP5,False
11725024_a_at,6.175346293338911,LOC100129518,False
11757709_a_at,6.174188858114437,MRPL2,False
11717951_a_at,6.17406445337305,ZDHHC18,False
AFFX-HUMGAPDH/M33197_M_at,6.173820449409905,GAPDH,False
11732373_a_at,6.17283491866038,TSEN34,False
11750782_a_at,6.172614168548128,ATG7,False
11728050_s_at,6.171918160737033,FAM126B,False
11739204_a_at,6.165864771209511,TTL,False
11758657_s_at,6.159303048136817,PKIG,False
11750779_a_at,6.153665664434782,SLC2A5,False
11732899_s_at,6.146737238475875,LOC105369243,False
11720379_s_at,6.146465436748168,GALNS,False
11717380_x_at,6.142723676114149,FOPNL,False
11754536_a_at,6.141644378194923,ERCC2,False
11721082_at,6.139467996721368,C14orf119,False
11758782_at,6.137967430978936,KLHL9,False
11731407_x_at,6.135394544562521,IFIT3,False
11757989_s_at,6.135376694650794,ANKRD46,False
11719979_a_at,6.134061235834987,RAI1,False
11752096_a_at,6.132095767553661,CEP120,False
11722637_a_at,6.131755952606344,ANKRD28,False
11741126_s_at,6.129960887114484,SLFN11,False
11724048_a_at,6.123059803855588,COG6,False
11740777_a_at,6.119573334201084,FAM129C,False
11740510_a_at,6.1187488317067995,SSPN,False
11758534_s_at,6.117140945358847,SLC25A17,False
11740188_at,6.116078503287335,ARL11,False
11757206_x_at,6.114543356198705,DLEU2,False
11746428_a_at,6.1134136125086735,PAQR3,False
11751059_x_at,6.112697728057048,PIN1,False
11743962_at,6.111361508039806,CNST,False
11752794_a_at,6.109568082025388,STAT2,False
11756145_s_at,6.102723240631567,SLC25A15,False
11743645_s_at,6.1011738231011226,MXRA7,False
11760828_at,6.0982422595899335,RPL36AP33,False
11739813_a_at,6.094239116462862,FZD1,False
11716845_at,6.088785502390501,STIM1,False
11723326_at,6.087255888458498,CA9,False
11719341_s_at,6.08620129243209,TMEM41A,False
11730316_a_at,6.086173988941937,RGS7BP,False
11751982_s_at,6.086044465773659,CNTNAP3,False
11731200_a_at,6.08570306513535,TLR5,False
11715184_x_at,6.084583206105278,RPL38,False
11748061_a_at,6.0843910347643835,PHF21A,False
11740857_x_at,6.080751677148304,AGO3,False
11728593_at,6.078288944340891,FOXL2,False
11715932_s_at,6.076770467241121,TUBB6,False
11753314_a_at,6.075530441245774,CEACAM21,False
11719972_at,6.075494601945372,SCO2,False
11754793_a_at,6.074827942236424,RRP12,False
11730943_x_at,6.072248861936148,OSCAR,False
11740588_at,6.066217407748272,BDKRB2,False
11731154_x_at,6.065538455049318,MTRR,False
11725209_at,6.064509965700998,LETM1,False
11732244_at,6.061488858815253,APOL6,False
11722777_a_at,6.053716498955236,ENPP2,False
11754589_a_at,6.052003842261902,XPO6,False
11727098_at,6.0513264496002765,NUMBL,False
11719109_x_at,6.039457746931991,FHL3,False
11727737_s_at,6.03552039935374,AKAP7,False
11720626_s_at,6.0337206856519785,HNRNPDL,False
11722841_s_at,6.032663821735102,TFB2M,False
11726364_x_at,6.032213183964089,OASL,False
11724139_s_at,6.032158695428066,SACS,False
11740265_a_at,6.029132956675927,VPS9D1,False
11743734_a_at,6.028598504208516,GNPTG,False
11723298_s_at,6.028132857540518,AKAP2,False
11724598_at,6.025804502921332,ASPRV1,False
11731511_s_at,6.025283188971163,DBT,False
11721491_a_at,6.024851788608337,FBP1,False
11756556_x_at,6.021320424132243,C20orf24,False
11726809_x_at,6.019697708540952,SLC12A8,False
11717762_a_at,6.0186073982541375,CPVL,False
11757742_x_at,6.016605145701716,PLEKHB2,False
11728026_x_at,6.015129183407204,IGLL1,False
11739280_a_at,6.011903342672086,CXCL16,False
11733624_at,6.008788656065148,ZNF831,False
11730050_a_at,6.001843592041397,CA13,False
11718404_at,6.000901872766203,RFC3,False
11762337_x_at,5.997723487565744,SNX32,False
11745186_a_at,5.997491709521757,BET1L,False
11746966_a_at,5.9944693027213685,DNASE1L3,False
11727178_x_at,5.99420926477272,MTHFR,False
11723731_at,5.989173374165282,GNPNAT1,False
11731131_a_at,5.988654290427822,JRK,False
11744609_a_at,5.987219316561658,ATXN7,False
11737362_x_at,5.986684144246002,IL23R,False
11724762_a_at,5.9812446633160095,DEPTOR,False
11735502_a_at,5.98114677525177,TAPBP,False
11717170_x_at,5.978106776281933,TRPC4AP,False
11721876_s_at,5.976069212634524,SLC7A11,False
11715231_x_at,5.974335175308731,RPL36,False
11740702_a_at,5.972927744108917,HMGB2,False
11717137_s_at,5.972871704408366,CDC42EP4,False
11757202_at,5.96641435810837,LOC202181,False
11749134_x_at,5.96569541351288,POMT1,False
11756383_a_at,5.964806300505235,FARSB,False
11758056_s_at,5.95990837453972,TARSL2,False
11756330_a_at,5.959834152919928,DDX58,False
11723329_a_at,5.959150710687666,GSN,False
11753288_a_at,5.958215155481948,ZNF148,False
11746187_x_at,5.954662582223939,MRPS18B,False
11727442_at,5.954472687431296,MPO,False
11755420_a_at,5.952412884188824,KDM4B,False
11743968_a_at,5.951930309839133,CYBA,False
11756641_a_at,5.949475948342155,ZNF256,False
11715480_x_at,5.948851269528282,GABARAP,False
11756893_x_at,5.948773012282798,RAB11B,False
11727097_a_at,5.947767014729751,NT5C1B-RDH14,False
11722519_at,5.943326215297241,HKDC1,False
11751940_a_at,5.940271489538534,NR1D2,False
11744282_at,5.9393452924882695,PLBD1,False
200036_PM_s_at,5.939290657725249,RPL10A,False
11733181_at,5.938886474675802,ETV1,False
11740946_at,5.935042543903155,FAM153A,False
11760121_at,5.934449858739041,LONP2,False
11747464_a_at,5.934232311365775,SERINC3,False
11739693_a_at,5.934211170797169,HORMAD1,False
11717410_a_at,5.923439945983272,ANO6,False
11737087_at,5.920831714880773,TLL1,False
11730826_x_at,5.9203750144512535,TMEM106A,False
11717118_a_at,5.917167036140679,P4HA2,False
11745923_x_at,5.916988573758132,MAOA,False
11728469_a_at,5.91696064916417,BTBD11,False
11722902_a_at,5.916822565680763,TRMT13,False
11724832_at,5.914156829860319,STS,False
11722176_a_at,5.911746919687978,SF3B3,False
11742692_a_at,5.909553509006091,APRT,False
11729332_a_at,5.908424516781457,ZNF879,False
11758422_s_at,5.906238093815596,SLC35G1,False
11751651_s_at,5.904025928026942,PLSCR1,False
11763904_x_at,5.903756545782885,SNORA50A,False
11752445_x_at,5.90347697213643,NF1,False
11730799_a_at,5.90001411646688,CRTC1,False
11762881_at,5.898313649992781,AGK,False
11738829_x_at,5.897488762472862,C1orf109,False
11724917_at,5.894397152398104,TMTC3,False
11721842_a_at,5.887194064649042,GLIPR1,False
11724563_at,5.887036606664238,RHOF,False
11728818_a_at,5.884155237011209,USP28,False
11759625_at,5.882686258959319,PWAR6,False
11743093_a_at,5.881480666719198,LIN7A,False
11721790_s_at,5.880563369125766,PTPRD,False
11740558_at,5.878660418007866,HOXA13,False
11718566_s_at,5.878092701189267,KIAA1147,False
11725371_s_at,5.876903912102675,VEGFA,False
11747942_a_at,5.873532639779379,ZEB2,False
11725189_x_at,5.872537904348533,ADGRG6,False
11759744_a_at,5.871570175817286,MEIOC,False
11732013_a_at,5.869752146358543,ZNF419,False
11723623_s_at,5.867028147673978,TRIM21,False
11727777_at,5.863719922700297,GNAI3,False
11722882_at,5.86247342633191,CREBRF,False
11739427_a_at,5.858940037372107,GPD2,False
11749641_x_at,5.858828188586344,ZNF254,False
11742844_a_at,5.856725677752445,RXRA,False
11758215_s_at,5.856355493748916,TLE3,False
11722628_at,5.850310041405659,KIAA1033,False
11721153_a_at,5.847218113596028,STK3,False
11738997_s_at,5.8464533444259645,DPYSL2,False
11757467_x_at,5.84184518691521,TSPAN6,False
11720791_a_at,5.836332919128699,RHOC,False
11736086_a_at,5.8334105894726855,HHIP,False
11738446_a_at,5.831864445694386,NFAT5,False
11742906_a_at,5.831014396268743,DNAJC1,False
11721764_a_at,5.828992213061095,ADRBK2,False
11719045_a_at,5.82296971891263,PER3,False
11742710_a_at,5.82084552779606,SRGN,False
11724256_s_at,5.818687765654449,OAS1,False
11755746_s_at,5.8183742622220675,CNIH4,False
11745241_a_at,5.8155619612939855,VEZT,False
11744849_a_at,5.815419733662097,SETD6,False
11718393_s_at,5.8151416841340975,PREPL,False
11723300_at,5.813952534833522,RPS6KB1,False
11759347_x_at,5.809076076463748,TXK,False
11757881_s_at,5.808135810887028,PRKACA,False
11732585_a_at,5.807248980304684,IL1RAP,False
11726803_x_at,5.804736116377857,HELZ2,False
11720481_s_at,5.804648776164697,ABCD3,False
11752868_a_at,5.8024913608360045,ATG2A,False
11739732_a_at,5.80206909559802,CSNK1G1,False
11731573_a_at,5.802014068305887,FRMD4B,False
11735383_s_at,5.797720491327044,LDLRAD4,False
11723637_s_at,5.795649932839881,C11orf58,False
11731819_a_at,5.792071770712282,TBC1D8B,False
11760251_at,5.789430885573484,PPP1R2,False
11717803_a_at,5.7887159144996,NTN4,False
11757768_s_at,5.78864277407581,AK3,False
11726965_a_at,5.7830330289909675,L3MBTL3,False
11716180_at,5.781810177454543,VPS25,False
11754678_a_at,5.7787283190815,SLC25A43,False
11722816_at,5.777133460942774,RANBP2,False
11719492_s_at,5.775949554971265,IFI35,False
11731014_a_at,5.774834989736684,BBS5,False
11733448_a_at,5.773410737844331,UNC45B,False
11758187_x_at,5.772951359034,ST13,False
11761999_s_at,5.766210246627346,HDAC4,False
11720756_at,5.765427843613259,STAT3,False
11732765_at,5.763932609884992,RUFY2,False
11722403_a_at,5.762348360517183,PLEKHO1,False
11738483_a_at,5.761328375616377,TNFRSF13B,False
11720444_s_at,5.76063352444227,ERLIN1,False
11757391_x_at,5.75724085780373,MRPL1,False
11721628_a_at,5.755325062242885,SEPT6,False
11739701_a_at,5.751971566167071,B3GNT2,False
11719157_x_at,5.751806568094526,ASRGL1,False
11739537_a_at,5.7512969463911245,ITPR2,False
11726969_x_at,5.749647848344265,BCAS4,False
11746025_a_at,5.74707135200898,MILR1,False
11719377_x_at,5.746540448874717,CAP1,False
11752637_a_at,5.745365594953544,TMC6,False
11744855_at,5.743004689448546,SERPINB9P1,False
11744077_at,5.743000176365451,ARPC1B,False
11718578_a_at,5.74220674953177,GSTM3,False
11742706_s_at,5.736394574165274,RAB8A,False
11739302_a_at,5.735880317824298,FZD6,False
11741123_x_at,5.734296426081629,ADK,False
11759889_a_at,5.731394155919005,BCL2L11,False
11736419_a_at,5.728789850582507,ZNF800,False
11730527_a_at,5.727816222237183,DAPK2,False
11718861_a_at,5.726989802418,HCK,False
11724063_s_at,5.724360677736975,FA2H,False
11753939_x_at,5.722378514488124,PSMB10,False
11761630_a_at,5.719428992965351,KATNBL1,False
11717527_a_at,5.718909541239587,RDX,False
11757276_x_at,5.7150005696539905,RPL24,False
11757262_at,5.711561486564748,SCARNA20,False
11744180_a_at,5.711305367198897,TCIRG1,False
11726915_at,5.708454263144267,SLCO4C1,False
11719816_s_at,5.705188313870565,BET1,False
11727095_a_at,5.702405897248429,TMEM19,False
11745581_a_at,5.701575769605373,GRM7,False
11725098_s_at,5.697427088158071,RABL3,False
11730963_a_at,5.696891498870088,LOC145783,False
11724546_at,5.69655884624319,HCFC2,False
11723020_a_at,5.694878696728778,RIPK3,False
11738498_at,5.6930533345423315,OR52E8,False
11724900_a_at,5.6920371060964206,GZMB,True
11716232_at,5.686633519861521,CTNNBIP1,False
11728566_x_at,5.684653690025355,FAM210A,False
200045_PM_at,5.682734696368784,ABCF1,False
11724029_at,5.681452766705043,HIC2,False
11717441_a_at,5.679703075922424,EPS8,False
11731694_s_at,5.679671854516414,HIST1H2AE,False
11759772_at,5.672261167474974,USP45,False
11752028_a_at,5.672212321726827,DIAPH3,False
11726594_at,5.671465583132776,CTSZ,False
11739147_a_at,5.670021301146758,MKNK2,False
11758664_s_at,5.669594844716647,RHOBTB3,False
11718835_x_at,5.669116252679666,PELP1,False
11733000_at,5.66887712449902,ICAM1,False
11743134_x_at,5.664625258142944,FKBP8,False
11727518_at,5.663879537702,PNMA6A,False
11734605_a_at,5.661462769699067,UTS2,False
11732341_at,5.660644900057454,BCL11A,False
11736182_x_at,5.660114373170593,ZNF747,False
11731109_a_at,5.658033693889185,ADAM17,False
11728278_at,5.656769403416676,CASP6,False
11715315_s_at,5.656134777571423,RABGEF1,False
11741606_s_at,5.655907049906533,CHD3,False
11759969_at,5.6540348017425215,STAT5B,False
11756587_a_at,5.652531134067784,PTGDS,False
11741201_a_at,5.65153228317989,NAT10,False
11763616_a_at,5.651222457198287,TRBV10-2,False
11730485_at,5.645540676260407,CAPNS2,False
11733400_a_at,5.639727099011627,C3orf62,False
11721202_at,5.638362844772114,RNASE6,False
11755208_a_at,5.637689801135588,DNASE1L1,False
11730996_a_at,5.637444269037749,AMICA1,False
11729525_x_at,5.63508708422018,CIZ1,False
11757655_a_at,5.6347562518411864,TIMM10B,False
11732250_x_at,5.631369952881689,RCOR3,False
11757434_a_at,5.629286208714255,C1QBP,False
11716395_a_at,5.6258015367722285,ADGRG1,False
11749237_a_at,5.62334501537833,MRPS27,False
11740984_s_at,5.622750234865498,NRDC,False
11761087_at,5.622198949422885,MROH1,False
11728918_at,5.620345491699416,TIGD2,False
11746899_x_at,5.619537702317999,UROS,False
11720054_a_at,5.619002868280568,CCNH,False
11757555_s_at,5.617101068132874,UBE2D2,False
11745836_x_at,5.616241148596266,DYSF,False
11732266_x_at,5.613618785686399,LILRB1,False
11754662_s_at,5.6135753923182685,ADAMTS1,False
11717377_s_at,5.611342272386433,SRPRB,False
11720207_a_at,5.607979716623474,IL2RG,False
11758465_s_at,5.60749805937745,ZBTB41,False
11750107_a_at,5.60466105926728,SEL1L3,False
11763489_a_at,5.602493328675481,NSD1,False
11717833_a_at,5.600249541825764,TEX10,False
11747394_a_at,5.60024069121235,ORC3,False
11751851_x_at,5.599156826015599,ZNF169,False
11738807_s_at,5.598365802085538,CMIP,False
11730320_a_at,5.594890210032984,NEDD9,False
11753022_a_at,5.592745330952076,CD84,False
11720963_a_at,5.591531157827634,DCK,False
11741617_a_at,5.590412313867436,GPRIN3,False
11729853_at,5.587231834388709,PADI4,False
11754581_s_at,5.580661535148552,CERS6,False
11723831_at,5.578016928132324,RNF157,False
11752852_x_at,5.577878440344961,PPHLN1,False
11717413_a_at,5.57623858266767,WIPI1,False
11733028_s_at,5.5753949103048095,AIDA,False
11759990_a_at,5.571163476031373,VSX1,False
11720153_s_at,5.569860674079413,NRIP1,False
11727183_at,5.565747524905325,ZNF175,False
11752676_x_at,5.564031648972327,OGFR,False
11740896_s_at,5.563842632473196,MIR22HG,False
11720804_a_at,5.562819114672482,PAGR1,False
11734018_at,5.562164629884646,URB1,False
11722553_a_at,5.560787387431625,NUP88,False
11744522_a_at,5.560694068166453,BOD1,False
11730278_at,5.559032354403823,PUS3,False
11743865_s_at,5.557265375290104,ATP2B1,False
11732771_x_at,5.555656403237643,FOXD4,False
11725323_at,5.553121947223565,ZNHIT2,False
11736058_s_at,5.549350060656958,BORCS7,False
11740175_a_at,5.54727658447875,ARSK,False
11754677_a_at,5.546149630932628,FAM169A,False
11746543_a_at,5.5440165711235005,SNX9,False
11737038_at,5.543828445665895,C19orf38,False
11716198_a_at,5.543489371699479,UBE2Q2,False
11760620_a_at,5.538074341168208,KLK2,False
11760228_s_at,5.536480357874901,KLHL23,False
11743180_at,5.535497420733385,NPAT,False
11759619_at,5.532641959240535,TRAPPC10,False
11749884_a_at,5.532572063521534,TTC38,False
11733031_a_at,5.531437888899687,MTFR1L,False
11754694_a_at,5.5308523011115565,ANKRD36,False
11723574_a_at,5.528330563453205,MORC4,False
11716038_s_at,5.525198007000809,SLC25A29,False
11735138_a_at,5.524178694952348,PDZRN4,False
11719224_s_at,5.522941914183864,COQ10A,False
11754938_a_at,5.521954621464951,CDK5,False
11737719_at,5.517080101889682,GAGE10,False
11723899_a_at,5.515355683139808,DHRS9,False
11760209_a_at,5.514676030846492,RPL37A,False
11725743_s_at,5.5134231988803934,SORBS1,False
11729542_a_at,5.51324794164578,CAMKK2,False
11759672_x_at,5.506467589742083,UGGT2,False
11728348_a_at,5.50558472020318,RPL39L,False
11715697_a_at,5.503906017450673,NOLC1,False
11724072_a_at,5.493300589345993,ZSWIM3,False
11729059_x_at,5.48880183147016,TOR4A,False
11718367_a_at,5.488515450734351,ZZZ3,False
11726003_a_at,5.487018809354021,KRCC1,False
11739878_at,5.485901086096209,TNIK,False
11724636_a_at,5.484998479076073,ABCC10,False
11725025_s_at,5.484265044161349,ISYNA1,False
11725283_s_at,5.483611440294656,ZFP90,False
11741292_x_at,5.483051345336978,ZFP30,False
11743591_a_at,5.481772783600902,ZDHHC7,False
11736710_a_at,5.479242618769177,DENND4A,False
11721367_a_at,5.477798435168012,WDR83,False
11730469_s_at,5.470292913163066,LMO2,False
11719480_a_at,5.469333089537571,CSTA,False
11760182_at,5.468289013876755,ZNF549,False
11757367_s_at,5.467414683512004,HSPA6,False
11732516_a_at,5.465777887210996,CERS4,False
11742722_at,5.463935273914485,LRRC58,False
11733679_at,5.461832910002095,TMIGD2,False
11747374_s_at,5.458367291279293,ZNF738,False
11752884_x_at,5.458229093139615,UPF3A,False
11756077_a_at,5.457974781100742,NDE1,False
11728687_at,5.457027175940101,SFXN1,False
11723354_s_at,5.456775980814622,CHD7,False
11720833_at,5.4559638034615805,YEATS4,False
11719411_at,5.455391393821472,RAB32,False
11740145_a_at,5.452424664483479,CEP164,False
11720260_a_at,5.451783701707197,TRIM33,False
11743138_at,5.450101274264941,MARCH5,False
11754616_a_at,5.449406491832505,UPF1,False
11716106_x_at,5.449074475045496,TOMM22,False
11763898_at,5.447778254051266,SNORA37,False
11722853_a_at,5.447630952817987,HABP4,False
11733654_a_at,5.444524023139267,SLC12A9,False
11750813_a_at,5.44399943627262,RIPK4,False
11754475_a_at,5.442489329597914,IQCK,False
11728838_a_at,5.4415963363203925,TMCC3,False
11723882_x_at,5.44059983356837,CECR1,False
11740934_a_at,5.440148139764829,NUSAP1,False
11731010_x_at,5.439732237301245,WDR89,False
11719255_s_at,5.439259461032174,CDK19,False
11751885_x_at,5.439171238520017,PSME4,False
11759522_a_at,5.438413896214801,ALKBH7,False
11762571_a_at,5.436458844608793,GNPDA2,False
11728906_s_at,5.432600893289733,SATB2,False
11743468_at,5.432576880369155,DKC1,False
11715162_s_at,5.431877531399788,HIST1H2AK,False
11731068_s_at,5.427742837149787,FIGNL1,False
11754422_a_at,5.427477737896293,CARS2,False
11755743_a_at,5.426298496289987,ECRP,False
11732382_a_at,5.425921692643632,USP6NL,False
11733217_s_at,5.4256968728408825,USP53,False
11757424_x_at,5.425653866674826,RPL37,False
11744448_a_at,5.423661606613311,MSRA,False
11728483_at,5.423305994197275,ZNF181,False
11732218_x_at,5.423206957879725,BID,False
11723901_a_at,5.422833182780697,PLEKHG1,False
11731753_a_at,5.4223168981347944,ZNF577,False
11724644_at,5.421551777540768,SPOPL,False
11752176_s_at,5.420792333087146,AREL1,False
11716288_s_at,5.4201244539790965,ESYT1,False
11744653_x_at,5.419274984449656,UBC,False
11751213_s_at,5.417248146383457,SCOC,False
11739474_a_at,5.412198512976896,NAB1,False
11754089_x_at,5.411264418532469,NKIRAS2,False
11717011_a_at,5.410952806042462,ATP6V1E1,False
11747900_a_at,5.406802291377746,DMTF1,False
11718851_a_at,5.403576490987084,SRPK1,False
11749579_a_at,5.4033218342917,SCARB2,False
11725678_s_at,5.40145551631656,LEPROT,False
11759048_at,5.40020948386123,ABCB1,False
11716545_x_at,5.39645108354623,PSMC1,False
11757531_x_at,5.394235922063538,HSPD1,False
11720193_x_at,5.39325758779012,NDUFAF4,False
11738155_a_at,5.392916524073408,CELF1,False
11735483_at,5.388464524500818,LANCL3,False
11763110_at,5.386178797757385,DEAR,False
11718653_a_at,5.38569353051584,PKD2,False
11725641_at,5.384928181431381,EFHD2,False
11761326_at,5.381308493094631,PHF12,False
11741808_a_at,5.379921510651094,LTK,False
11749334_a_at,5.379122185186277,XRN1,False
11728444_a_at,5.377719819186469,TAOK1,False
11719605_at,5.377254836499946,RRN3,False
11723067_s_at,5.374940349746175,FAM21A,False
11721984_at,5.374616044090385,ZBED6CL,False
11731584_a_at,5.370996034093312,FCRLA,False
11751115_a_at,5.370150511881124,GDA,False
11763873_s_at,5.361611637834691,LOC100128108,False
11739880_a_at,5.359156339849269,GLIS3,False
11733126_a_at,5.353812715907551,PRIM1,False
11757436_x_at,5.352930162038698,IFITM2,False
11717296_s_at,5.351424314436199,LRPPRC,False
11716135_a_at,5.350083391118024,MVP,False
11724571_at,5.348460622729633,APPBP2,False
11719709_x_at,5.34613556522602,PDPK1,False
11717540_a_at,5.344723580031528,RYBP,False
11757850_s_at,5.342577718559196,PA2G4,False
11723107_a_at,5.339264302999395,RBFA,False
11735121_at,5.33895295510122,TUBGCP4,False
11737335_a_at,5.338884170372896,ZNF283,False
11739527_a_at,5.338754424942928,SECTM1,False
11740651_at,5.336173921017255,KLHL34,False
11728073_a_at,5.329291360554801,ITPRIP,False
11727266_at,5.324721535791573,HAUS3,False
11721504_a_at,5.324509074851066,CKLF,False
11747774_a_at,5.316109904196209,SLC11A1,False
11732370_a_at,5.310605317033813,CUX1,False
11748440_at,5.309545032964867,LOC100287467,False
11757316_a_at,5.3053276389639645,FLOT1,False
11755726_a_at,5.3027067984724745,TMEM30B,False
11732759_at,5.30168576790093,GAPT,False
11750578_a_at,5.301375151524136,PYGB,False
11734178_a_at,5.300087468458886,NCR3,False
11735743_at,5.299295309233811,ARL14,False
11753473_x_at,5.298720818406217,MFSD13A,False
11728555_s_at,5.296172714502966,ATP6V1E2,False
11744768_a_at,5.295091437255834,ZBP1,False
11739973_s_at,5.294481879667854,NUAK1,False
11763494_x_at,5.293987938680819,FRMD8,False
11718422_s_at,5.293117780694277,CCNB1IP1,False
11719213_s_at,5.2927077269305745,LOC100996763,False
11725445_x_at,5.291335627314182,BCL3,False
11716889_at,5.288248596553262,TMEM261,False
11761959_x_at,5.286728986761664,TRAC,False
11746822_at,5.286546700067783,LOC100289455,False
11744493_x_at,5.2832766421094615,ADGRA2,False
11729768_s_at,5.276993214890533,DGAT1,False
11744097_at,5.276597313686121,KAT2A,False
11755682_a_at,5.27443387717609,POU6F1,False
11756687_a_at,5.274168027196044,MRPL46,False
11720345_a_at,5.274012153766128,USP4,False
11739413_at,5.273708876313064,MTR,False
11759667_a_at,5.2720245910800045,TTC17,False
11754759_a_at,5.27088876409776,CHTOP,False
11732986_at,5.264234162730771,OR3A1,False
11743972_a_at,5.263673203577079,DDIT4,False
11744572_a_at,5.257824554991535,KLF5,False
11725254_a_at,5.2577260755858,FREM1,False
11749301_a_at,5.2561394353165865,DUS3L,False
11720183_s_at,5.2536248423110825,EEF1B2,False
11736897_x_at,5.252614630047978,PRRG4,False
11758820_at,5.240593773749406,DNAJC10,False
11728920_a_at,5.238701164511085,RASGRP1,False
11732402_a_at,5.237702076369406,UBAC1,False
11724356_a_at,5.237237703598262,TMEM177,False
11744054_a_at,5.235780696204407,ZNFX1,False
11743981_a_at,5.234493286536835,FOLR2,False
11758555_s_at,5.230733258254304,GPR183,False
11716794_a_at,5.22692682842547,MYL6,False
11732309_x_at,5.22519550974035,ZNF777,False
11736274_at,5.223494941161091,TLR2,False
11718562_a_at,5.222800152206775,DNMT3A,False
11728956_at,5.219583392060148,ZSWIM4,False
11757191_s_at,5.218123565735336,AKR1C6P,False
11754926_a_at,5.217116137187444,B3GALT5-AS1,False
11736996_x_at,5.2157859605094155,PPT2,False
11735152_a_at,5.211479859452511,SLC8A1,False
11718515_a_at,5.2038319077670145,SQRDL,False
11745375_x_at,5.202013921781408,ZNF43,False
11746622_a_at,5.198836722568692,PHC1,False
11733187_a_at,5.198175530949327,IL7R,True
11747962_a_at,5.19633429771794,RFNG,False
11754265_s_at,5.196152742294817,YIPF6,False
11732554_a_at,5.192491931000192,FAIM,False
11740414_a_at,5.192316131992638,TLE1,False
11715838_a_at,5.192106884752941,NEU1,False
11721952_at,5.189563954167182,MRAP2,False
11750039_a_at,5.189007835670539,ASH1L,False
11760393_a_at,5.188968919765539,GRK4,False
11753266_a_at,5.187262664665698,TCEA3,False
11720185_a_at,5.185107322151491,MAD2L1,False
11759825_x_at,5.180810344607884,MR1,False
11749788_x_at,5.180418615648643,L2HGDH,False
11748342_x_at,5.18001239782921,TPP1,False
11721672_at,5.178420335499207,NXT1,False
11739988_a_at,5.178198410684817,ZNF823,False
11733344_at,5.177385185487816,PTPRC,False
11723858_a_at,5.176507286787728,DNAAF2,False
11757787_x_at,5.171677185488018,FTL,False
11747252_a_at,5.170294435519096,GTF2F1,False
11719682_s_at,5.166968504033702,NSA2,False
11761376_a_at,5.166556326018207,ZNF90,False
11745292_a_at,5.161846127290652,C22orf15,False
11755194_s_at,5.1612335598160834,CCNL2,False
11741897_a_at,5.159303102700795,MMP1,False
11755013_x_at,5.15851125548154,TNFRSF1B,False
11741680_a_at,5.157129009650019,SERPINE2,False
11740787_a_at,5.156837579955404,FBXO28,False
11742870_at,5.156794696427435,ARPC2,False
11740233_s_at,5.154457492801722,KAT6B,False
11748667_x_at,5.151040232109402,SDCCAG8,False
11756282_x_at,5.150167213788555,MAZ,False
11739755_a_at,5.149883508592261,ZNF74,False
11725968_s_at,5.14924614905783,THUMPD1,False
11718797_a_at,5.144407267201806,PAQR4,False
11726209_a_at,5.142956754059932,LRRC75A,False
11723152_a_at,5.142596148192845,GON4L,False
11735980_at,5.139987516769111,OR5M11,False
11744548_x_at,5.136220769788435,RPL29,False
11718121_x_at,5.133152497863927,ATP6V1A,False
11739763_a_at,5.132915942372176,GINS3,False
11716170_at,5.132481300329014,LMNB2,False
11755866_a_at,5.131513603845223,OLFM1,False
11717176_at,5.124799635771168,SNX27,False
11743387_at,5.12234152972247,CCDC127,False
11750816_a_at,5.122262310592507,CD96,False
11743881_s_at,5.119456724481681,MREG,False
11751536_a_at,5.11814586410256,TP53,True
11722002_a_at,5.116969788139882,HNRNPU,False
11736938_a_at,5.116230908643579,USP36,False
11727968_at,5.11612989032388,ESCO2,False
11731829_x_at,5.115324406734044,GPC2,False
11753706_a_at,5.112508139359735,CALM2,False
11740580_at,5.112458550112836,ASAH1,False
11743787_a_at,5.111650264432977,GORAB,False
11729329_at,5.110513422743186,EPB41L4B,False
11732374_x_at,5.110384351204123,HSD17B7,False
11720880_s_at,5.107778909731432,EHD4,False
11724559_at,5.104435449163763,GNA15,False
11717789_at,5.103334440572447,AAR2,False
11717424_x_at,5.102543982382368,CHMP3,False
11737848_a_at,5.1023839026299305,RSPH3,False
11741381_a_at,5.101809823676842,ARNT,False
11742734_s_at,5.101598341570336,WDR3,False
11729908_a_at,5.099197018169736,IQCA1,False
11730647_at,5.090916451015913,SIRPD,False
11751585_a_at,5.0903331530648375,ASB8,False
11732277_a_at,5.088711009171141,FOXP1,False
11722411_a_at,5.087672635213668,SLC7A1,False
11728639_x_at,5.0847493288492185,ADH1A,False
200018_PM_at,5.082372073498274,RPS13,False
11757917_s_at,5.078398081967425,CNOT6L,False
11744770_a_at,5.07780978086508,HOXA11,False
11748370_a_at,5.077312608519249,MAGED2,False
11732661_x_at,5.077224013661747,STIL,False
11726511_a_at,5.075455198066311,TCHP,False
11719398_s_at,5.075217622988527,RRAGC,False
11736570_a_at,5.0733534026021685,SLC39A14,False
11720664_at,5.072750606230524,GNA11,False
11746708_at,5.069813297539729,LOC389834,False
11740862_a_at,5.068906436305982,TPH1,False
11730449_a_at,5.06876252858164,DHRS12,False
11748571_a_at,5.068713019421588,NAA40,False
11737628_a_at,5.066642208137313,TLR6,False
11725237_a_at,5.065987170163766,RBPMS2,False
11744396_x_at,5.062106075316806,CALCOCO2,False
11722830_at,5.060413822790066,PEX12,False
11743092_at,5.055179985298836,THEM4,False
11725404_x_at,5.0545172294839436,RPL13,False
11743504_at,5.052949031864972,BCCIP,False
11724820_a_at,5.052102078937854,NEK6,False
11719810_at,5.051446639013385,RRS1,False
11721851_x_at,5.051324500998287,CHCHD6,False
11720852_s_at,5.051154618649041,NFIA,False
11726753_a_at,5.049849691367091,C9orf91,False
11728103_at,5.048628530730361,ZNF416,False
11760399_x_at,5.048151203407386,PHBP19,False
11718502_at,5.0466415739948465,GPCPD1,False
11756933_x_at,5.0461368350809614,LRRC25,False
11755972_a_at,5.042638466071385,MGEA5,False
11750389_a_at,5.041992027319093,SLC26A7,False
11739739_a_at,5.041677773618013,IL21R,False
11751136_a_at,5.041615221759473,CCDC30,False
11717740_a_at,5.039323708497328,FUCA2,False
11760130_a_at,5.038799473392511,HDAC8,False
11725976_a_at,5.0382115381503025,WDR91,False
11719347_a_at,5.036454295272346,ARHGAP19,False
11725568_a_at,5.0355902580965575,ATP8A1,False
11749256_a_at,5.034673944303332,RRP1,False
11719479_at,5.034014235086565,ALOX5AP,False
11720856_a_at,5.032316415992342,INSR,False
11756513_a_at,5.025343414107174,SFXN5,False
11717308_a_at,5.0253305453940245,WDR75,False
11760268_at,5.024264024500321,NAALAD2,False
11746141_x_at,5.024112373050989,ARHGEF26,False
11734584_at,5.02263927723862,TAAR2,False
11737028_at,5.0214504363707695,OTX1,False
11756905_a_at,5.021140001597492,DCBLD1,False
11750527_s_at,5.0185045329007565,HLA-DQA1,False
11725664_a_at,5.0178493546868195,EDNRB,False
11761192_a_at,5.015936070326449,TDG,False
11753804_x_at,5.014593323292004,TXN,False
11722111_at,5.011740702629831,HLX,False
11730521_a_at,5.007644291971153,SLITRK2,False
11742617_s_at,5.007211517206597,OR5H14,False
11751347_a_at,5.0050940720363455,FMR1,False
11758933_at,5.004768226805578,TM4SF18,False
11746314_s_at,5.003589958919578,TCF7L2,False
11717591_s_at,5.002927301721791,CNOT1,False
11718221_a_at,5.000657004706488,GSPT1,False
11733458_s_at,4.999064967647363,INTS2,False
11740997_a_at,4.996969946907,TRAFD1,False
11759458_at,4.996727563359726,LINC01098,False
11737314_at,4.994955647612536,HIST1H4B,False
11753287_a_at,4.992151695850254,TECPR2,False
11728988_at,4.991915452632786,FAHD2B,False
11758098_x_at,4.991551555230088,TPT1,False
11757926_s_at,4.985978679378629,SLC9A9,False
11725335_s_at,4.985688030770887,MZT1,False
11720395_a_at,4.9838577941411,NBN,False
11734419_a_at,4.982641815851698,ACSM6,False
11716519_s_at,4.981658685653437,SDR39U1,False
11736373_x_at,4.979136248707685,MLLT4-AS1,False
11758630_s_at,4.977824694397572,FGL2,False
11760858_a_at,4.976514485864929,KLC1,False
11717366_at,4.975380289600207,ZC3HAV1,False
11715398_a_at,4.975264645820225,APEX1,False
11716477_x_at,4.975175715556906,LARP1,False
11756818_a_at,4.972556770878244,PATL2,False
11724806_s_at,4.967678339373006,CIR1,False
11757772_x_at,4.967537385060046,RPLP0,False
11762646_at,4.96486771809574,LRP11,False
11748766_a_at,4.963044668699144,FBXW7,False
11737212_at,4.962451903184477,PLEKHA8,False
11732351_at,4.96146881774828,HGF,False
11758983_at,4.959938618369686,SAP30,False
11721000_at,4.959424948568211,HEXIM1,False
11730309_a_at,4.958069732846154,RIC3,False
11717116_at,4.9547102557931995,CERK,False
11724919_a_at,4.948442012724207,HSD17B8,False
11716676_a_at,4.9475349284292856,ZNF106,False
11762817_at,4.946979427032626,NLGN3,False
11717973_x_at,4.9418044604831115,FAM219B,False
11756327_x_at,4.940814522350714,RPS19,False
11763718_x_at,4.940649129441259,CDKN1C,False
11736398_x_at,4.934298986980343,RFT1,False
11747796_a_at,4.933545609320308,LIG1,False
11743522_a_at,4.931815242070277,KDM5A,False
11755860_a_at,4.931300405205972,MME,False
11758981_a_at,4.931136964865732,NUTF2,False
11718419_at,4.930338914684753,FCER1G,False
11758867_at,4.927865395939646,WDR33,False
11750667_a_at,4.927168327154105,RRM1,False
11716343_a_at,4.925040153530012,JUP,False
11728704_s_at,4.924464704044619,KIAA0232,False
11723151_s_at,4.9238811937566345,SUGCT,False
11716885_x_at,4.923318904993365,BANF1,False
11729752_a_at,4.923032498864485,EPS15L1,False
11759941_at,4.921778411771096,UHRF1,False
11735653_a_at,4.918896667857784,FAM213B,False
11733811_a_at,4.918718053728333,FASTKD2,False
11750577_a_at,4.918696037419026,HEATR5A,False
11733359_a_at,4.913236296854948,CFAP45,False
11754172_a_at,4.9120655393219534,PKIA,False
11749440_a_at,4.91181852409749,WDR41,False
11732270_a_at,4.9108382548841805,CASD1,False
11734873_a_at,4.908399976153368,SCAPER,False
11717183_a_at,4.907996679551842,PDS5A,False
11723778_at,4.907903915603634,CYP2U1,False
11732568_at,4.905160959463901,MBP,False
11762109_s_at,4.898879319900765,CXorf40A,False
11719447_s_at,4.898215513114306,GBP2,False
11722822_a_at,4.896340402327604,SKP1,False
11732455_at,4.893222806935643,KCNJ15,False
11736762_a_at,4.8903732354185685,ZNF33B,False
11743212_x_at,4.8895925245465905,PTTG2,False
11760079_at,4.887569128231399,ABCA1,False
11763290_at,4.887409366081344,MRPS5,False
11724787_s_at,4.887347002040493,KIF3A,False
11741055_a_at,4.886422272042269,SPRED2,False
11730303_a_at,4.886392409432087,FANCA,False
11729377_a_at,4.885229612081606,TMEM205,False
11744092_at,4.884172863900019,ATXN7L3B,False
11750132_a_at,4.882231548472291,PAN3,False
11717046_at,4.882185934459879,C11orf95,False
11756803_a_at,4.879138580526167,MS4A14,False
11723345_a_at,4.878683804438996,TMUB2,False
11726401_a_at,4.878653447284233,ALG9,False
11725395_at,4.876684256884647,TWISTNB,False
11721376_at,4.876198795675371,BCL2,False
11746015_a_at,4.8761020264764685,MSTO1,False
11737377_a_at,4.873555045513217,LUZP4,False
11763613_a_at,4.871870666883789,LINC00885,False
11720273_at,4.869347447073537,SFT2D3,False
11720905_at,4.869220573471823,QSER1,False
11758479_s_at,4.8686399402322955,ANGPTL1,False
11748731_a_at,4.867024545564602,ZNF616,False
11740993_a_at,4.866845391886881,PHAX,False
11764117_s_at,4.8667694954605,SMARCA5,False
11763308_at,4.866174371488583,TSC22D4,False
11762294_x_at,4.86595676926749,TRBC1,False
11729835_at,4.865135959585064,EIF5A2,False
11731147_at,4.864584048781012,TLR7,False
11728650_a_at,4.8621838883478015,NUCKS1,False
11743073_at,4.858135716688923,IPO9,False
11751028_a_at,4.8579114808201105,VIPR1,False
11724056_a_at,4.857538954270346,CAMTA2,False
11757894_x_at,4.85206466261605,NFKBIA,False
11757769_s_at,4.851115570429726,VCL,False
11741883_a_at,4.850119000754484,MRPL39,False
11722562_s_at,4.849761100095767,CDK4,False
11763890_at,4.8496303549008415,EIF5,False
11735041_a_at,4.849246111155297,C1orf52,False
11736632_at,4.848201940749065,APOBEC3H,False
11726856_at,4.846375629807317,ADAMTS5,False
11722027_s_at,4.845893216210438,UBE2G1,False
11763537_a_at,4.845459952770162,RAD51D,False
11723187_at,4.844322310348007,FGD6,False
11729949_at,4.84374387784552,KLHL14,False
11731689_x_at,4.841606524244342,TUBA3D,False
11729691_a_at,4.840542628140859,KLHL24,False
11719684_a_at,4.839909382168933,NTS,False
11748468_a_at,4.839850089604315,DVL3,False
11746812_a_at,4.839718926997472,BCOR,False
11749309_a_at,4.83823845607452,PRUNE,False
11749808_x_at,4.838075316765605,ZNF107,False
11734480_at,4.837751705496162,LINC01600,False
11729735_a_at,4.836951690429575,SPECC1,False
11751877_at,4.836295885634397,ZNF236,False
11753823_a_at,4.834095517071582,S100A8,False
11737864_x_at,4.8330110937824164,PIGF,False
11740060_at,4.83258243508121,FABP2,False
11731402_at,4.831755378832247,TMCO1,False
11762338_at,4.82765368345289,GSTP1,False
11717760_a_at,4.825200173911801,GMFG,False
11760774_x_at,4.823861351817216,GNL1,False
11759566_a_at,4.822770072513583,NPL,False
11727899_a_at,4.822641996321046,CLMN,False
11741987_a_at,4.8220140186500124,TSGA13,False
11720305_a_at,4.821196308506173,VAT1,False
11731709_a_at,4.820360779243781,TMEM5,False
11759097_a_at,4.819819710635357,ZNF703,False
11736548_s_at,4.818682921410018,FANCD2,False
11740362_a_at,4.812895885384297,FOXN3,False
11757024_s_at,4.812348850421679,RNASEK,False
11721499_x_at,4.8103488538259285,CTSA,False
11753111_x_at,4.809633953891998,IL10RB,False
11719489_a_at,4.8087205756890326,EDNRA,False
11728004_s_at,4.807107107107724,RALGPS2,False
11754301_a_at,4.80484723455317,ATP2A2,False
11716304_a_at,4.804548446881778,ABHD14B,False
11723684_a_at,4.804293597064739,RPUSD2,False
11752074_x_at,4.8033993878712025,GK5,False
11764141_x_at,4.801701573650533,SLC25A1,False
11726295_x_at,4.801533067472304,ZNF500,False
11715458_a_at,4.800544387670838,COX8A,False
11726147_at,4.8003030908010675,C17orf96,False
11715920_a_at,4.799251629698349,PGRMC2,False
11745550_s_at,4.798530932962623,TBC1D26,False
11738315_x_at,4.797835305588777,SLC35G3,False
11729381_a_at,4.79538604048584,AK5,False
11745904_a_at,4.792467964852075,UQCC2,False
11749407_a_at,4.791630091035149,ZNF667-AS1,False
11731676_s_at,4.7911428758718975,CCR2,False
11717644_a_at,4.790663414004942,GPR107,False
11735199_a_at,4.787173963581902,GJA9,False
11750103_a_at,4.7836258658948925,HADH,False
11726166_at,4.783160434043527,ZNF518B,False
11756671_a_at,4.78160888264336,PGAP2,False
11754546_a_at,4.781514879159778,TMEM25,False
11743752_a_at,4.777784221412971,NELFA,False
11722920_s_at,4.773577512683782,DOLPP1,False
11715446_a_at,4.773221301782719,DNAJB1,False
11743857_at,4.772003469049439,KRT28,False
11748782_a_at,4.771730678957288,CASP9,False
11734488_a_at,4.771476552771513,HIPK1,False
11735739_a_at,4.769288956967265,RASA3,False
11736123_a_at,4.768335593526032,FCGRT,False
11723065_at,4.767901805673022,ENDOG,False
11733477_at,4.767133971303818,SUCNR1,False
11754175_x_at,4.765697057606416,IGHV3-13,False
11743483_a_at,4.763261471361542,RNASEH2B,False
11724100_at,4.762835524970918,MAP3K6,False
11725670_s_at,4.761347102823907,IPO7,False
11726740_s_at,4.7601851668534625,EARS2,False
11739750_a_at,4.75993235800174,SPTLC3,False
11745808_a_at,4.7599236400496485,KIAA0040,False
11743130_a_at,4.757563525602722,SORL1,False
11751299_a_at,4.75752085605757,APOL2,False
11740036_at,4.75391232248567,CARD8,False
11723758_a_at,4.753285762690735,ZFR,False
11742688_s_at,4.752920118094068,HIST2H2AA3,False
11764065_at,4.752192792583672,LOC105375848,False
11734889_at,4.751846838557949,MRPL43,False
11741024_x_at,4.747716253647589,TBCCD1,False
11731178_a_at,4.745606857886242,FAM189A2,False
11757907_x_at,4.7438716705041495,HSPA1A,False
11744868_a_at,4.743848987793935,SMC2,False
11741114_x_at,4.742337750400886,PDCD4,False
11762274_x_at,4.742296288731378,HLA-DMB,False
11755605_s_at,4.740324219186171,MALAT1,False
11747470_a_at,4.738740458022564,ZNF512,False
11742699_a_at,4.737367795191647,C1R,False
11755703_a_at,4.735554151105248,ZNF287,False
11758499_s_at,4.7332643196125606,DTL,False
11715465_at,4.731484603836004,IGFBP4,False
11732320_a_at,4.725526136078348,ZNF92,False
11715732_at,4.725159788453314,PSMB3,False
11724686_x_at,4.724470515507612,IFNAR2,False
11750007_a_at,4.723772466952845,S100Z,False
11752235_x_at,4.723565411490986,IKBKB,False
11754630_a_at,4.721977631761647,MLKL,False
11731221_at,4.7195685632738735,MICU3,False
11746018_a_at,4.716797658574891,GRAMD3,False
11716277_a_at,4.712155993380853,CBX5,False
11759151_at,4.706441218482314,SPC24,False
11721241_at,4.705320257297084,OLIG1,False
11741767_x_at,4.704973678520287,DNAH12,False
11734237_a_at,4.701158559189472,OXLD1,False
11734457_x_at,4.699967683173994,WDPCP,False
11738411_a_at,4.697124353379642,C1QTNF7,False
11748060_a_at,4.6932377640396625,ADAMTSL4,False
11736781_x_at,4.692945141453941,RAB11FIP1,False
11722568_at,4.689986686757934,NT5C2,False
11760987_a_at,4.6898788050732065,SLC17A3,False
11749148_a_at,4.689823261726015,PEX5L,False
11740186_a_at,4.689052789745985,ZKSCAN5,False
11721322_at,4.688284851412988,UNC93B1,False
11720802_s_at,4.687958615563322,BIN3,False
11721719_at,4.687918722926965,NAAA,False
11755645_a_at,4.687513041761066,ZNF529,False
11761899_a_at,4.687494236513485,IGH,False
11763599_a_at,4.685590774752647,GPATCH2L,False
11717171_at,4.6842471110499675,BCL2L2,False
11759169_a_at,4.68112675244903,CFAP74,False
11754088_a_at,4.680142158281963,PLEKHF1,False
11716777_s_at,4.679849133200596,EPS8L2,False
11733239_x_at,4.67979926553439,RPGRIP1L,False
11725504_a_at,4.6795047166813415,GDF11,False
11761763_a_at,4.678393693226674,CD9,False
11729777_at,4.675115764018526,TMTC2,False
11759179_at,4.673040617483758,TMEM38B,False
11753021_x_at,4.671764004598277,TOM1,False
11750574_a_at,4.670657154035381,ATP8B3,False
11763733_x_at,4.6696783051729165,FMNL1,False
11727709_s_at,4.669244005842429,LIPT1,False
11755533_a_at,4.669100151384503,ADGRA3,False
11732073_x_at,4.667866131128729,ARL6,False
11720732_a_at,4.667664642785234,SUMF1,False
11726075_a_at,4.66691324464214,PDCD2,False
11726711_x_at,4.665717366816588,PFAS,False
11752679_a_at,4.665484799513481,TAB3,False
11718540_at,4.66526898122929,TMEM243,False
11754884_s_at,4.664488686358785,WDFY1,False
11752592_a_at,4.663716466764735,CEP170,False
11729124_x_at,4.662267601442016,RCN2,False
11739382_at,4.662115867568719,GPR85,False
11728424_x_at,4.659902942786035,PILRA,False
11752788_a_at,4.659699964238153,VGLL4,False
11716194_a_at,4.656399620419413,SETD2,False
11724801_a_at,4.656067456416297,NSRP1,False
11724803_at,4.655547652572248,TMEM55B,False
11732180_a_at,4.655534176178698,PTAFR,False
11756139_s_at,4.652609113884144,LOC728554,False
11740077_a_at,4.6523288577669355,DLG2,False
11759433_at,4.648905852919762,POLR3A,False
11728241_at,4.647576049820486,RRAGD,False
11735991_at,4.647401433336341,LARS,False
11744510_a_at,4.6472637744165155,RANGRF,False
11745225_a_at,4.646295237927993,HN1L,False
11736453_at,4.640311011432171,ZNF197,False
11733065_a_at,4.637750477835338,NFYB,False
11750888_a_at,4.635750976793151,PMCHL1,False
11747311_s_at,4.6331146321391135,WBP11,False
11731886_at,4.631186238452373,SCGB1D2,False
11740096_a_at,4.6310749199738925,TMCC1,False
11724262_s_at,4.628310648356077,TRIO,False
11720282_at,4.626752107273292,NACC1,False
11756530_x_at,4.6258065869227645,ST7L,False
11724433_at,4.625375353306048,ZCCHC18,False
11746256_x_at,4.624252055898641,ORM2,False
11738764_at,4.623822419480969,TAS2R16,False
11727602_x_at,4.622513603324421,PF4,False
11761647_at,4.622095929800564,ZNF333,False
11723803_a_at,4.620800609764986,TREM2,False
11738959_s_at,4.620737181683788,CARD17,False
11724751_at,4.61780219155182,MRTO4,False
11739461_a_at,4.617193221588782,ECE1,False
11750126_a_at,4.616733724380551,MANBA,False
11761779_a_at,4.616529257864181,MPZL3,False
11729263_x_at,4.613688132373651,SERPINB9,False
11731838_at,4.613101988715794,SPTLC1,False
11715825_a_at,4.612056936033369,PRMT1,False
11731833_a_at,4.611293379713686,AK4,False
11741686_a_at,4.607167840167022,FAM185A,False
11749705_a_at,4.605497819037984,NCOA5,False
11752188_a_at,4.60519315332612,GIGYF2,False
11732326_x_at,4.602900649187743,PBLD,False
11745849_a_at,4.600793703116989,PPP6R3,False
11736170_a_at,4.599300805898891,MTMR2,False
11741217_a_at,4.598802363853357,EDARADD,False
11750736_a_at,4.5971016403841665,STEAP4,False
11728060_x_at,4.596439742204924,LRTOMT,False
11734264_at,4.5957082002720275,CERS3,False
11720809_x_at,4.594533057803193,MZT2B,False
11732863_at,4.592921291098494,OXER1,False
11742501_a_at,4.5921904128769055,CLTA,False
11724163_at,4.59166366817179,HLA-DOB,False
11730901_at,4.590010271976111,MBOAT2,False
11752646_a_at,4.589546190441661,KCNJ5,False
11725781_at,4.58893007047272,ZC3H8,False
11721911_at,4.587658753908256,SOX8,False
11728926_at,4.587479515084767,NFAM1,False
11759956_a_at,4.586368510579652,ACTR3C,False
11761504_at,4.586332795315477,SOHLH2,False
11722748_at,4.584381352368468,HOOK3,False
11726348_a_at,4.5840659409752575,EMSY,False
11745286_a_at,4.583803514106154,EIF4E3,False
11762112_a_at,4.58345872463727,HLA-F,False
11725535_a_at,4.582819076704417,TBC1D31,False
11731056_a_at,4.582570386737986,CTAGE5,False
11738122_a_at,4.581829614887639,NR5A2,False
11762452_at,4.581427590253345,CASS4,False
11715384_x_at,4.581391917756554,PHB2,False
11726387_a_at,4.580824977631385,ZFP82,False
11750632_a_at,4.578655786384998,ZFYVE16,False
11760869_x_at,4.577060079271692,ACOT8,False
11724293_a_at,4.576347136694058,TRIT1,False
11759826_x_at,4.576162384065953,GPNMB,False
11745213_a_at,4.576028931579467,SMARCB1,False
11732397_a_at,4.574745185238125,IFT80,False
11756882_a_at,4.572954175556944,RTTN,False
11760544_at,4.572247055042371,FAM160A2,False
11732494_at,4.5715884234719,AUNIP,False
11735428_a_at,4.571122659797269,NLRX1,False
11726837_a_at,4.570899210860936,SCAI,False
11722953_a_at,4.570867156995805,BIK,False
11751305_a_at,4.570805576875745,B4GAT1,False
11735125_a_at,4.570189060324867,CNKSR3,False
11749723_a_at,4.569327527819165,FUT8,False
11720836_a_at,4.568659169942011,RIN2,False
11723965_at,4.564976587201684,AGA,False
11722341_s_at,4.564258743859808,PRR12,False
11719938_s_at,4.5625126622588015,CAND1,False
11744907_a_at,4.561381627292049,ASUN,False
11720612_x_at,4.559753359772412,NAP1L5,False
11732005_at,4.558333021851776,ADAL,False
11727496_x_at,4.557059374269204,LRRC75A-AS1,False
11729003_at,4.556464427601779,ADRB1,False
11737751_x_at,4.556447275980469,TMEM254,False
11759656_a_at,4.555297066557926,KLHL7,False
11755708_s_at,4.554424832985982,SLC9B1,False
11751238_a_at,4.553317821066526,HINFP,False
11756388_s_at,4.552867789561831,TRMT10C,False
11715812_s_at,4.5520351282285185,MLLT6,False
11758496_s_at,4.549367400966254,SMARCAD1,False
11748107_a_at,4.547092963904279,UBP1,False
11727678_a_at,4.543230784634518,MTMR14,False
11738879_s_at,4.540570552316547,PSG1,False
11729769_a_at,4.539951864659705,CD38,False
11715532_a_at,4.533755746009527,IFNGR2,False
11736253_a_at,4.5336957721801285,NUP160,False
11745978_s_at,4.5317948124422065,SMG1,False
11724245_a_at,4.529820264377522,TMEM127,False
11720608_a_at,4.529555631138486,S100B,False
11735167_x_at,4.529153053117395,RFC2,False
11733431_s_at,4.527680899378912,ZNF382,False
11756335_a_at,4.52757213304679,CARD19,False
11745924_at,4.52690464596761,ZEB1-AS1,False
11753346_a_at,4.5267155782474715,TTC23L,False
11727366_x_at,4.526514424839703,MED29,False
11756472_x_at,4.5236456943178185,TRMT61B,False
11759049_at,4.522661751158762,ACSS3,False
11727016_s_at,4.522424914779017,PAPPA,False
11743426_s_at,4.521129123154535,AHCYL1,False
11718334_a_at,4.520454932083349,GRB2,False
11723172_a_at,4.520242271057811,IL17RD,False
11716427_a_at,4.519582821570195,POMC,False
11715990_s_at,4.519520401475841,COX7A2L,False
11759457_x_at,4.518255744105422,LOC650293,False
11736299_at,4.516530560913338,LPAR5,False
11718531_a_at,4.516393533462388,CAD,False
11735004_a_at,4.515876864728163,JADE1,False
11758360_s_at,4.51452435445939,MRAS,False
11739925_x_at,4.514191550346602,ZNF37A,False
11760625_a_at,4.514144925669139,SLC35B3,False
11728349_a_at,4.510604527228607,STIM2,False
11742683_x_at,4.5101189897165135,HIST1H1C,False
11729338_x_at,4.510078454392524,PSTPIP2,False
11741900_x_at,4.508724765004069,KIR2DL1,False
11721696_a_at,4.507957622172176,MRPL18,False
11753844_x_at,4.506667136537199,NDUFA3,False
11725242_at,4.506326599014102,PNOC,False
11754559_a_at,4.506041124024908,SBSN,False
11758626_s_at,4.505194982618621,UBA2,False
11738081_a_at,4.504815220498939,ZNF235,False
11722735_at,4.504602868852469,APPL1,False
11726983_s_at,4.504135610610443,CCNC,False
11728708_at,4.503767444773939,EMP2,False
11716513_a_at,4.5034275537535695,MOCS2,False
11743791_s_at,4.503289979851535,FRS2,False
11757304_s_at,4.500033894863455,ARL2BP,False
11730198_s_at,4.499401394367605,TECR,False
11751459_x_at,4.4972251060323725,LRG1,False
11754779_a_at,4.49634178736315,MSANTD2,False
11759630_at,4.49603370567303,GPATCH2,False
11748076_at,4.495812481430432,ZNF487,False
11721326_at,4.494375909798263,C3orf14,False
11737797_a_at,4.493091273497201,STRIP1,False
11739683_x_at,4.4926840461744595,PHF2,False
11730805_a_at,4.490517813492128,BCAS3,False
11716993_a_at,4.488709923360916,CSF1R,False
11727062_at,4.487197230867597,FIGF,False
11763000_s_at,4.486085294534058,TRAV2,False
11755777_a_at,4.485411484653151,RECK,False
11715380_s_at,4.48137788826587,LAPTM4B,False
11738344_at,4.480514087038225,ARSD,False
11723177_at,4.479925668512828,FRAS1,False
11720441_x_at,4.47957881692248,OLFML2B,False
11759417_s_at,4.477409101610053,HSPA9,False
11751959_a_at,4.477177219694006,NEK1,False
11752423_a_at,4.476263406774906,F13A1,False
11737708_a_at,4.474373386708793,ORC5,False
11748321_x_at,4.472785988780262,STARD4,False
11725910_a_at,4.4715576961854815,COL4A6,False
11727088_a_at,4.470563519815078,DACH1,False
11758663_s_at,4.466953602686097,MATR3,False
11756178_s_at,4.465627000329498,CMTM6,False
11747422_a_at,4.464371811213373,WBSCR22,False
11732888_at,4.463734813754237,VENTX,False
11722782_at,4.463432330875498,FGFBP2,False
11742886_s_at,4.462848587024758,BAG5,False
11719367_a_at,4.462748652284248,PLEKHO2,False
11740491_at,4.456313850457803,FAM110C,False
11758944_at,4.4509917295803305,NFYA,False
11724728_a_at,4.448374797874688,CD8A,False
11729663_a_at,4.448028372316725,CHEK1,False
11726175_a_at,4.447483904686108,CACNA1D,False
11716072_s_at,4.447442668228005,ATP6V1B2,False
11759918_at,4.4470761239411045,SPATA6,False
11734396_at,4.445191724509135,HRASLS2,False
11758625_s_at,4.442828326996362,GSTA4,False
11716738_at,4.442327185011429,MSRB1,False
11739150_x_at,4.441448155599402,MTG2,False
11724106_a_at,4.441402870923838,BATF2,False
200062_PM_s_at,4.440342364483687,RPL30,False
11754350_a_at,4.438769193970811,GPANK1,False
11737120_x_at,4.43787656660233,DACH2,False
11751467_a_at,4.437805086503295,PIGU,False
11763424_at,4.4374299235048165,ARRDC3-AS1,False
11757477_s_at,4.436817655596594,LASP1,False
11760881_x_at,4.436703450482723,TTF2,False
11719642_at,4.435707278346339,CDS1,False
11755738_x_at,4.434222636119141,MACROD2,False
11728683_x_at,4.427971227450727,KRR1,False
11723106_a_at,4.427412693767053,NCF4,False
11715207_at,4.424619909314142,WDFY4,False
11725842_a_at,4.424044434383571,PIF1,False
11732242_a_at,4.423925748945607,PLK4,False
11721511_at,4.421213019284404,NUS1,False
11727342_at,4.419794029498041,ATG9B,False
11759741_at,4.419555852167251,COMMD3,False
11741199_a_at,4.41884259649097,LRRCC1,False
11718076_at,4.418478478177524,MAPKAPK3,False
11727092_x_at,4.417849304705959,IL18,False
11732183_x_at,4.41723473674659,SLC35E4,False
11716472_a_at,4.415402276943102,RAF1,False
11721574_a_at,4.414530496076914,ELF4,False
11759586_s_at,4.4099016340299775,RAB18,False
11716020_s_at,4.408879785048417,RAD23A,False
11725140_x_at,4.406691295539042,FUBP3,False
11760546_a_at,4.406358010579296,POLM,False
11718580_a_at,4.405418946945994,COQ9,False
11717023_a_at,4.404888258905322,SDF2,False
11732284_x_at,4.40143777350447,HSH2D,False
11762099_x_at,4.401141351966097,IGHA1,False
11729161_s_at,4.399971843792665,RPF2,False
11725251_a_at,4.399054693994388,PTPDC1,False
11761994_at,4.397903772058438,ALS2,False
11738743_at,4.39657563573218,OR8H1,False
11749463_a_at,4.3961718093579565,SEMA5B,False
11729812_at,4.395691920679123,ZADH2,False
11734917_a_at,4.39038643746822,METTL4,False
11763586_s_at,4.39027761737729,ATF2,False
11763183_at,4.388704098730937,RQCD1,False
11727772_a_at,4.38837784434709,PITPNM2,False
11722047_a_at,4.3851705805331544,LDAH,False
11746915_x_at,4.3843233828050865,ACAD8,False
11732813_at,4.383978803756488,DCANP1,False
11755592_s_at,4.382251368081219,DNAJC24,False
11720650_a_at,4.381737091848397,DUSP23,False
11719164_a_at,4.379953616827739,CLCN5,False
11751455_a_at,4.379818756291716,REEP1,False
11728943_at,4.379688083880459,ZNF404,False
11754072_a_at,4.379379692240561,TCL1A,False
11743841_at,4.378409987207502,PLCXD2,False
11752207_a_at,4.377404830622704,PRDM1,False
11726533_a_at,4.377376058817868,CCDC148,False
11757816_s_at,4.377202509054185,MARCKS,False
11743091_x_at,4.375352365626805,SLC36A4,False
11741078_x_at,4.373290003058588,NXPE3,False
11717038_a_at,4.371909384496178,RNF13,False
11715918_s_at,4.369452460739887,CD24,False
11762321_s_at,4.369100770739004,TRAV12-2,False
11762434_s_at,4.368859868553093,CSNK1A1,False
11719965_s_at,4.368015139648715,U2AF1,False
11715507_s_at,4.367552045900757,MAGED1,False
11749370_x_at,4.367072375883316,XAF1,False
11748966_a_at,4.364199250113651,JARID2,False
11742086_a_at,4.363119796025434,PRMT3,False
11725178_at,4.360915752274278,KCTD11,False
11742855_at,4.360628601123768,ASNSD1,False
11757142_s_at,4.359027530462015,SNHG12,False
11719958_at,4.3588736447693215,SGPL1,False
11727019_at,4.358634648634838,ABI2,False
11759292_at,4.3580019629999915,FAM63A,False
11728083_at,4.357639444047319,DGKE,False
11731532_at,4.355761394266355,MTPAP,False
11736591_at,4.354833260607338,BOD1L1,False
11751727_s_at,4.354159368654478,TYW3,False
11724178_a_at,4.353756849518598,DAAM2,False
11724707_at,4.35197843422653,ST8SIA3,False
11759688_s_at,4.351065380126769,PANK2,False
11750647_a_at,4.350561520636405,ASCC3,False
11730854_a_at,4.350320525113894,TMEM39B,False
11735862_at,4.348348560016801,DLEU7,False
11745165_a_at,4.347576224391223,TRAF3IP3,False
11743658_at,4.347471461138592,H2AFY2,False
11750586_a_at,4.34722115685174,CSMD1,False
11739574_x_at,4.346555769436429,ZNF532,False
11731340_at,4.3458523220194225,NOD2,False
11762344_at,4.344551276741665,RPS18,False
11727860_at,4.343871478358984,TMEM209,False
11720705_a_at,4.343135251997119,USE1,False
11740377_a_at,4.341256922515287,PXMP4,False
11724377_at,4.341250877504681,PAG1,False
11728603_a_at,4.338811551627253,CLDN23,False
11716793_a_at,4.3383500158404855,CCNB2,False
11718947_a_at,4.33754272972936,MPP5,False
11723578_a_at,4.337535412461342,SMIM13,False
11741322_a_at,4.3373464051864214,CCR3,False
11718616_s_at,4.33655986879135,RABEP1,False
11762580_at,4.3364776782174905,LOC102723502,False
11760180_at,4.333078241644061,CSNK2B,False
11720573_at,4.332184135337463,ATP8B1,False
11756459_a_at,4.331940175451807,SLC22A18,False
11731000_at,4.3309589257897985,AP5B1,False
11736385_s_at,4.33054628308894,METTL10,False
11717469_at,4.330222096072288,EPT1,False
11725423_a_at,4.329018601910984,ZNF521,False
11724424_at,4.326311678537966,GPR68,False
11726686_a_at,4.326291626330337,IRF5,False
11763889_x_at,4.325025026554961,SNHG8,False
11759255_at,4.323529038082699,PCDHGB5,False
11757984_s_at,4.322500998193555,RAD17,False
11751254_a_at,4.31903081984684,PPP3CA,False
11757897_x_at,4.318929727159915,SERPINB6,False
11742828_s_at,4.318339524847479,PHF3,False
11726152_a_at,4.316806515383553,ZBTB21,False
11746523_x_at,4.315400652215906,FOXO3,False
11756356_a_at,4.314636109718788,FAM81B,False
11727082_a_at,4.314567868890227,NPEPL1,False
11763732_at,4.313629290922824,PPM1F,False
11727825_x_at,4.313228289909179,TPMT,False
11730128_a_at,4.312694076822123,SETD9,False
11727460_at,4.310395339992897,ZXDC,False
11716567_a_at,4.307787155524302,PRRC2C,False
11724934_a_at,4.30741348114511,THAP7,False
11729697_at,4.307188516650091,C2orf69,False
11721596_s_at,4.306964323928044,CDYL,False
11724167_s_at,4.306834847958709,COLGALT2,False
11744469_a_at,4.305608709011903,TBCD,False
11742698_at,4.303486389042484,SCG5,False
11724452_a_at,4.302495954016149,PATZ1,False
11758906_at,4.302338161890296,DNAJC5,False
11758926_x_at,4.301833881423692,PSPC1,False
11762708_x_at,4.301007968390659,POTEC,False
11719802_a_at,4.298064569682143,ELF1,False
11758584_s_at,4.296731907159874,STYX,False
11751660_a_at,4.295582727995217,TULP3,False
11763263_at,4.295229069095756,SRSF11,False
11715684_a_at,4.294809184632772,PPA1,False
11716459_at,4.293599349147244,TUBA4A,False
11758200_x_at,4.293108161448264,CKS1B,False
11725905_a_at,4.292242297354836,S1PR3,False
11746761_a_at,4.291440720185504,PXK,False
11723523_x_at,4.289949127662229,PAEP,False
11718127_at,4.2897130177787925,TK1,False
11727240_a_at,4.289228496204647,C4orf19,False
11715626_a_at,4.2887670954391375,RPL11,False
11743711_a_at,4.288709963828656,C22orf23,False
11748522_a_at,4.2875793224492975,ARFIP2,False
11720209_at,4.287255640628416,IRF9,False
11725138_at,4.286822010486977,S100A12,False
11731962_a_at,4.286263472666504,ZNF709,False
11735064_at,4.285569376308173,ITGB3,False
11759439_at,4.2826276035313295,PRKAR1B,False
11722343_at,4.282573047725607,ZNF558,False
11736178_a_at,4.281964723117823,TRNT1,False
11751378_a_at,4.28178097262983,TMEM161B,False
11722855_at,4.281381855060244,PDGFD,False
11763909_x_at,4.281203197560881,SNORD8,False
11735693_x_at,4.277788571476139,SPRR2E,False
11739405_a_at,4.277262904234136,FPGS,False
11745064_a_at,4.27467768868959,GNPTAB,False
11756995_a_at,4.274380526813187,GNB2,False
11763940_x_at,4.273854961230651,LOC284441,False
11750258_a_at,4.273458968408337,ATXN2L,False
11737690_a_at,4.273334279108225,ZP3,False
11746351_a_at,4.273021054703238,REV3L,False
11745275_x_at,4.271380517204678,ITCH,False
11760259_at,4.270311616053879,SRSF9,False
11721856_a_at,4.269278145343483,PIGK,False
11749821_x_at,4.268995297881352,CCT4,False
11751150_a_at,4.267864065127454,SNIP1,False
11737962_a_at,4.2675593575845925,AUTS2,False
11757764_s_at,4.26743604481465,MSMO1,False
11736212_x_at,4.266524750437241,MRPL57,False
11723140_at,4.266474300524348,ZBTB11,False
11752836_a_at,4.2656214125108,ADGRE2,False
11740958_x_at,4.265529753196014,CEP63,False
11717509_at,4.265517972803512,IRF4,False
11761516_x_at,4.2650796298718285,HNRNPM,False
11763715_a_at,4.263578989705032,GNLY,False
11722537_at,4.262593474063546,MSANTD3-TMEFF1,False
11719271_s_at,4.262523107274876,GUSB,False
11757338_x_at,4.2620486874306165,GRHPR,False
11744829_s_at,4.259790925706186,HLA-E,False
11741376_a_at,4.25895271248093,LRP8,False
11715189_s_at,4.254388046183543,H3F3B,False
11750841_a_at,4.254083283363604,PPP1R21,False
11755084_x_at,4.2538281489804035,CD55,False
11719302_a_at,4.253587074198155,PYGL,False
11741290_a_at,4.253023718903395,TNFSF14,False
11745714_a_at,4.251570616016179,KCNAB2,False
11734750_a_at,4.251517811065954,LIN52,False
11716949_s_at,4.250898699428224,TM9SF3,False
11734287_at,4.250534412904925,HBM,False
11736112_a_at,4.248869126160583,ARHGAP18,False
11739796_a_at,4.248450363312729,RHBDF2,False
11733104_at,4.247768272895805,POLD3,False
11730490_at,4.246920141366952,UNC5A,False
11745028_a_at,4.244019358838298,NKRF,False
11739386_at,4.242883293825557,CDC73,False
11725587_a_at,4.242723229092072,RAB36,False
11735224_a_at,4.241285858242129,KLRG1,True
11726090_at,4.240512285121079,VPS53,False
11758095_s_at,4.239579224764263,FPR1,False
11720349_at,4.238736976834849,ROPN1L,False
11730501_a_at,4.23732591392472,CACNA2D3,False
11735369_at,4.237106847804951,UNC5C,False
11724914_at,4.235470546786727,SPATA18,False
11748038_s_at,4.2345455628710305,CS,False
11722228_at,4.234500461319718,DNAJC30,False
11758448_s_at,4.233484543438369,TICAM2,False
11729544_at,4.231855293192784,MAGEC1,False
11763060_a_at,4.230819948782555,NPSR1-AS1,False
11750041_s_at,4.230030135928228,ANXA5,False
11753115_a_at,4.228736143266093,CLEC12B,False
11722534_at,4.22856401309134,RPRM,False
11717622_s_at,4.228250245985659,SUCO,False
11722808_at,4.227970547920936,SP1,False
11743008_a_at,4.225793485014721,ARHGEF1,False
11718058_a_at,4.224281496076638,TYMS,False
11717720_a_at,4.223035269643526,ST6GAL1,False
11743356_a_at,4.2207982529180486,ZBTB40,False
11742880_a_at,4.22044566001644,UBE2B,False
11722248_a_at,4.218601810965183,RASSF1,False
11719204_at,4.218597492553944,ANKLE2,False
11734708_at,4.217506993498637,SMIM15,False
11753687_x_at,4.2173369177770414,AGTRAP,False
11727653_at,4.216187531617416,SRRM4,False
11744887_s_at,4.215553191773305,ZWILCH,False
11736553_a_at,4.213262729962646,TGFB2,False
11742836_a_at,4.213095611236473,UBXN4,False
11719949_a_at,4.212844478643666,SPDL1,False
11740790_a_at,4.209640834052477,ELK4,False
11741578_a_at,4.208958844906494,SLC30A2,False
11733240_at,4.20834700207772,IRAK2,False
11764028_at,4.2073633149419845,LOC105375687,False
11740000_a_at,4.207040891382502,CPEB3,False
11726181_at,4.206088746264824,SMYD4,False
11755062_a_at,4.205457706259806,KDELC1,False
11742730_a_at,4.204755079034404,CAPS,False
11722510_at,4.200941777887098,CRTC3,False
11759989_x_at,4.1999282299979575,SCD5,False
11742537_a_at,4.198109776206327,BAX,False
11723546_s_at,4.197604527163648,PLD1,False
11725157_a_at,4.189037786265034,CCDC91,False
11735124_a_at,4.1888391429582015,IPCEF1,False
11725176_s_at,4.187833845030523,AGTR1,False
11751127_a_at,4.184505046433629,SHISA5,False
11715829_at,4.183933260210927,PLS3,False
11729555_a_at,4.183672765142295,SUSD4,False
11738494_at,4.181561237563898,OCLM,False
11729208_x_at,4.181131108339788,PTPN11,False
11752267_a_at,4.181111295940103,RPS6KA4,False
11732831_s_at,4.180899507937067,RNF216P1,False
11719735_a_at,4.179732294804832,BAG6,False
11762537_at,4.177881053941114,LINC00328,False
11732306_x_at,4.1762991298988945,CREB1,False
11762359_x_at,4.175636616421849,SPRY4,False
11720624_a_at,4.174856881617196,MYD88,False
11720784_a_at,4.174654737619433,ACTL6A,False
11763743_at,4.173169403904467,AMT,False
11724282_a_at,4.171895043557326,UGT1A1,False
11716064_a_at,4.1698314443483655,SLC37A4,False
11720043_a_at,4.16942533152462,ABHD16A,False
11759960_a_at,4.168819816460329,TXLNGY,False
11746236_a_at,4.165797327895008,LIN37,False
11751070_x_at,4.165624457029181,TOMM40,False
11719077_a_at,4.164840576038752,RPUSD4,False
11753965_at,4.163421854273541,MSL3P1,False
11759088_at,4.159348248970189,MARCH1,False
11755212_a_at,4.1571113909621085,SVOPL,False
11754889_a_at,4.156550176679703,PRIMPOL,False
11722387_at,4.156211692475167,MIDN,False
11717473_s_at,4.154421690069738,IGFBP1,False
11757543_s_at,4.154389643462049,MYADM,False
11728744_at,4.1541421172059145,C4orf46,False
11761452_at,4.153193725325634,GOLGA3,False
11754675_a_at,4.1531889042968695,CLIP4,False
11720109_a_at,4.1528845176001274,CREB3L4,False
11754598_s_at,4.15124999768986,DNAJA3,False
11734049_a_at,4.14941356003626,SEH1L,False
11759578_s_at,4.14507314840681,RASSF8,False
11739745_a_at,4.144729090053069,MLH3,False
11747001_a_at,4.1446516861816605,ZNF615,False
11764149_s_at,4.144342492394575,DUSP16,False
11753702_a_at,4.143571695532048,TMEM220,False
11729435_a_at,4.143210390784335,ZBTB22,False
11739524_a_at,4.143071106128461,MPRIP,False
11733276_a_at,4.1410909089096215,SLC2A2,False
11754248_x_at,4.140540243455631,NAPEPLD,False
11757408_x_at,4.139763637292776,RPS20,False
11725902_s_at,4.139531909676804,TMEM135,False
11736555_s_at,4.1385688960545695,SLC2A14,False
11723018_at,4.137994173546903,LCMT2,False
11748659_a_at,4.136612539855984,EFEMP1,False
11749990_x_at,4.1364478622643785,HLA-A,False
11750465_x_at,4.129196639345452,NFYC,False
11758219_x_at,4.127305026508317,RRM2,False
11744550_x_at,4.126676786511678,COX20,False
11747670_a_at,4.1240329539854965,WDR73,False
11725596_a_at,4.123394332186381,ZDHHC23,False
11716303_s_at,4.122504702110072,SRSF6,False
11731695_at,4.121637569271277,CXXC4,False
11763463_a_at,4.121065783935285,ATF3,False
11730719_x_at,4.12023943136506,AP1S2,False
11747642_a_at,4.119968616249612,TMEM129,False
11721699_a_at,4.117725121615466,PMS1,False
11743395_s_at,4.117677401949215,BMI1,False
11755137_a_at,4.117006958164767,CCDC109B,False
11726451_a_at,4.11689816902821,B3GAT1,True
11728735_a_at,4.116317957662534,ZBTB38,False
11727841_a_at,4.115852213321697,PRKCD,False
11732390_a_at,4.1145070514764415,CCR9,False
11756864_a_at,4.113276135297386,ZFAND3,False
11731422_s_at,4.112309024268166,FCGR3A,False
11723739_s_at,4.11203729889153,WDR36,False
11723750_a_at,4.111820724930168,TRMO,False
11722786_s_at,4.10994771744813,TIMP2,False
11735132_s_at,4.109710774086391,DNAJC21,False
11725829_at,4.109478046491254,TM4SF5,False
11733504_at,4.108804183706475,GPR182,False
200096_PM_s_at,4.105929979924289,ATP6V0E1,False
11724731_a_at,4.105156864668009,YY1,False
11736606_a_at,4.104923000914393,TAF5L,False
11724026_a_at,4.102624603107382,TCF19,False
11738712_at,4.100941527599755,OR52K2,False
11759773_a_at,4.100891597845076,LOC102723847,False
11723503_at,4.100082728209811,PRLR,False
11726473_a_at,4.099598276592767,DOK3,False
11755082_a_at,4.099355461783271,ZNF836,False
11735408_at,4.0992967477641455,SIAH3,False
11734748_s_at,4.0988222194176505,LOC100507547,False
11730372_a_at,4.09815071513061,FYB,False
11745439_x_at,4.0966379898438054,PRMT7,False
11721135_s_at,4.09662520000197,IGFBP3,False
11745183_a_at,4.095895849853589,NAA15,False
11753935_a_at,4.095565518067887,ATP6V1G3,False
11722940_a_at,4.094876133388612,SRGAP2,False
11729293_a_at,4.094809317525117,SPPL2B,False
11726760_s_at,4.092607095227108,RCE1,False
11731603_at,4.09208778761283,TMEM154,False
11718158_a_at,4.091115336898116,NMI,False
11720464_x_at,4.090646015734556,F11R,False
11750781_x_at,4.0898163661673035,CDH17,False
200050_PM_at,4.089166301077208,ZNF146,False
11718824_at,4.088137451485692,IGIP,False
11725363_s_at,4.0869538309820035,SMAD4,False
11748700_a_at,4.086394521660423,TOMM34,False
11747345_s_at,4.085185305283687,ACADM,False
11743575_a_at,4.084751382378389,CCDC180,False
11725053_x_at,4.083904881359768,TOP1MT,False
11720734_s_at,4.080417093712522,INPPL1,False
11725746_a_at,4.0799393208541535,PITPNC1,False
11730842_a_at,4.07965386649195,POLR3F,False
11757619_x_at,4.079406584937647,SOD1,False
11736047_a_at,4.079227383887036,ANTXR2,False
11753630_x_at,4.078427979565121,ARL1,False
11738415_a_at,4.078414394085039,TBR1,False
11718588_a_at,4.078051393927651,BEX4,False
11719873_x_at,4.077023981053919,LTV1,False
11763199_at,4.075514028605214,PCBP2,False
11716708_a_at,4.073173232139603,DDR1,False
11747409_s_at,4.071189210949464,ARHGDIA,False
11753283_a_at,4.071138186278758,HAUS7,False
11727153_s_at,4.068701063937095,LRRC1,False
11724974_x_at,4.06855164970931,MYRIP,False
11753715_a_at,4.068340058829811,MGST2,False
11736664_a_at,4.06600164279584,JDP2,False
11762074_a_at,4.064752221728706,SCML4,False
11736563_at,4.061594844285908,ZNF518A,False
11744427_a_at,4.059896418543945,SYAP1,False
11717064_a_at,4.0598855166034085,CPQ,False
11761141_x_at,4.059096014967457,LGALS8,False
11715579_a_at,4.0584101137647774,VKORC1,False
11746511_s_at,4.0578135629680805,SEPHS1,False
11726441_a_at,4.057368921953063,ERCC6L,False
11759831_x_at,4.056834725474374,KMT2E,False
11723953_a_at,4.056810963851592,CLINT1,False
11743438_s_at,4.055039582041274,AP1AR,False
11720703_at,4.0514285176247675,MYL4,False
11739025_a_at,4.050845298167243,HMGB1,False
11732503_x_at,4.048848619144134,ICA1L,False
11733161_a_at,4.046827124555129,TNFAIP8,False
11725576_s_at,4.046770011218083,CDC14A,False
11723563_at,4.046575479469865,VWA5A,False
11761206_at,4.046490091803342,FAM153B,False
11724148_at,4.046391684917588,SFTPD,False
11717120_at,4.044929471833964,C6orf106,False
11763225_x_at,4.043960530292054,IGLV1-41,False
11728560_at,4.043532632650888,GZMK,False
11732124_a_at,4.043494681272955,PEX19,False
11754434_a_at,4.042862372673038,CCND3,False
11745800_a_at,4.042695196905288,CCP110,False
11748710_a_at,4.041374154957225,GPATCH8,False
11745835_a_at,4.039946883734147,SF3B1,False
11730143_a_at,4.039151830087446,EPHA5,False
11725045_a_at,4.038132357078995,UAP1,False
11726663_a_at,4.037555588049074,ZMIZ2,False
11722955_at,4.037554167003415,REN,False
11758451_s_at,4.034329187980205,VCP,False
11715958_s_at,4.031289776594873,RPL7,False
11720283_at,4.030311200503715,JMY,False
11722085_a_at,4.029702210495007,PDCD2L,False
11717686_a_at,4.02715240678677,JAK1,False
11747011_a_at,4.026748107044641,DCUN1D4,False
11723347_a_at,4.025971926094018,MTERF3,False
11752179_s_at,4.025704730641627,NBR1,False
11733195_a_at,4.024280806952875,FMNL3,False
11719142_a_at,4.023135301571555,INSIG2,False
11722676_a_at,4.023050992030655,CCAR2,False
11740384_a_at,4.022718899159564,KSR1,False
11762770_at,4.022682010356986,RAPGEF1,False
11758115_s_at,4.022594471884827,PTBP2,False
11724980_s_at,4.021847411972389,PCGF6,False
11761795_a_at,4.020906282356342,ZNF138,False
11759808_a_at,4.020685141348062,PLEKHS1,False
11745441_x_at,4.020369995897683,TAF1A,False
11724355_x_at,4.015272924276355,LOC102724993,False
11733996_a_at,4.014911002114021,NADK2,False
11735105_a_at,4.01477744251289,CD40LG,False
11717164_a_at,4.014413678653545,RANGAP1,False
11716338_a_at,4.013523451193398,INSIG1,False
11758681_s_at,4.013413251423835,ASCC1,False
11758872_at,4.012338867520867,CDC37L1,False
11732461_a_at,4.0103786840961,SPINK2,False
11727304_at,4.010156806662425,TIGD3,False
11731007_a_at,4.009682194663555,MIS18BP1,False
11724550_at,4.009482919204939,RSBN1,False
11732413_a_at,4.0093730526165166,LRRC8B,False
11743352_s_at,4.008640497269541,COBLL1,False
11755684_s_at,4.007559578337271,CMPK1,False
11732336_at,4.007404130213067,SLC31A1,False
11721549_a_at,4.007266690040886,POLR3C,False
11759202_s_at,4.005139865676555,CARNMT1,False
11721514_a_at,4.005081557332218,NIT2,False
11743660_x_at,4.00471004703221,SNRNP27,False
11721956_at,4.002928737901338,RFX7,False
11726086_x_at,4.002711043680191,C12orf65,False
11730813_at,4.001652169444675,LILRB4,False
11758797_s_at,4.001315789320141,SRSF10,False
11748858_a_at,4.000813595484969,BABAM1,False
11722406_at,3.9992568662905135,PFKFB4,False
11723135_s_at,3.9987368297356216,SRC,False
11757689_a_at,3.998712580418469,MIR7-3HG,False
11733318_a_at,3.998167523734069,TACR2,False
11762555_at,3.997352033442127,ERCC4,False
11744872_x_at,3.9969346075347834,ARF5,False
11724429_s_at,3.99551424037611,ZNF337,False
11738710_at,3.9944604151677856,OR2AE1,False
11726828_x_at,3.9942014490703572,TYW1B,False
11721623_a_at,3.9934673467613435,MEOX1,False
11763578_a_at,3.9930329861162672,GLI2,False
11732609_s_at,3.99218332793272,NBPF3,False
11738215_a_at,3.990892723786467,ZNF397,False
11723417_s_at,3.9906880873275874,HSP90AB1,False
11726160_a_at,3.9886831906377607,UPP2,False
11725755_a_at,3.9886809565330275,BTN2A2,False
11756963_a_at,3.987005114554852,SOS2,False
11729195_x_at,3.985745291550041,STX16,False
11739951_a_at,3.985345049983308,GFOD1,False
11716621_a_at,3.9829693706242653,TNPO1,False
11719508_s_at,3.9811127754806446,CSRP2BP,False
11730054_s_at,3.9802092812518195,SNX16,False
11730766_a_at,3.9795116834358124,NGLY1,False
11720868_at,3.979476099780093,ZNF275,False
11723117_a_at,3.977933275830045,PCNT,False
11752084_a_at,3.975855777730896,KLHL6,False
11729772_at,3.975770021555708,RNASE2,False
11758546_x_at,3.9755390573360887,VDR,False
11721641_a_at,3.973332879838777,CAP2,False
11730299_a_at,3.9726761152191714,FAM19A2,False
11715258_s_at,3.972569875612928,PTMS,False
11719573_a_at,3.9719932745684474,TRUB1,False
11718836_a_at,3.9710657583533253,NDUFS2,False
11725801_s_at,3.9689734167957234,USP46,False
11756435_a_at,3.967478896389955,GLMP,False
11730238_a_at,3.9673799608965097,ABHD10,False
11755320_x_at,3.9670725996989478,ANKRD13D,False
11727279_s_at,3.9661327012930165,SLC4A7,False
11745146_a_at,3.965722990705402,ZNF624,False
11749789_a_at,3.9632979002538478,TP53I3,False
11727740_a_at,3.963027844255472,CD300LF,False
11742301_x_at,3.962529757712142,KIR2DL3,False
11733255_a_at,3.9614849145666415,CHKB-CPT1B,False
11738113_at,3.9613683553454777,PCDHB1,False
11754557_s_at,3.9613458732817866,PRKCA,False
11722003_at,3.961245722985379,CYCS,False
11718312_at,3.9579308471643726,ACADSB,False
11753963_x_at,3.9577044147403337,LAMP1,False
11722480_a_at,3.9561973932382646,FGR,False
11729738_x_at,3.9547126195925046,RCCD1,False
11759310_at,3.953439450864822,FAM171B,False
11750415_x_at,3.952675795534839,TUBB4B,False
11753075_a_at,3.951990558232152,TNFRSF10B,False
11723533_x_at,3.9519688830525923,BRMS1L,False
11757102_a_at,3.9517380849833117,BOP1,False
11736059_a_at,3.949711027788807,KIF5B,False
11762411_at,3.9493809108584204,OK/SW-CL.36,False
11726170_at,3.9480436402926014,FLT4,False
11726508_a_at,3.94704481394421,CDKN2B,False
11762594_at,3.9463745558278878,UBA1,False
11736296_at,3.9463057740392222,SLC5A1,False
11728968_a_at,3.946288510018964,AASDHPPT,False
11747158_a_at,3.9451918088036972,PPP6R1,False
11737807_x_at,3.9445842235277917,ABCB9,False
11751895_a_at,3.941480648156613,DOCK4,False
11753243_s_at,3.9386500407637532,BAGE,False
11744435_a_at,3.937300394396901,DUSP6,False
11744813_a_at,3.936430642378184,AANAT,False
11758870_x_at,3.936109404489172,GOSR2,False
11758904_at,3.9344481452426585,RCAN3,False
11732694_at,3.9334975727061448,PTH2R,False
11730321_a_at,3.933460488407872,CLEC2D,False
11762725_at,3.9317240205636086,SIGLEC8,False
11730069_a_at,3.9296400749139355,USP33,False
11732850_x_at,3.9293510167627343,CTAGE4,False
11734106_x_at,3.928930540906022,FBXO27,False
11740852_at,3.928652400799405,TRAPPC2,False
11717836_a_at,3.9284149617886057,AIF1,False
11756206_a_at,3.9272017580645184,YIPF1,False
11742299_a_at,3.9266571887496244,ING4,False
11720711_a_at,3.9264339646588557,NEURL4,False
11735845_x_at,3.9234193106795456,CCDC144A,False
11762287_x_at,3.9207756435064804,TRBC2,False
11751202_a_at,3.920562721948465,C19orf66,False
11723735_a_at,3.9203425036488935,RNF216,False
11720541_at,3.9191369247485492,LGALSL,False
11761790_x_at,3.9189057189235177,TRDC,False
11742459_a_at,3.918223342668545,ADGRF2,False
11759345_at,3.917870629371048,RHOJ,False
11724481_a_at,3.917091543594296,NREP,False
11718853_a_at,3.9160231303574227,ZBED5,False
11715728_a_at,3.91499551747177,ITGB1,False
11721306_at,3.910164880847179,PHLDA1,False
11741875_x_at,3.9094172991921043,AKTIP,False
11752627_a_at,3.908545571215818,CLGN,False
11725344_a_at,3.908406602042542,VPS37A,False
11730423_a_at,3.907339443608209,APCDD1L,False
11732481_a_at,3.907297240041489,ITGAM,False
11734919_s_at,3.904039530245142,TCEA1,False
11742938_at,3.9032782682989193,ASCL2,False
11739932_a_at,3.9023154732440775,FAM111B,False
11743322_at,3.9018713799166047,OSER1,False
11762134_at,3.9015515953628706,ZNF76,False
11720655_s_at,3.8998473820723256,BBX,False
11744603_x_at,3.898240111959669,GTPBP6,False
11753416_a_at,3.898150058372051,ABCA2,False
11754202_a_at,3.8970931760192564,CAPG,False
11740268_at,3.896868932574792,CCDC18,False
11739198_a_at,3.8967487940022405,DDX52,False
11755938_a_at,3.8959071906943663,DTX2,False
11745777_x_at,3.8958206311272123,TTC31,False
11740216_at,3.8957388396203925,LMOD3,False
11736903_at,3.8955083508270185,KLHDC1,False
11727873_at,3.895169774002478,NHEJ1,False
11726386_at,3.8951650422764814,PDZD8,False
11728958_x_at,3.8931750318382,E2F8,False
11746037_at,3.8923501185814846,RBM19,False
11724444_a_at,3.890876553351189,ASB9,False
11727770_a_at,3.89072711450016,NIN,False
11724116_at,3.890127981815822,UCKL1,False
11743582_a_at,3.889996970650679,EEF1E1,False
11762248_at,3.8897710164350774,BCAP29,False
11744318_at,3.888802481263969,CCDC85A,False
11761111_at,3.8886677101788454,SMARCD1,False
11728449_at,3.8867160790965305,SPTSSB,False
11730649_at,3.8866120226430834,TEX43,False
11738453_at,3.886542820781277,ACTBL2,False
11737694_s_at,3.886289558856728,LOC391343,False
11721098_x_at,3.8859266975123274,TMX1,False
11717618_s_at,3.8855536703970395,PXN,False
11751096_a_at,3.8851644118050057,SNX10,False
11755982_a_at,3.884164021988826,TNPO3,False
11721730_at,3.8838579547599963,TMX3,False
11719759_s_at,3.8833619982755314,ARF1,False
11753977_a_at,3.8823200139179663,YDJC,False
11722211_a_at,3.8809355992379855,NASP,False
11721165_a_at,3.8808182179758695,KHNYN,False
11743105_at,3.8804137487976216,PTCD3,False
11725894_at,3.878487292527167,TXLNB,False
11724252_s_at,3.8776621702532585,SLC39A8,False
11755962_a_at,3.8761753690147085,SLC25A28,False
11749606_at,3.8760037517307473,LOC399815,False
11758654_s_at,3.875459354278774,BLOC1S5,False
11747127_a_at,3.8745392523394107,RPRD1B,False
11755045_s_at,3.8722831775016524,ANKRD13A,False
11715879_a_at,3.87227698535215,PITPNA,False
11740650_a_at,3.870809006074224,SSH1,False
11763965_s_at,3.8704702972989673,MDN1,False
11757802_s_at,3.8682164899699174,NRK,False
11755717_a_at,3.8679039467562824,DOK2,False
11756126_x_at,3.8670054928167907,HAMP,False
11750149_a_at,3.8662467351337257,ZNF815P,False
11736988_a_at,3.864426946217211,NT5C1B,False
11738143_x_at,3.8631339656275174,SSX2IP,False
11738845_x_at,3.8611925013051467,NTM,False
11734568_a_at,3.8611713019710576,MUTYH,False
11723217_x_at,3.8601871381577335,SFXN3,False
11754297_s_at,3.859067527346411,TNFRSF1A,False
11721709_a_at,3.858870015475541,UBN1,False
11721704_a_at,3.858843312372675,CRIP1,False
11760106_at,3.858223095260697,ATP5SL,False
11733038_x_at,3.857614942755102,DPH3,False
11742071_x_at,3.856408927990053,RAB27A,False
11748465_a_at,3.856365784248225,POGK,False
11746534_a_at,3.854651335008325,TLR10,False
11752416_at,3.8533642444069365,LINC00598,False
11752128_a_at,3.852752866669851,IARS,False
11755859_a_at,3.8509562513771023,RNF41,False
11759810_at,3.850818069391943,PPP2R3C,False
11757432_s_at,3.8502404926719866,EBAG9,False
11719391_a_at,3.8483602431605806,PRKDC,False
11740874_a_at,3.8468113159592865,FES,False
11737532_a_at,3.8466713572630655,FMO5,False
11742849_a_at,3.846636185966619,RGL3,False
11763213_x_at,3.846202648389585,NSUN5P1,False
11759551_at,3.8461049724564265,OBSL1,False
11744773_a_at,3.8457223812528762,DSCR8,False
11723468_at,3.8434650487945636,LPGAT1,False
11728330_a_at,3.8433220482243575,MTERF1,False
11747877_x_at,3.8432082437773225,AMD1,False
11715787_x_at,3.842596425658373,ATP6V0C,False
11754374_a_at,3.8422844672868366,HKR1,False
11721102_a_at,3.839493883332643,SGSH,False
11733975_a_at,3.8384108779204595,DDHD2,False
11726653_a_at,3.837318311493925,ARHGAP32,False
11716306_a_at,3.837064882116548,ATXN10,False
11720158_a_at,3.836570313078521,WDR19,False
11751811_a_at,3.835493433008781,CCDC13,False
11743831_s_at,3.8353240810872333,RPS6KA2,False
11730056_at,3.833968694102822,MSI1,False
11716196_x_at,3.8324688926609647,ID1,False
11753300_x_at,3.8321817445232442,FCF1,False
11737727_a_at,3.8315849391129086,XKR6,False
11730328_x_at,3.831246679827527,DCAF13,False
11726427_at,3.8311693414857375,GABBR2,False
11733352_a_at,3.831095663167989,NF2,False
11721916_at,3.83062085557387,MDM4,False
11736045_a_at,3.8302514853732808,MYH10,False
11719134_s_at,3.828299552379449,COMMD9,False
11743117_a_at,3.8266433036875465,XRN2,False
11715795_at,3.8266140032668146,MANF,False
11726871_s_at,3.8254329689065942,LEPR,False
11732634_a_at,3.822950688701399,TSGA10,False
11724599_at,3.822818583135529,DCAF10,False
11731545_at,3.8220312743364917,SIK2,False
11720555_a_at,3.820472780858972,TSEN15,False
11731599_a_at,3.8187908719087407,FOSL2,False
11725770_x_at,3.818354606604795,MIER3,False
11733516_at,3.8183510485310004,DGKB,False
11717060_a_at,3.8179476958637903,DECR1,False
11719444_s_at,3.817068476818193,PTPRZ1,False
11734792_at,3.8167123706911266,SNAPC1,False
11722833_a_at,3.814860582043329,CCNY,False
11748291_a_at,3.8146557521315514,RTFDC1,False
11717133_a_at,3.8145547339561046,MAFG,False
11716643_s_at,3.8124121863953424,ERLEC1,False
11723984_a_at,3.811874430193295,PDCD11,False
11763632_a_at,3.8117587058866085,SLC12A4,False
11730633_at,3.811566949037994,MAK,False
11734990_at,3.8112895308394226,WNT3A,False
11747052_s_at,3.809695901761667,GALNT4,False
11728712_x_at,3.8078299616897118,ZFP64,False
11731939_a_at,3.8055473255880083,UCP3,False
11717563_a_at,3.8040355230889578,DTX3L,False
11748314_a_at,3.802380217464048,CDC20,False
11718040_x_at,3.801261434171649,SNRPE,False
11759285_at,3.8009216065682714,TRAF2,False
11736228_a_at,3.7975368918060353,PIGC,False
11731989_at,3.796812365373058,HESX1,False
11748730_x_at,3.7953803301617675,CDC14B,False
11728033_at,3.7950726505530366,SFT2D2,False
11750355_a_at,3.793727040586846,CCPG1,False
11726918_at,3.791640888434233,SRD5A2,False
11715983_a_at,3.791413667331824,ADNP,False
11750235_at,3.7913906089341363,YWHAEP7,False
11740875_at,3.79096622495729,KCNA2,False
11730341_a_at,3.7903900343221615,SLA2,False
11734500_at,3.7885640733506056,PABPC1L2B,False
11737916_a_at,3.786066862179468,NEK11,False
11719997_a_at,3.7856787245082133,TLE4,False
11758963_s_at,3.7844606285384916,PAFAH1B2,False
11727482_a_at,3.784440082957622,TPR,False
11718533_a_at,3.7840475608599986,SIK3,False
11759895_at,3.78288575007618,PCDH9,False
11721398_a_at,3.782700779308035,DOT1L,False
11739328_x_at,3.7815500287406825,CENPH,False
11717005_a_at,3.7814873014363517,POLDIP3,False
11759119_at,3.776900832030854,TBCEL,False
11721112_a_at,3.7737881310266124,ACP6,False
11740850_x_at,3.7727729411546225,C19orf35,False
11723775_a_at,3.7723043815983326,ZNF580,False
11733081_a_at,3.7722208732792204,ATP2A3,False
11720888_s_at,3.7718117657072683,AGL,False
11732914_at,3.7706039901305064,MEIG1,False
11732730_at,3.770551577268932,AJAP1,False
11742933_a_at,3.769570429123298,PSIP1,False
11757144_at,3.769220695382263,SNORA13,False
11749780_a_at,3.7688546556440743,BCAT1,False
11734077_a_at,3.768632115345059,TNRC6C,False
11734075_a_at,3.768482320771688,FBXL17,False
11732103_s_at,3.767494654138948,HIST1H3H,False
11723768_a_at,3.767045082910508,SNX24,False
11721455_s_at,3.761112699479306,SERPINA1,False
11718719_at,3.7595609730341413,FOCAD,False
11722636_a_at,3.7587575460287925,ELL3,False
11759639_at,3.758616405413832,CLEC16A,False
11736103_s_at,3.758456455301279,SPECC1L,False
11718006_a_at,3.7571931584829064,MYLIP,False
11758480_s_at,3.7565221260905894,COG8,False
11726559_s_at,3.7564510894363514,LCP1,False
11747946_a_at,3.7540954458193463,ACTR1A,False
11757320_x_at,3.754035741874825,CYB5A,False
11728807_at,3.752846611947643,SIRT5,False
11722543_at,3.751218328745528,TRPC1,False
11757266_s_at,3.7509513726093964,GPX3,False
11735594_a_at,3.7494990697488286,SLC24A4,False
11730839_at,3.7494467071641466,NUDT16,False
11755223_a_at,3.748247804850405,KDM7A,False
11757259_x_at,3.7470536661239215,SCARNA9L,False
11719998_a_at,3.7462791745233486,SYNJ2BP,False
11729644_a_at,3.744784673603889,GPX8,False
11715633_x_at,3.7442306599781774,MAF1,False
11719986_at,3.7416381324597703,CCDC117,False
11720226_s_at,3.7413697124047505,TBC1D1,False
11725493_s_at,3.7408602813548124,BEX5,False
11760303_x_at,3.740556744304068,HEXA,False
11746779_a_at,3.740532115782085,NCOA7,False
11735947_x_at,3.739991232049339,ZNF221,False
11715778_a_at,3.739455479679416,LUZP6,False
11753602_x_at,3.7388700697924855,HLA-G,False
11731489_x_at,3.738055751081488,NUP43,False
11730227_at,3.7369127356385725,QRSL1,False
11764016_a_at,3.7352654605654734,TRAPPC2L,False
11736360_a_at,3.7345875714460535,LGI2,False
11722421_at,3.7332860440406863,TMEM168,False
11716014_a_at,3.7319259172504586,SERPINF1,False
11719170_a_at,3.731099967752295,IPO4,False
11758745_at,3.73039200370342,SYVN1,False
11747649_a_at,3.729896322417356,GPR132,False
11728636_s_at,3.7296298028000425,DPPA3,False
11737079_a_at,3.729466640385685,SLX4,False
11759221_at,3.7292905757388635,HIST1H4E,False
11748005_a_at,3.729120470788205,FRY,False
11737009_at,3.72749120556589,ABCD2,False
11740572_at,3.7255760327452534,SYNE3,False
11759452_at,3.725034019774592,TMPRSS9,False
11764256_s_at,3.724181706198058,ND4,False
11721451_a_at,3.7239785580589126,ETF1,False
11731455_at,3.723449711159647,TPM3,False
11748123_a_at,3.7228733558916507,ZNF691,False
11739658_a_at,3.721559058581938,LTB,False
11757862_x_at,3.7215428504562897,VTN,False
11728719_a_at,3.720781460042322,LTBP1,False
11720609_at,3.7196806889574643,PHB,False
11753826_x_at,3.719585229616725,CTLA4,False
11742788_at,3.7191815107742925,DHX34,False
11720103_a_at,3.7184052982910134,PAK1,False
11752190_s_at,3.718147690116191,ZDHHC9,False
11755696_a_at,3.7178452014282946,PRDM11,False
11730500_at,3.716779131147404,STRN,False
11715782_a_at,3.7167787540380917,EEF2,False
11726058_a_at,3.716759263906881,R3HCC1L,False
11739725_a_at,3.7161226210527203,TC2N,False
11738490_a_at,3.715959079896893,IL25,False
11762590_at,3.713822243472829,OR4D2,False
11729211_a_at,3.713702415789977,ORC2,False
11754544_s_at,3.7135419311065445,ZDHHC11,False
11755463_a_at,3.7118986115527726,TTC30A,False
11749480_a_at,3.7116244709528474,LONP1,False
11719035_a_at,3.7106422697386057,ACSF2,False
11729276_a_at,3.7104962803470767,CRCP,False
11731580_x_at,3.7101585420536884,KCTD20,False
11745498_a_at,3.7099707071801076,IRF3,False
11721175_at,3.709831380944338,RARRES1,False
11756696_x_at,3.7085990433420317,ZNF567,False
11721117_at,3.7080537703552845,SPCS3,False
11754002_s_at,3.707397641736725,ATP5J2,False
11743394_a_at,3.705381741502628,AIG1,False
11735760_a_at,3.704592035270973,POPDC2,False
11717144_s_at,3.7037177586807792,LANCL1,False
11716409_at,3.7024820342414135,PKDCC,False
11729371_a_at,3.7020000014935577,ZBTB16,False
11742850_x_at,3.7019708955856787,HLA-DRA,False
11733936_a_at,3.7017406983932872,PAIP1,False
11725378_a_at,3.701526410860379,GSTO1,False
11717111_a_at,3.700943613024668,REPIN1,False
11750147_a_at,3.7008130432314426,TRIM4,False
11754438_x_at,3.7002749284959595,GJC1,False
11755906_a_at,3.6990172600265003,FAM135A,False
11756348_a_at,3.698905565761161,ERCC3,False
11728507_at,3.6974791536217446,LY96,False
11723945_s_at,3.6955167511124816,PTTG1IP,False
11734015_a_at,3.69510959349097,SMAD2,False
11718491_x_at,3.6948943978208124,FABP5,False
11728862_at,3.694829052018527,DCAF17,False
11739477_a_at,3.694578903950288,SBF2,False
11745336_a_at,3.6944809727471988,DMXL1,False
11742320_at,3.693900487593279,EDA,False
11716871_at,3.6933167914297367,GAA,False
11730975_at,3.6930429736894563,SGF29,False
11726583_s_at,3.692859765103954,CKAP4,False
11734579_at,3.6925958432755044,TAS2R14,False
11719373_at,3.6920971890621987,DYNLT3,False
11740320_at,3.690904318000458,CFAP47,False
11728172_a_at,3.688682863779136,MOB3C,False
11756039_x_at,3.6886552005175584,MRPL52,False
11718441_s_at,3.687257220492179,RAVER1,False
11730549_a_at,3.6864152564609025,IKZF2,False
11719870_s_at,3.685994294039289,MYCN,False
11719963_a_at,3.685842470572069,HOMER3,False
11717391_s_at,3.6854651534459326,HMCES,False
11762516_at,3.6845720926123064,LAMC1,False
11755066_x_at,3.6827507948921,MFGE8,False
11731991_at,3.6819173089191777,TROAP,False
11739589_at,3.6816060151845877,DRAXIN,False
11733114_a_at,3.6796586881970184,MANBAL,False
11733536_at,3.67831740462673,KCNG3,False
11748922_x_at,3.6778056347495443,NSMF,False
11724954_s_at,3.6768901209590776,MRC1,False
11754054_x_at,3.674539567572882,RPL3,False
11724783_a_at,3.6737488053444274,MRPS18C,False
11716314_at,3.6733443232473557,MRPL15,False
11729305_a_at,3.6730507090531654,ATAD1,False
11741423_a_at,3.6730329726030697,MIER1,False
11717528_a_at,3.6725749634069236,SLC25A20,False
11743432_at,3.6724812479808824,C17orf100,False
11722220_a_at,3.672332329480888,WBP4,False
11719788_s_at,3.6721516810120796,TUBB2A,False
11729676_s_at,3.6698929026394347,CDK17,False
11717979_at,3.669605299616636,C7,False
11716919_a_at,3.668367606352327,PDIA5,False
11739594_a_at,3.668253600594385,RBM12,False
11733651_x_at,3.6680513390077096,FAM228B,False
11719617_a_at,3.668006189905239,UCK1,False
11724473_a_at,3.666507297059813,AMPH,False
11725320_x_at,3.6661700049540515,CRK,False
11736149_at,3.6646784189008583,LYRM2,False
11761884_at,3.6640071735691015,RAD51C,False
11717445_a_at,3.663606072942406,DHPS,False
11730684_a_at,3.663428956901643,PTPRM,False
11735109_a_at,3.6632930569531323,FBXO3,False
11718452_at,3.663204933653548,AXIN2,False
11730180_s_at,3.662235948766605,KDSR,False
11748870_x_at,3.6612222209314367,CLN3,False
11721615_a_at,3.6606147061877206,THEMIS2,False
11752797_a_at,3.6600415784597558,PCMTD2,False
11757379_a_at,3.6586254249925516,TYK2,False
11762159_at,3.658009845931262,EHBP1,False
11758542_x_at,3.655898012139112,ZRSR2,False
11727559_at,3.6545175327614787,FKBP7,False
11724506_s_at,3.6530008117866246,MIS18A,False
11752119_x_at,3.6521541141399725,SLC17A5,False
11744400_a_at,3.6519360536933605,MYL6B,False
11730398_a_at,3.651172233822026,RUVBL2,False
11744567_a_at,3.650298887089804,CD72,False
11716127_a_at,3.649601193169263,BAG1,False
11738926_x_at,3.6493493095253613,KRTAP5-1,False
11720201_at,3.6492531027437365,MGMT,False
11725652_at,3.6491265214446402,EMCN,False
11746097_a_at,3.648331735542606,NPEPPS,False
11750545_a_at,3.647428976536506,CNOT7,False
11722900_s_at,3.647319132142791,RARA,False
11757631_s_at,3.644929545391547,VGLL3,False
11723504_x_at,3.6444189464389796,PDPR,False
11723409_s_at,3.6441858032954526,MKKS,False
11717786_x_at,3.643655366199626,CLUH,False
11740282_a_at,3.6435814597145653,TSEN2,False
11737084_at,3.643240432241787,ZNF490,False
11730885_a_at,3.6431608191292155,FAM63B,False
11729271_a_at,3.6422571711489593,ASB1,False
11742067_s_at,3.6414407853068114,LRRTM4,False
11753790_x_at,3.641430892457851,ST3GAL3,False
11730127_at,3.6387719911234946,SPICE1,False
11720123_x_at,3.6385141656504785,GIGYF1,False
11725225_at,3.638353370904096,CHP2,False
11751699_a_at,3.638060989468431,USP3,False
11739425_at,3.637258996741606,DPYSL5,False
11756877_a_at,3.6358958521208264,GNGT2,False
11740055_x_at,3.6354958605801375,RAB37,False
11756011_a_at,3.6351667873229334,PTPRJ,False
11763143_x_at,3.6338606469938086,LAMTOR5P1,False
11742240_a_at,3.6334585696903625,ZMAT3,False
11726670_a_at,3.6328470013550045,DCLRE1B,False
11725923_s_at,3.629847916353061,ASAP2,False
11720788_at,3.6297186163956296,ASF1A,False
11728155_s_at,3.628974289325378,FUT4,False
11747264_a_at,3.627357876681957,BCAS1,False
11719325_s_at,3.6250771712505574,KDM1A,False
11743390_s_at,3.624994962173924,VPS35,False
11749431_a_at,3.623891608632297,PIGQ,False
11717162_a_at,3.6235455246926893,SLC29A1,False
11755389_s_at,3.623326305171044,NTNG2,False
11756868_a_at,3.6219623384331125,DLX1,False
11736035_a_at,3.6208877517962836,EXOSC2,False
11724395_a_at,3.6192891722254616,ZNF83,False
11751357_a_at,3.6190403812214775,MEI1,False
11733244_a_at,3.618923226766221,DTNBP1,False
11727915_a_at,3.6162691137376464,NCAM1,False
11718498_s_at,3.615780497406557,F8A1,False
11725676_a_at,3.6149462453572796,RORA,False
11743123_a_at,3.61195780428177,TLN1,False
11758570_s_at,3.6115781751363616,CDADC1,False
11758896_s_at,3.611169523111291,CCNI,False
11744746_x_at,3.609624934764318,TNIP1,False
11759542_s_at,3.609499460311186,PACSIN2,False
11754161_s_at,3.6074886650912164,PIGP,False
11747335_a_at,3.607259415280372,CEP70,False
11734263_at,3.6071871868965752,ZNF780A,False
11730952_a_at,3.6068457034739976,PDK3,False
11731738_a_at,3.606448350045247,PGAP1,False
11716684_a_at,3.6056604402737555,MYO1D,False
11742498_x_at,3.605446536507342,FAM86B1,False
11740335_at,3.6051221024373254,GPR173,False
11753063_a_at,3.6046071178739116,SIDT2,False
11755138_s_at,3.604351863453872,ZXDB,False
11720614_s_at,3.6034704312976302,CLNS1A,False
11719383_x_at,3.6033114147898897,PPIH,False
11729988_x_at,3.6032133726253894,ROBO2,False
11753799_a_at,3.6022769571119837,SMIM11A,False
11729552_a_at,3.6021433078614358,SLC5A9,False
11763484_x_at,3.601496407475786,LRP10,False
11746343_a_at,3.601462756303656,RANBP3,False
11762104_at,3.6000545236219805,MOCS1,False
11715797_a_at,3.5997922456643883,WDR45B,False
11721462_at,3.598862672354171,OSBPL2,False
11742056_a_at,3.5965232678797343,ZNF365,False
11724392_at,3.595275587313561,ASPHD2,False
11722178_at,3.5950695263941097,DR1,False
11726192_at,3.594181773211286,TFAP2C,False
11726018_a_at,3.594103187855086,FAM222B,False
11742896_s_at,3.594055546742261,H2AFY,False
11755055_a_at,3.5936700137109887,SCAMP2,False
11740348_at,3.593155095765215,TTC24,False
11731002_a_at,3.5931166009990996,RSPO2,False
11730098_at,3.5918230371470043,ELSPBP1,False
11722351_at,3.5912868217893457,SRSF8,False
11742182_x_at,3.5908130048386426,POTEE,False
11745361_a_at,3.5907895036127817,CRNDE,False
11720529_at,3.5906400975223787,JAZF1,False
11744893_a_at,3.589548972179323,FAM20A,False
11751522_x_at,3.5895400543213354,SHF,False
11721128_a_at,3.5893660090942774,DNAJC2,False
11762827_a_at,3.5892270108702715,TAC3,False
11756629_a_at,3.5891791059250027,MTHFSD,False
11757981_s_at,3.588968653894564,WASF3,False
11730080_x_at,3.5889223053089006,IFNLR1,False
11721259_a_at,3.586814126249711,WDR47,False
11761684_a_at,3.5866064246434903,FHIT,False
11725660_a_at,3.5860165964317794,DPP8,False
11716596_a_at,3.585520639031517,SLC44A1,False
11726781_a_at,3.585080690178225,ADD2,False
11748702_x_at,3.5845004752706657,ANXA4,False
11753102_a_at,3.583609730594318,MAP4K1,False
11753549_a_at,3.5834755003107195,CMTM3,False
11724979_a_at,3.5824524554886756,DPEP2,False
11751241_a_at,3.5818502769828418,FAM47E-STBD1,False
11755345_a_at,3.581756285846544,C9orf142,False
11716484_at,3.5816260923136047,UNC119B,False
11715496_a_at,3.5788372143470686,CTSK,False
11720279_a_at,3.5780463220885745,FAM174B,False
11726820_a_at,3.5779502539614976,ARHGAP9,False
11734199_a_at,3.575956195200061,ZNF844,False
11745619_a_at,3.5758773159483725,ST18,False
11760979_at,3.575840357370493,NR4A1,False
11749402_a_at,3.5739577832934137,ITGAL,False
11728255_s_at,3.572241400274497,GLTSCR2,False
11729130_at,3.5715225903901016,ANAPC16,False
11731426_s_at,3.5713136886095183,CXCR2,False
11744103_at,3.570987419607744,TLCD1,False
11730110_a_at,3.57031688259042,SLC23A2,False
11716878_s_at,3.5689566994638313,B4GALT5,False
11715191_s_at,3.5672248454664635,FAM221A,False
11760211_at,3.566969197487715,CD48,False
11729872_a_at,3.5664087208146715,SLC8A3,False
11731167_x_at,3.5658286815737714,FAM71F1,False
11742771_a_at,3.5650592081471637,KIAA0100,False
11718865_at,3.5647569819076845,COX10,False
11715265_at,3.564568934574547,FIG4,False
11741344_x_at,3.5641510700164325,DMTN,False
11724270_at,3.562365666868191,CACNB1,False
11723305_a_at,3.5616859190291037,PYGO2,False
11751231_a_at,3.5614289736632023,HAL,False
11748708_a_at,3.560170096620973,SRCAP,False
11743636_at,3.5597952347560877,TNFAIP6,False
11725564_at,3.5596608640568688,MANEA,False
11728772_a_at,3.5554286120501897,CAAP1,False
11733957_x_at,3.554280822901744,SPRR2F,False
11759325_a_at,3.554226673109019,MAX,False
11744507_a_at,3.5539063279772036,KLHL3,False
11741192_a_at,3.5531371938267653,RBKS,False
11722159_a_at,3.5530461319166435,SLC7A8,False
11727586_s_at,3.5523163673499716,NUDT12,False
11724713_at,3.5520723536394656,FAM212A,False
11763676_at,3.550639331578053,ACSL5,False
11743400_s_at,3.5502604667972926,CDC27,False
11748466_a_at,3.5499013934133545,PIK3CB,False
11759874_x_at,3.549704180674533,FAM175A,False
11744631_a_at,3.5481160491928003,FLT1,False
11759855_s_at,3.5477341384644814,LOC102724985,False
11716817_a_at,3.546182473460005,ENOPH1,False
11725886_a_at,3.5456304174756803,LCAT,False
11731839_a_at,3.545609514606788,B4GALT6,False
11736855_a_at,3.5454484941193383,ATP6V1C2,False
11757574_s_at,3.5449346766684124,TMEM123,False
11736641_x_at,3.543518678268048,MECR,False
11721111_a_at,3.5425866798118864,ACOT13,False
11756486_a_at,3.5414782226923553,EPHB6,False
11741346_a_at,3.5411871105486643,TBC1D32,False
11763747_x_at,3.540067347538472,CLPX,False
11736861_at,3.5394312803828534,PIH1D3,False
11764241_at,3.5377387390394723,LOC105373587,False
11715799_s_at,3.5369269373351178,PRRC2B,False
11734536_a_at,3.536798314796813,GP1BA,False
11746411_at,3.5362734467229426,PABPC1P2,False
11763467_x_at,3.5360133821283526,WHSC1,False
11756193_a_at,3.535975179718368,TMEM42,False
11735501_a_at,3.5352714548774977,CDH23,False
11750467_a_at,3.534772023892613,UBE3B,False
11745872_a_at,3.5342138761209565,PAPOLA,False
11721667_a_at,3.534104378730876,CDT1,False
11753180_a_at,3.5339181906663533,CARF,False
11745433_a_at,3.5338462466427076,PHC2,False
11740376_at,3.5338103456260526,WFDC10A,False
11745215_a_at,3.5333275100338106,KBTBD4,False
11747848_a_at,3.532923579925794,STK11IP,False
11735711_a_at,3.5324023623199063,CSNK1G2,False
11757754_s_at,3.5323516185914814,VEZF1,False
11742318_at,3.5320711568142062,OR6K6,False
11751748_a_at,3.531458735424843,CHN2,False
11719558_at,3.529727909105887,SYS1,False
11716814_s_at,3.5290212532751113,GATM,False
11741056_a_at,3.528747331268837,ADORA2B,False
11757448_s_at,3.528653761393028,ADD3,False
11732799_at,3.524662967239404,ACER2,False
11728334_a_at,3.524462328911779,ELL,False
11744646_a_at,3.5231703504718195,CREB3L2,False
11723454_at,3.522515863710615,RIOK2,False
11724103_x_at,3.5218894043876867,C8orf44-SGK3,False
11725601_at,3.5215160867857653,SOWAHA,False
11718915_a_at,3.521091322364105,RGS19,False
11725864_at,3.520568955250896,DISP2,False
11752533_a_at,3.5197352300935267,DCST1,False
11735051_a_at,3.519466205924886,KIAA1211,False
11757200_x_at,3.5179320118966864,LOC285696,False
11728721_x_at,3.5176122991022516,PDE1B,False
11754843_x_at,3.5166777494149954,TECPR1,False
11727255_at,3.516468582237833,LYZL4,False
11744793_x_at,3.5154697418954783,DLGAP5,False
11716109_a_at,3.5141409504674526,PIGR,False
11740011_at,3.5137555273140557,ZFP14,False
11754497_a_at,3.5131588014309396,VIPAS39,False
11723572_at,3.51287608913998,OTUD3,False
11736594_x_at,3.5126289308340164,ZBTB24,False
11750746_a_at,3.511499807965316,FRMD3,False
11758900_x_at,3.509568359602165,YIPF4,False
11760934_x_at,3.5094985092053337,HSD17B7P2,False
11763212_at,3.5089810880119994,CBLB,False
11751075_a_at,3.5083798164624587,TSHR,False
11757285_a_at,3.5083659451597824,DCTN5,False
11725575_a_at,3.5081447261069,EML6,False
11717636_s_at,3.507863450944345,RHOG,False
11758240_s_at,3.5076069222995403,ARMC6,False
11720378_a_at,3.5049275111991407,SAP30L,False
11759259_at,3.504243416968086,C10orf111,False
11725355_at,3.504045357526682,EPM2AIP1,False
11763562_at,3.5037722331525893,BYSL,False
11719556_a_at,3.5027489643391774,PDK2,False
11720269_a_at,3.502642573541407,IBTK,False
11743869_a_at,3.5017904320711026,RBBP9,False
11717711_s_at,3.5007671582267896,MTFP1,False
11756921_a_at,3.499986204911424,TRPC3,False
11760627_a_at,3.499961490012321,SDHAP3,False
11743266_a_at,3.499763090732832,RPL34,False
11744164_a_at,3.4981577537531106,VRK3,False
11727786_x_at,3.497901572447041,CACYBP,False
11733077_a_at,3.495322728574332,PPP1R12A,False
11744859_a_at,3.4951621062312697,NICN1,False
11760216_a_at,3.493948019750709,TMEM170A,False
11761209_a_at,3.4938536433844183,MESDC2,False
11758140_s_at,3.4934648683822966,CPSF6,False
11762902_x_at,3.49228743305294,C7orf55,False
11739505_a_at,3.4918555285269575,LMCD1,False
11732764_x_at,3.4911844107712566,CCDC120,False
11754650_a_at,3.491004174143598,ATP10B,False
11717643_a_at,3.488907263694616,MRPL24,False
11724472_at,3.4888810206997256,SART1,False
11722252_x_at,3.48881243048867,NEK2,False
11754680_a_at,3.4887851247806823,MAP3K2,False
11736294_at,3.487486152632897,FGFBP3,False
11748285_a_at,3.487314065728312,SENP7,False
11734368_s_at,3.4872493650451877,DMRTC1,False
11743052_a_at,3.4858216137801636,CHORDC1,False
11755678_x_at,3.485719415937506,ZNF257,False
11754348_s_at,3.484966678834232,KLHDC4,False
11727730_a_at,3.482510297795476,ABCC6,False
11737479_a_at,3.4808940555949053,PON2,False
11725547_a_at,3.480794259669995,OPCML,False
11755292_a_at,3.4788855211316707,CYB561A3,False
11740393_at,3.4783367809514742,TNFRSF9,False
11750573_x_at,3.4782417671968022,JAK3,False
11757666_x_at,3.4763293546525844,SNRPD2,False
11743816_s_at,3.4750595983528116,S1PR1,False
11762678_a_at,3.4745000408240903,CDK16,False
11722463_a_at,3.4727204711703075,TNKS2,False
11747412_a_at,3.472268636768003,ATF7IP,False
11722093_a_at,3.469773798574159,PPIC,False
11717604_a_at,3.4675537464775696,TRIP4,False
11743055_at,3.467109390192032,PLAA,False
11730708_a_at,3.4653820823862724,C9orf57,False
11715517_s_at,3.464562054865841,SLC25A39,False
11743526_s_at,3.4640143895203943,RALBP1,False
11731117_s_at,3.462537928436043,PLEKHA8P1,False
11717917_a_at,3.462464062984252,WFDC2,False
11741105_a_at,3.4609904719633016,FHL2,False
11716117_at,3.4605997272739217,PDIA4,False
11727137_a_at,3.4596603866496585,HSPA12B,False
11758689_s_at,3.4576076480233917,CSTF1,False
11757552_x_at,3.456275582853065,ARPC3,False
11721683_a_at,3.4559633578511963,MRPS9,False
11754603_a_at,3.4546666591541015,DUSP18,False
11755214_a_at,3.4543290418976365,TMTC1,False
11726982_a_at,3.453000953610987,CP,False
11718239_s_at,3.452992439146623,CAPRIN1,False
11756743_x_at,3.452746075181318,LAMTOR1,False
11739640_at,3.4523554335015763,DIP2A,False
11728994_a_at,3.4522639737031775,AZI2,False
11717806_a_at,3.4517848560932527,ZSWIM8,False
11761381_at,3.451584901264335,SORBS2,False
11718599_x_at,3.451574785572108,TM2D2,False
11741097_a_at,3.451355123578889,WBP1L,False
11738823_a_at,3.4510382680355995,SLC26A5,False
11761511_at,3.450386437746668,TOR1A,False
11751195_a_at,3.449615994310012,KCNQ5,False
11763227_at,3.4494224799131445,C6orf48,False
11728370_a_at,3.4480694685036193,DNAJC16,False
11720056_a_at,3.4477922597743476,METAP1,False
11725107_at,3.4470785776832273,CDKN2D,False
11729316_a_at,3.4463291364500988,ISOC2,False
11744255_a_at,3.4453007185962408,ACADVL,False
11763853_x_at,3.4445843754862997,FAAP20,False
11736662_a_at,3.4434175940520833,CADPS2,False
11729433_a_at,3.4414125353978986,BEND4,False
11715357_s_at,3.4400494813515285,RPS21,False
11747501_a_at,3.4377072371761908,SMAD1,False
11743229_a_at,3.4375100881356158,PCDHGC4,False
11715288_s_at,3.4370128871861256,CASP14,False
11740048_a_at,3.4369751783451687,ZNF461,False
11738456_s_at,3.436377490239276,C20orf197,False
11740589_s_at,3.436259535349564,RYK,False
11738556_s_at,3.4362498488270075,KIR2DL4,False
11748202_a_at,3.4360549252216477,PTK7,False
11752625_a_at,3.435278907238925,ABCD4,False
11759704_at,3.4349325336122294,TSL,False
11737874_a_at,3.4327019519399253,SULF1,False
200074_PM_s_at,3.431431448730289,RPL14,False
11722942_a_at,3.430901038094085,ATXN1,False
11717854_a_at,3.430896726233447,ZSCAN18,False
11738834_x_at,3.4297315756802007,TCL6,False
11750426_s_at,3.4285719511214348,MPPED1,False
11740172_a_at,3.4272969175142487,SOCS5,False
11762382_x_at,3.427271353132618,PER2,False
11724956_a_at,3.4255770160483534,C14orf169,False
11726786_at,3.425487211995037,NKAPL,False
11720066_a_at,3.425011751296882,GPHN,False
11757629_x_at,3.4234364116345937,RPS29,False
11752226_a_at,3.4227528261188214,SNRNP200,False
11743285_s_at,3.4227522210828356,GOLT1B,False
11759803_a_at,3.422518800059803,PDCD6,False
11734689_at,3.421156042898911,CYTIP,False
11739000_a_at,3.4199753084417925,SLC38A2,False
11748770_a_at,3.418836359029705,PMPCA,False
11753880_x_at,3.4185879677297155,CDKN3,False
11753922_at,3.4185633602552645,C7orf13,False
11756137_x_at,3.418516092471584,BTF3,False
11739036_a_at,3.4162934534013427,PLP1,False
11755485_a_at,3.416111788069013,OPLAH,False
11745303_at,3.4156950469672136,PFN1P2,False
11741711_a_at,3.4154298308224593,SLCO1A2,False
11726723_a_at,3.414436881701376,WDFY2,False
11734351_at,3.414401922763419,SPINT4,False
11724243_at,3.4138677188636604,TCF4,False
11726136_a_at,3.410782328119882,TMSB15B,False
11754863_s_at,3.4107278839677906,VPS37C,False
11742426_a_at,3.4106987892715233,PCDH15,False
11717251_s_at,3.4088695554892214,NDUFB11,False
11738062_x_at,3.4086827482275486,S100A7A,False
11752078_x_at,3.407321014002928,AP2A1,False
11751991_a_at,3.4071203666433703,MOV10L1,False
11737296_s_at,3.4039903042162734,TMTC4,False
11743013_a_at,3.403849611213548,RNF115,False
11749589_x_at,3.403030926213725,CTSS,False
11724990_s_at,3.4024148239504086,CLTCL1,False
11727942_a_at,3.4023046584813996,FPR3,False
11755895_a_at,3.3999788510223588,FAM129A,False
11716464_at,3.399217903961095,SIAE,False
11730215_a_at,3.3979914997781036,CSRP1,False
11716942_a_at,3.396519437459793,ADPRHL2,False
11728810_a_at,3.3963522951646015,ECHDC3,False
11723174_a_at,3.394544514612124,FNDC1,False
11728974_a_at,3.3939829680318296,ACYP1,False
11758929_at,3.393650312092923,TFDP2,False
11735871_s_at,3.392670325147472,CCR8,False
11748457_a_at,3.392096237074036,TRIM37,False
11726012_a_at,3.3918026440837625,AJUBA,False
11737954_s_at,3.3916047313350606,SLC16A5,False
11734402_at,3.387930597926502,TP53AIP1,False
11731271_a_at,3.387760348113612,MGAM,False
11762148_x_at,3.387716735375671,CDKL3,False
11723253_a_at,3.387111020946573,SCNM1,False
11728458_x_at,3.386789329391316,STK32C,False
11755900_a_at,3.384500573452402,EXT1,False
11720644_a_at,3.3840234082987233,PECAM1,False
11739182_s_at,3.383616888190198,MTRF1L,False
11737831_a_at,3.3821568793267427,FNBP1L,False
11727674_at,3.382038423812533,RFXAP,False
11724938_at,3.3808512957263086,DLL1,False
11716077_x_at,3.380765205700933,HSBP1,False
11758337_s_at,3.3802356933183466,ADA,False
11722791_s_at,3.3800245590594002,MATN2,False
11723827_s_at,3.3798860120811987,TOP3B,False
11737762_x_at,3.3792237779977063,HSD17B4,False
11722241_x_at,3.3789175971201044,SAV1,False
11719319_a_at,3.377731329010453,GOLGA4,False
11742158_at,3.3770660333291675,OR52A1,False
11733494_a_at,3.376370705954319,N4BP2L2,False
11729415_x_at,3.376040777369952,ST20,False
11743330_a_at,3.3757481125314026,PGP,False
11723343_at,3.3754845139009286,TRIM35,False
11729198_at,3.3750353433266276,MAP4,False
11734222_at,3.3740717948393333,ZNF543,False
11743211_at,3.373085956511905,TAAR8,False
11724963_s_at,3.3730163600660186,FBXO5,False
11750270_x_at,3.3724730189637975,LINC00612,False
11727176_a_at,3.372282678366667,ENTPD5,False
11740881_x_at,3.371921291187505,IL15,False
11750620_a_at,3.3714227245441286,ALDH1A2,False
11745845_a_at,3.368077996642165,NME7,False
11745080_s_at,3.367729002871166,RASGEF1B,False
11760274_at,3.3673961613533985,EIF3H,False
11758023_x_at,3.366765521231839,GABARAPL1,False
11763950_at,3.366423496857165,FKSG29,False
11762754_at,3.366332717913832,CCT8,False
11726948_at,3.366018591207234,TLR8,False
11758228_s_at,3.365883302052024,AMMECR1,False
11732719_at,3.364641363479624,EREG,False
11724313_a_at,3.3643248113701723,ALDH16A1,False
11718463_x_at,3.3637562679860418,ELMOD3,False
11754746_a_at,3.360752191353229,ZNF561,False
11748209_a_at,3.3603235569022334,ABCA4,False
11721407_a_at,3.360115200630788,FLYWCH1,False
11751481_a_at,3.359139367137307,PRMT6,False
11739977_at,3.356460886787617,GPR180,False
11737140_x_at,3.355941231005733,MURC,False
11738244_s_at,3.355319759239632,AKR1C1,False
11750654_s_at,3.355135669098622,ITPR1,False
11728077_s_at,3.3547953861054096,PRKCQ,False
11762235_x_at,3.3545061865823556,KIAA0907,False
11742589_at,3.3539998533802926,OR4L1,False
11732331_s_at,3.353724153342085,ARL4C,False
11722603_at,3.3533925489250844,NEFH,False
11728257_at,3.352261994164235,RAD18,False
11731608_s_at,3.3513885749329093,EGFL8,False
11730620_a_at,3.351177376893441,IP6K3,False
11739955_a_at,3.3483797505809907,IL2RA,False
11740152_a_at,3.347435677262759,REPS1,False
11719567_s_at,3.3470088694799225,TUT1,False
11751242_s_at,3.346761338233357,FCGR2A,False
11718964_at,3.3459335867116295,NUFIP2,False
11737346_a_at,3.3450434572412484,LINGO2,False
11764244_s_at,3.344227736612163,THOC2,False
11738906_a_at,3.3432839350199433,BLVRA,False
11753819_a_at,3.34313170729341,MDM2,False
11732090_s_at,3.343039491083795,IZUMO1,False
11749987_a_at,3.342439969868839,CEP72,False
11737416_x_at,3.342408563568034,ZNF69,False
11725151_at,3.34219786385025,MYBPC3,False
11754978_a_at,3.341971081154237,BMP1,False
11729561_a_at,3.3417064701363173,AHRR,False
11719375_x_at,3.3388131636045255,METTL7A,False
11743612_at,3.337930820994649,ZNF830,False
11737467_at,3.3374003306134687,TMCO5A,False
11733112_a_at,3.3369503641891023,TLK1,False
11733120_a_at,3.33599055666698,SLC35B4,False
11716034_a_at,3.335358011252781,BST2,False
11744486_x_at,3.3352153930890114,WDR81,False
11735055_at,3.335154403920213,RAB3C,False
11750209_a_at,3.3349348527633196,HEY1,False
11746437_a_at,3.3347872245418757,FZD3,False
11756654_s_at,3.334557136287372,SUB1,False
11755396_a_at,3.334309707714833,PLA2G15,False
11722772_a_at,3.3341811980069895,ZNF473,False
11718255_at,3.334171029157657,ABHD4,False
11753752_x_at,3.332878620176864,RRM2B,False
11718591_at,3.332843351777983,SDF2L1,False
11718353_at,3.3324209801963756,ERP44,False
11729085_a_at,3.3319482434547534,ZFY,False
11743918_a_at,3.331715019312598,ANK2,False
11746829_x_at,3.331076670477507,DDX55,False
11735510_at,3.330334244979282,CCDC149,False
11718063_a_at,3.3301493382991816,C11orf98,False
11723709_a_at,3.3301007252871186,CRY1,False
11732435_at,3.330088839633018,SCIMP,False
11725299_a_at,3.328662240310255,AOC3,False
11734472_a_at,3.3285354745554216,TEX11,False
11717726_s_at,3.328340832168081,HN1,False
11723278_at,3.327711050590169,CREBZF,False
11746287_x_at,3.3262150123998033,LGMN,False
11741466_a_at,3.32555138265341,KCND3,False
11732948_a_at,3.324864466220808,IDO2,False
11729577_a_at,3.324556136699999,ATP1A3,False
11720331_at,3.3238934819389834,SELM,False
11759175_at,3.3230422620097224,MED28,False
11763358_at,3.3228917530854463,DGCR9,False
11731595_x_at,3.3222150717022023,STAM2,False
11745752_a_at,3.321676717835821,MSL1,False
11733822_at,3.32039536986294,AGPAT3,False
11756325_a_at,3.3201824510724967,CUTA,False
11754363_s_at,3.3197386357200402,CARM1,False
11763801_at,3.318929057242634,NACC2,False
11760497_at,3.3177495328964577,TBC1D8,False
11746244_a_at,3.3153253128657374,IL17RC,False
11736970_at,3.314841346712363,TMEM213,False
11756709_x_at,3.314375918387479,BTK,False
11715450_at,3.3128361663163184,RPL10,False
11762798_at,3.3126555533025117,PALM,False
11740213_a_at,3.312315735451032,TBL1X,False
11751680_a_at,3.3118218812626035,UQCRB,False
11725074_a_at,3.3117605696248598,FAM126A,False
11747755_a_at,3.309956462650126,KRT13,False
11757550_x_at,3.309273308309361,C16orf58,False
11742588_at,3.3086184181672476,OR6C2,False
11731247_a_at,3.308328487984404,GTPBP8,False
11755799_a_at,3.308327417485829,TIE1,False
11741008_a_at,3.308314648966115,FGF12,False
11739385_x_at,3.3080754794752996,ROCK2,False
11759033_a_at,3.3070589326835345,C4orf26,False
11754488_s_at,3.3059924041660214,GTF2H2,False
11717937_at,3.305893228093828,SMIM3,False
11724500_at,3.3053434769492362,CRYBB1,False
11731177_at,3.3038502681725626,BCL2L15,False
11742239_a_at,3.3021355524822695,DEPDC1B,False
11716055_s_at,3.301477405366355,STMN3,False
11716216_at,3.2999014924906267,E2F4,False
11754357_a_at,3.2994393503365838,FLNB,False
11715238_x_at,3.2986758691168396,RPL9,False
11731033_at,3.2978864899755393,MSH3,False
11753509_a_at,3.2978087392013005,FOXC1,False
11725199_at,3.297225620937736,BTBD7,False
11724891_s_at,3.295776092049729,POLRMT,False
11741564_a_at,3.2947984013077365,CNNM3,False
11739303_a_at,3.294440415008212,DLC1,False
11748281_s_at,3.293883014097724,CNNM4,False
11738016_at,3.2932110628119764,LOC102030688,False
11715283_at,3.2928863612465706,CCKAR,False
11756259_s_at,3.2926264058461503,NFATC1,False
11723989_s_at,3.2921569772607064,NR1D1,False
11753678_x_at,3.2914625645316034,MUC1,False
11718029_a_at,3.2901760937496274,RAB11A,False
11732584_a_at,3.289784658827267,WRN,False
11759678_at,3.2897460768330755,RAB12,False
11740554_a_at,3.289714761030711,PHOSPHO1,False
11758539_s_at,3.2896981838749975,DOCK10,False
11747092_x_at,3.2886047626163775,TMPO,False
11728749_a_at,3.2885215551475167,HCG22,False
11738408_a_at,3.285957950402107,SPACA3,False
11739378_a_at,3.283403844167666,SREK1,False
11760330_a_at,3.2832507515680365,GPALPP1,False
11735829_a_at,3.2825943827306996,CHAT,False
11720107_s_at,3.282421164147119,KIF2A,False
11748840_a_at,3.2803428620356265,MTAP,False
11715894_x_at,3.278387478161241,NGRN,False
11715439_at,3.2780388113107235,DAP,False
11724835_s_at,3.275831091485215,HCAR2,False
11718417_a_at,3.2747222060961545,ECSIT,False
11732788_a_at,3.273856395103515,ZNF436-AS1,False
11724646_at,3.273426666327227,VANGL1,False
11749640_a_at,3.273132001102296,TNKS,False
11721049_at,3.2716330508105074,CCL26,False
11738393_a_at,3.2704322911632744,OPRM1,False
11724326_a_at,3.2698290932853804,ARHGAP25,False
11746518_a_at,3.2697303715714785,BVES,False
11757828_s_at,3.2692299973551378,ATG5,False
11722641_s_at,3.269104162173718,DGAT2,False
11758267_s_at,3.268795856250894,ZBTB1,False
11744292_at,3.268674263577511,NAB2,False
11716995_a_at,3.2680221436156165,WSB2,False
11724867_a_at,3.26696082215102,GAB2,False
11748412_a_at,3.2663716715752398,FUT10,False
11722817_a_at,3.264850676308879,ZNF3,False
11726592_at,3.2646502646706956,PIGH,False
11744629_at,3.260561739084101,MGC27345,False
11732091_a_at,3.2599009858311945,HMG20A,False
11715611_a_at,3.258422755915305,PLOD1,False
11751250_a_at,3.2568641518150154,HHLA2,False
11720108_at,3.2559958272015943,THAP11,False
11717796_a_at,3.25195286658434,ZDHHC3,False
11731430_a_at,3.251638886361072,CYP27A1,False
11719634_a_at,3.251519445011841,KLF4,False
11721438_s_at,3.2512593410190385,DEFA1,False
11722973_s_at,3.2498061854705567,FOXK1,False
11734486_a_at,3.2490255069130844,WFDC8,False
11744404_a_at,3.2482818940991094,TXNDC11,False
11736436_x_at,3.2467715438304894,ZNF430,False
11752843_x_at,3.246629623531128,SQSTM1,False
11734203_at,3.2456175993722476,HBS1L,False
11737123_a_at,3.244393290577524,GPR82,False
11717602_a_at,3.2438832179605495,SECISBP2,False
11736943_at,3.243779974681446,WFIKKN1,False
11762129_at,3.243076817636019,CFHR3,False
11755425_a_at,3.2426180165508076,FAM179B,False
11733490_at,3.2413565897181504,ZNF704,False
11718175_a_at,3.2396183178999483,DDX50,False
11734074_a_at,3.2383872564768525,RBFOX1,False
11759356_at,3.238112889524306,KCNH5,False
11761813_x_at,3.235651130703507,PLEKHH2,False
11727994_at,3.235599291308318,STX11,False
11733500_a_at,3.235213606359295,ZBTB25,False
11754789_a_at,3.2349228025030485,SMYD2,False
11720412_a_at,3.2341259981933654,SLC41A1,False
11742974_s_at,3.233984310354673,USP42,False
11750193_s_at,3.233693395560582,NFATC4,False
11735798_at,3.2336422836323093,OPN1MW,False
11731185_at,3.2332495343028183,PPM1E,False
11741306_a_at,3.2326342496851566,SAMD8,False
11737301_a_at,3.2324392261566857,NUP155,False
11761000_at,3.232146366472563,ANKMY1,False
11725304_s_at,3.2306659027491196,RAC1,False
11716153_a_at,3.2297359459651696,PAFAH1B1,False
11760927_a_at,3.2294445384120625,LRCH3,False
11716268_at,3.2290327038332833,AK1,False
11734789_at,3.2288581935295824,SRR,False
11741348_x_at,3.228058906277242,DLG4,False
11718165_a_at,3.2265105024103082,RBL2,False
11736160_at,3.2258282030539873,GBP6,False
11722280_at,3.2252024407308,PHC3,False
11759155_a_at,3.223999690130618,TRPV3,False
11727113_at,3.222268693175994,EGF,False
11725105_a_at,3.2218865074416985,RAI2,False
11718199_at,3.2211892138075906,KPNA3,False
11718935_x_at,3.219854664068051,STK19,False
11723937_a_at,3.219434543019676,SNX1,False
11731622_x_at,3.219212326637344,ZNF91,False
11731095_x_at,3.219193548222094,TRAF3IP1,False
11753141_a_at,3.217023830110059,TAF8,False
11737522_a_at,3.2139875692593494,PDZD3,False
11747320_a_at,3.212887239244118,FAM3A,False
11717086_x_at,3.211652583179663,RBM39,False
11725090_at,3.2108349314435536,TASP1,False
11759907_at,3.210524347904493,ITGBL1,False
11751104_a_at,3.2101415126774584,ZNF2,False
11737926_a_at,3.2093320880102936,QKI,False
11728992_s_at,3.2091263916274824,IGDCC4,False
11749622_x_at,3.2085196753699354,TRIM41,False
11719564_a_at,3.207794763859025,COA4,False
11722188_at,3.2070975441284317,MTDH,False
11725440_a_at,3.206718100470768,LPAR2,False
11733207_a_at,3.205139005012022,ZNF480,False
11750282_x_at,3.2050602824854826,DBNL,False
11759443_at,3.2049277895398545,SLC19A1,False
11722813_s_at,3.2047359818076644,PABPC4,False
11719533_a_at,3.2031396371041536,STX3,False
11735503_a_at,3.2031282396931964,BPIFA3,False
11740768_at,3.202738940120415,AGBL3,False
11743408_x_at,3.202669140447556,RBM25,False
11752749_a_at,3.2021599389768296,SYCP2L,False
11738290_x_at,3.201456531613812,KRTAP10-11,False
11725518_at,3.1999185131711605,FRAT2,False
11737427_at,3.198893171959299,IL12RB2,False
11757296_s_at,3.196402358461081,EIF3F,False
11756002_a_at,3.195790255967079,NBEAL1,False
11733955_at,3.195388291100983,SLC22A15,False
11748657_a_at,3.1951304286324156,DHX32,False
11763949_at,3.1947206451186747,DAD1P1,False
11750472_a_at,3.1946929196685527,PCK1,False
11753635_x_at,3.194326494433591,MED24,False
11740642_at,3.1933135836528477,PLAC8,False
11718864_s_at,3.193014213624295,SEC63,False
11726669_s_at,3.193000052086375,PPIL4,False
11718867_a_at,3.192794596260036,FAM192A,False
11754755_a_at,3.191874687680969,POLR3B,False
11746358_a_at,3.1900465575816956,MTA1,False
11735385_s_at,3.1877695608111676,DACT1,False
11737330_at,3.1875165151720655,ZNF345,False
11729064_at,3.187495693788297,OPA3,False
11722644_at,3.1874029175227836,ZNHIT6,False
11749062_a_at,3.1872878370180486,ERG,False
11763239_x_at,3.1868314380298455,BMS1P20,False
11751399_x_at,3.1858696240401994,NDRG3,False
11749073_a_at,3.1840425768124425,TNFRSF19,False
11718456_at,3.183394587208184,SLC43A2,False
11737413_at,3.1829595829780417,MICALCL,False
11721783_a_at,3.182090376890318,SLC9A8,False
200099_PM_s_at,3.1819546887642742,RPS3A,False
11737674_at,3.1815915894818527,LRRIQ4,False
11717694_a_at,3.1811799446947586,CEBPG,False
11735249_x_at,3.181138566890659,SP140L,False
11730239_a_at,3.180040932184731,SLC2A12,False
11757177_s_at,3.179907649163461,RNF149,False
11732731_at,3.1798655928200983,HOXD3,False
11733153_s_at,3.179564284171197,UBTD2,False
11735264_at,3.1793375824582135,CLEC4D,False
11732214_at,3.178868494442707,ZKSCAN1,False
11755609_a_at,3.178742803509618,HYDIN,False
11723226_at,3.1784801015572715,SGCB,False
11720380_a_at,3.1781909403750612,IMPDH1,False
11736633_at,3.1780032498146467,AAK1,False
11748663_x_at,3.1767495812417996,CNOT3,False
11749916_a_at,3.1766523310805477,AGBL2,False
11732095_a_at,3.17633524403683,TTC8,False
11744324_at,3.176082555423435,SLX4IP,False
11719640_a_at,3.1753985767420834,PLXNA1,False
11722652_at,3.175331691560294,OBFC1,False
11762812_at,3.1750835933220722,IL31RA,False
11716773_s_at,3.1744271022538952,SORBS3,False
11763340_s_at,3.17436640699178,LOC642852,False
11758180_s_at,3.1740653923017104,LOC100128551,False
11758154_at,3.173559111175544,MANSC4,False
11742145_s_at,3.1730057632224162,LOC105369273,False
11761567_at,3.1720945144311283,FXYD5,False
11723485_at,3.1718612824397847,GTSF1,False
11737307_a_at,3.170348176722059,ATP1A4,False
11762874_a_at,3.169619222289883,PCSK9,False
11726524_s_at,3.1689023766216744,ZFHX3,False
11724976_at,3.1688794481878473,ZNF579,False
11718986_a_at,3.1686770125353325,IFI6,False
11733749_s_at,3.168647710261812,TNNI2,False
11756073_x_at,3.1682263794358843,HLA-DPB1,False
11742931_at,3.1675680502944568,BIRC6,False
11757528_x_at,3.167212344130493,NOL12,False
11717225_a_at,3.1637381702290637,CBFA2T2,False
11751287_a_at,3.1632430861697887,MMP19,False
11761594_a_at,3.162939764553544,CD1E,False
11734492_s_at,3.1628610650449986,H2AFB1,False
11723383_a_at,3.162577534660036,PRR3,False
11717339_s_at,3.1609783208178164,SORD,False
11739064_s_at,3.1605114831797243,GNG12,False
11721994_s_at,3.160501431700244,UBE2L6,False
11729781_at,3.160211146787261,FAM127C,False
11732557_at,3.1586330401527594,XKR3,False
11738080_x_at,3.158550270839777,ANKRD20A1,False
11724695_a_at,3.1575246174467555,ZNF227,False
11721031_a_at,3.153344623738001,SH3BGR,False
11730298_a_at,3.152845751745878,SPARCL1,False
11716882_a_at,3.1517107715912376,ZZEF1,False
11729874_at,3.1515268367282157,SIGLEC9,False
11720115_a_at,3.1515047396873874,STK26,False
11755940_a_at,3.150286477464902,SLC38A9,False
11728003_a_at,3.149656332165947,C4orf48,False
11726106_at,3.1483561812057568,LRFN3,False
11753044_a_at,3.1483414082600447,USP25,False
11747082_x_at,3.148200727081189,NSMCE4A,False
11744927_x_at,3.1478481730229992,SLC9B2,False
11731242_a_at,3.1471199602035402,LGSN,False
11757748_x_at,3.1457615444775784,RPL23A,False
11718576_s_at,3.143826269309207,NET1,False
11727327_x_at,3.1435229067752846,FAM131C,False
11736551_x_at,3.1432778780993083,REL,False
11737886_at,3.1431868327592882,MEP1B,False
11757003_x_at,3.1429665104454774,RPL6,False
11731867_a_at,3.142636261214547,BICD2,False
11736932_x_at,3.14077628883903,ZNF506,False
11716585_a_at,3.138229206357567,PDZD11,False
11739597_at,3.1377016973089873,AGO4,False
11763106_x_at,3.137610348980781,TTTY6B,False
11759234_at,3.135606137307869,FABP12,False
11728259_a_at,3.135270667475316,DIEXF,False
11723891_a_at,3.135089003595864,CAND2,False
11756453_a_at,3.134991191234903,SH2D3C,False
11748168_s_at,3.134975083136223,FAM227A,False
11747895_a_at,3.133195841050399,TCTN1,False
11723230_a_at,3.132890340931573,RNF138,False
11729516_a_at,3.132137945328945,ZNF644,False
11754380_a_at,3.1319628004356757,SOSTDC1,False
11753587_a_at,3.1299572379357703,TBC1D29,False
11753550_a_at,3.1288879443629987,LINC00189,False
11720817_a_at,3.127484509964556,BAALC,False
11718676_x_at,3.127295863348394,TMEM245,False
11739437_at,3.1259413064933246,PPTC7,False
11749364_a_at,3.125867107619882,SAP30BP,False
11754517_a_at,3.1252807368132394,CHP1,False
11742682_s_at,3.125122263110502,COPS8,False
11728771_a_at,3.1241847929749293,CLCA4,False
11744345_x_at,3.1240094186333462,TUBA1A,False
11762604_at,3.123849118652447,GTF2IRD2B,False
11725065_a_at,3.1229953824152425,TCOF1,False
11730201_s_at,3.1224919214485967,GPM6A,False
11739078_x_at,3.1222531836854794,NFE2L1,False
11762801_x_at,3.1216524135150734,ZNF496,False
11722214_a_at,3.121357705175364,QTRT1,False
11716392_s_at,3.119855502370311,ADH5,False
11728405_s_at,3.119503044679214,NRROS,False
11753906_x_at,3.119416453281827,SMARCA1,False
11743010_at,3.1188076973760657,NFIL3,False
11739545_s_at,3.1185590620194654,NEDD1,False
11745143_a_at,3.1175986751370632,SYNE2,False
11719910_a_at,3.1173074596352426,PICALM,False
11761366_at,3.116503971404279,PKD2L2,False
11730977_a_at,3.116438487331308,GAD2,False
11759646_at,3.1158245428932205,ZC3H7A,False
11735725_x_at,3.11557931901954,TP53BP1,False
11721121_a_at,3.1142352471220223,SPNS1,False
11731121_s_at,3.1130469917443295,VASH2,False
11719456_at,3.112586085403143,EXOC5,False
11762528_at,3.1114202992960056,SLC5A12,False
11725980_at,3.1113473303410566,CFD,False
11739543_x_at,3.111070637911074,C19orf12,False
11751631_s_at,3.110734643254809,AP4M1,False
11761026_x_at,3.110617999273323,MBD1,False
11756885_a_at,3.110500370858707,ATAD2,False
11755652_x_at,3.110469826468989,MBLAC2,False
11728883_a_at,3.109420020382162,PRSS35,False
11734871_s_at,3.1091766244858765,COMT,False
11728379_at,3.1082275502917645,EFCAB2,False
11732111_a_at,3.1082103706690405,TNFRSF21,False
11758588_s_at,3.1081781182046524,SORCS2,False
11742526_at,3.1078992472469222,OR7G1,False
11744830_x_at,3.107549111485534,LOC105369248,False
11757264_s_at,3.1065638237771545,RPS3,False
11731512_a_at,3.1060312934925953,DYRK4,False
11715593_s_at,3.1057443944609795,YWHAH,False
11720286_a_at,3.1002889837435634,TRAK1,False
11732209_a_at,3.1001910300678244,MON2,False
11761259_at,3.099959147781962,ACOT7,False
11733518_a_at,3.0998082156313704,KCNK10,False
11720391_a_at,3.099081850401165,SLC39A10,False
11717114_a_at,3.097929068186538,SUPT16H,False
11757546_x_at,3.0975561329865124,MICALL2,False
11747143_x_at,3.097319785415778,ACSL6,False
11734375_a_at,3.097173111545681,HEATR4,False
11738903_a_at,3.0964639976099564,LILRA5,False
11718018_a_at,3.096041661803287,ADARB1,False
11720690_a_at,3.0957939039640077,SLC35F6,False
11763900_at,3.0953169035871824,SNORA80A,False
11738617_s_at,3.0949840754841658,MYO7A,False
11756841_s_at,3.0942988884549694,SLC25A33,False
11754731_a_at,3.0942829455295313,MTA3,False
11760003_x_at,3.092800167538171,ING5,False
11715259_s_at,3.0917277468719697,IFNA5,False
11762667_s_at,3.0906212359625598,AP5M1,False
11723786_a_at,3.0891218666350184,ZNF766,False
11723910_a_at,3.0883028543847493,CMKLR1,False
11741285_a_at,3.088233917002323,ACKR4,False
11722965_s_at,3.0881385558443957,PLEKHA1,False
11739680_a_at,3.0875787669023462,AHR,False
11752754_s_at,3.087286087185829,SDC1,False
11738786_x_at,3.087262684020432,LOC105369237,False
11717117_a_at,3.086844357729583,PDXP,False
11737994_a_at,3.086265804532295,LRRC3,False
11763514_x_at,3.086105165169057,RCAN1,False
11719229_s_at,3.0859842417370156,URI1,False
11728466_a_at,3.0859517386784305,GLDC,False
11762522_at,3.0858570008395834,ADAMTSL1,False
11760375_at,3.085119218565394,MRPS15,False
11717478_at,3.083743183947612,LAMP2,False
11739062_s_at,3.0830529667073345,GTPBP4,False
11719037_a_at,3.0826326083330176,UVRAG,False
11749135_a_at,3.080823733866551,BRD3,False
11744834_x_at,3.0806272489930997,RPLP1,False
11756054_x_at,3.0799369506726877,HSPB1,False
11715857_a_at,3.0784408815468947,NCKAP1,False
11725570_a_at,3.0775590571274254,RAB7B,False
11735282_at,3.0764607191435993,SLC10A4,False
11733011_x_at,3.0759386601407956,SLC44A4,False
11758852_at,3.0759340760070586,ATAD3C,False
11756188_x_at,3.075738133437305,PSMD13,False
11736444_at,3.075549225296383,RBAK,False
11746938_a_at,3.075263101557583,NAA30,False
11762151_a_at,3.0739133770182026,NFATC2,False
11756891_a_at,3.0735503579721137,ZNF12,False
11738360_x_at,3.0735472129600345,PPIAL4C,False
11746705_a_at,3.07274446655467,RGS16,False
11726449_at,3.072604078968643,ZNF614,False
11734960_at,3.0722516721982065,TRHDE,False
11731712_a_at,3.07180793314604,CACNB2,False
11725634_at,3.0716767317916887,MRPS25,False
11730651_a_at,3.0716745420990383,SYTL4,False
11741941_at,3.071621833015613,GML,False
11720883_a_at,3.071376806650636,UBALD1,False
11736886_a_at,3.0708438849273545,PAPOLB,False
11754430_a_at,3.070484199655986,HPS6,False
11762098_at,3.068116420707127,SOBP,False
11731562_s_at,3.0679708565494517,APC,False
11733792_a_at,3.066933140323306,SLC25A12,False
11727611_a_at,3.066865341210076,SCN2B,False
11718953_a_at,3.066785298034525,EPB41L5,False
11732852_a_at,3.0666410749330817,ATP1B4,False
11735797_at,3.066339079315212,B4GALNT2,False
11730232_s_at,3.066039968989737,TIAL1,False
11731811_a_at,3.0659165552220458,FCRL4,False
11743108_a_at,3.0652798988117778,ACTA1,False
11756625_s_at,3.0649917246526295,FAM156A,False
11749656_a_at,3.0646970674866196,ARHGAP11A,False
11736723_a_at,3.0646189894279505,PDLIM7,False
11754966_a_at,3.0628880425009957,AIF1L,False
11755073_a_at,3.0625083612385717,PRPF39,False
11715927_x_at,3.0617113806424174,SH3GL1,False
11760717_at,3.0597068763978212,RPS6KC1,False
11720470_a_at,3.0594147982580515,MED20,False
11728113_s_at,3.058533795143312,MBD5,False
11723377_a_at,3.058351836888284,MYZAP,False
11760758_a_at,3.057611051942807,UCHL5,False
11718703_a_at,3.0571838941747345,INO80E,False
11728429_a_at,3.0558632094227542,LCOR,False
11748775_a_at,3.055389598903988,UPP1,False
11754419_a_at,3.054077226566934,C3orf17,False
11738077_a_at,3.053180869683321,ATP6V0A4,False
11718701_a_at,3.051070682235335,ARFIP1,False
11739633_s_at,3.0503621139643773,MED13,False
11721151_s_at,3.049890383933426,RAB40C,False
11730556_s_at,3.0497928810035377,TRIM34,False
11752972_a_at,3.0497012526242133,RGS9,False
11753533_a_at,3.0493279160552293,TP73-AS1,False
11743069_a_at,3.047894726115922,PRPF38A,False
11749542_a_at,3.0464395139305327,SLC38A11,False
11726518_at,3.0460573050234956,PBX4,False
11739242_x_at,3.0460547550596018,NEMF,False
11731878_a_at,3.046026106604346,REC114,False
11747229_a_at,3.0459356405096027,ANKS1A,False
11732264_a_at,3.0458690968617943,OLFM2,False
11719228_a_at,3.045400316923359,CAMK1,False
11725844_at,3.043735531524594,SREK1IP1,False
11754712_a_at,3.0433123615553037,TBC1D10A,False
11754267_x_at,3.0426061394613426,HBA1,False
11717841_at,3.0395046091602476,ETNK1,False
11735035_a_at,3.038718886575645,GCSAM,False
11736207_a_at,3.037260950138368,PLXNC1,False
11731647_a_at,3.0369857826970406,SLC6A12,False
11731590_a_at,3.0368094469251767,ZNF576,False
11734089_a_at,3.0362822547793904,CBFA2T3,False
11718142_a_at,3.035150303556161,TTC27,False
11725159_a_at,3.0350066332571366,FBXW2,False
11730858_at,3.0348924240900423,ZC2HC1A,False
11722988_a_at,3.0337831324946443,BTAF1,False
11740932_a_at,3.033265268829861,CSF3R,False
11733145_at,3.0330453715713115,ZBTB14,False
11743301_a_at,3.0318966326925176,SRP72,False
11733715_a_at,3.0317111061856816,EXOC4,False
11744993_s_at,3.0297908267375036,SIRT7,False
11716417_a_at,3.0295762418301213,UNG,False
11716364_s_at,3.0294615508007547,ASNS,False
11744167_a_at,3.028678596359838,DPP3,False
11737803_a_at,3.0284406263304766,YIPF2,False
11717585_a_at,3.027438449184414,PSMD10,False
11717934_at,3.0266341393774865,DNAL4,False
11732391_a_at,3.0258959896037676,EHMT2,False
11737371_a_at,3.0252206462056925,HLCS,False
11748183_a_at,3.0250558382233117,PLEKHH1,False
11722759_a_at,3.0237872307802554,CAMSAP2,False
11753234_a_at,3.0224101977109963,TAMM41,False
11715610_a_at,3.0220542318060075,ARPC1A,False
11728208_a_at,3.021307807777703,ISY1,False
11753575_at,3.020871127321234,COQ7,False
11722640_s_at,3.02080077844715,SSBP3,False
11724224_a_at,3.020488400628973,AMPD2,False
11743718_a_at,3.0204573934119403,ZIK1,False
11753036_a_at,3.0202396416080797,ANKS1B,False
11716771_s_at,3.0202095784074405,LOC102724428,False
11726061_a_at,3.0199563322768417,LRRC4,False
11718360_s_at,3.0194162173252574,COIL,False
11738602_at,3.0189758134175424,SPINK9,False
11758481_s_at,3.0166826928176347,RAB3IP,False
11744274_at,3.0165741866448172,NDC80,False
11721821_a_at,3.016164170176927,SRPK2,False
11752050_x_at,3.0157708357727793,WDR44,False
11733084_a_at,3.0156738036913877,PALLD,False
11750109_a_at,3.0155174973976875,MYO18A,False
11745691_a_at,3.014127089288289,SEMA4D,False
11741645_a_at,3.0133321108002584,ATXN7L1,False
11752712_a_at,3.011998728813777,CEP128,False
11717925_s_at,3.011344671625269,YAP1,False
11748279_s_at,3.0104788814885524,TM7SF2,False
11763277_at,3.0103498529389885,DDX19B,False
11761928_at,3.009983857805,CPED1,False
11729640_at,3.0096547984753177,C12orf43,False
11756314_a_at,3.0096428034378597,GADD45G,False
11720773_x_at,3.008826268447997,DNAJC19,False
11738871_a_at,3.0072303942775935,MAPK1,False
11742724_x_at,3.007121627337586,STAT6,False
11755698_a_at,3.0069305633362347,PEX26,False
11746356_a_at,3.006784750832689,VNN2,False
11726021_s_at,3.0053376327730823,EEPD1,False
11743538_at,3.0045156591168958,DNAJC18,False
11742703_x_at,3.003855884345155,C17orf89,False
11727150_a_at,3.0034397313038768,PRICKLE1,False
11743624_a_at,3.002865064506368,TIMM22,False
11749261_a_at,3.002427419636282,TBCE,False
11725904_a_at,3.0017092774251553,ZNF502,False
11750101_a_at,3.0015356810240914,ALDH1A3,False
11718747_at,2.999524720590412,PCGF2,False
11725581_a_at,2.9992077429534065,TNK1,False
11732343_at,2.999135200360179,ZNF33A,False
11736751_at,2.9990607983175006,HTR2A,False
11753833_a_at,2.998911082489559,DYNLL1,False
11749004_a_at,2.9982367262114407,PEX6,False
11752106_x_at,2.997286170827718,CEACAM5,False
11763899_at,2.9972487648591177,SNORA70B,False
11732350_a_at,2.996317077385687,CCNA1,False
11746506_a_at,2.996100816947283,SPP1,False
11740041_at,2.9953585868739734,ATP10A,False
11728125_a_at,2.9953493032254697,GZMH,False
11721860_s_at,2.993455442160187,STX12,False
11728802_a_at,2.9928108810180634,PAPD5,False
11732902_x_at,2.9928009639026647,APOBEC3B,False
11743127_x_at,2.992511481970583,CHCHD10,False
11721062_s_at,2.9922089846212203,ARFGEF2,False
11759301_at,2.9920654728516456,MAPRE2,False
11721890_s_at,2.9917681446974442,ADGRL1,False
11715155_s_at,2.991632249378781,TUBB7P,False
11740284_a_at,2.99161860067852,ZFP2,False
11721064_a_at,2.991417545070509,ELP4,False
11726910_x_at,2.990718901529705,MRI1,False
11740586_a_at,2.9902236200441266,PTGFR,False
11762031_a_at,2.9893084552099256,UNC80,False
11753269_a_at,2.989011218415556,DSTYK,False
11756334_x_at,2.9885597913183495,ANXA3,False
11739984_a_at,2.9881365135780187,HAO1,False
11743809_x_at,2.987789074303192,WBP5,False
11733420_x_at,2.9876626699501783,ZNF563,False
11731066_x_at,2.986788942596836,GIMAP1,False
11757730_x_at,2.986708365300607,GDF15,False
11715784_s_at,2.9866745200223486,PRR4,False
11751905_a_at,2.9863190436703264,NID1,False
200025_PM_s_at,2.985675406217482,RPL27,False
11732892_at,2.9848513458042953,CHRNA10,False
11719290_at,2.9847736260871476,TMEM63A,False
11758572_s_at,2.9846639306600267,HELLS,False
11725211_a_at,2.9837916542533303,PLCXD1,False
11719921_s_at,2.9833405844775327,GM2A,False
11732222_s_at,2.9829848831079615,TVP23B,False
11745167_a_at,2.9824037933764864,DIAPH1,False
11761539_a_at,2.981835673280426,C20orf96,False
11759951_at,2.9818080427850373,ZNF599,False
11728536_a_at,2.981254004834286,MCC,False
11717485_a_at,2.980018626473689,MYDGF,False
11722928_a_at,2.9799976216304174,AP5Z1,False
11730743_a_at,2.9798769388812314,AKIRIN1,False
11757039_a_at,2.9795690156091603,XIAP,False
11736369_at,2.9778480301180754,MBOAT1,False
11742230_x_at,2.976869965208517,SUPT20HL1,False
11749588_a_at,2.9766571011749345,ALG3,False
11716130_a_at,2.974623205672227,FSTL3,False
11740163_at,2.97379139738806,FUT7,False
11727268_at,2.9721667475348434,ZBED3,False
11736458_x_at,2.97167124699671,KCNK6,False
11725762_a_at,2.9707645445801507,PELI3,False
11759898_at,2.9704779464006568,ECM2,False
11760975_at,2.970132112444011,SP2,False
11739791_at,2.9699220472960346,MOCS3,False
11722693_at,2.9695385757860393,ZMYM4,False
11740137_s_at,2.96759230128644,MCTP2,False
11755624_a_at,2.9674554492016343,MTFR2,False
11742582_at,2.967397594178119,OR4Q3,False
11752470_s_at,2.9660266310119225,EIF4B,False
11757243_s_at,2.966016216617265,FBXL20,False
11716580_s_at,2.965415977121984,CYSTM1,False
11727023_at,2.9632425218742515,TMEM64,False
11760413_x_at,2.9631154640622284,COPS6,False
11749236_x_at,2.961746823251787,CYP46A1,False
11758205_x_at,2.9596455635533587,CAPNS1,False
11757392_a_at,2.9579153321505056,LAMTOR4,False
11722688_a_at,2.9576370106208434,LIFR,False
11763278_s_at,2.9573667409377142,FGFR1OP2,False
11717813_a_at,2.9570834570227342,ST3GAL4,False
11723728_a_at,2.9570703715181725,CXorf57,False
11724254_x_at,2.9570699284669963,B3GNT3,False
11731099_a_at,2.9563396239001727,DNPH1,False
11742281_at,2.956160383198119,NAF1,False
11746560_a_at,2.9550395108575738,TREML1,False
11739233_a_at,2.9535731612151155,SAFB2,False
11744636_a_at,2.953082697916327,OPRL1,False
11751911_a_at,2.952872026451348,CDC42BPA,False
11736571_x_at,2.9528269643923974,WDR31,False
11725232_at,2.9524363524165107,ATP8B2,False
11725553_at,2.9523635205741994,UGT2A3,False
11719765_x_at,2.9507817325376964,CDK18,False
11742873_a_at,2.9498232757937046,CDH11,False
11715101_s_at,2.9496321414027595,HIST1H3G,False
11759715_at,2.9494371549746434,LRCH1,False
11723626_a_at,2.9470136744018562,ENHO,False
11759534_x_at,2.9466382471845676,TP53I11,False
11758638_s_at,2.9457487847466033,MKL2,False
11715161_s_at,2.94511811511576,KRTAP21-2,False
11738717_at,2.944648706165361,OR4C12,False
11720014_a_at,2.9443259383290923,ATM,False
11724107_s_at,2.944012524302737,MRPS31P5,False
11755469_x_at,2.9432085146357583,MCM7,False
11724714_a_at,2.9431267957448197,STK32B,False
11723588_at,2.942695835054372,RC3H1,False
11761348_at,2.942454388867439,SPATA7,False
11749678_a_at,2.9424440923084267,FAM120B,False
11755721_a_at,2.9424354886438606,ATP6V1G2,False
11760332_a_at,2.939870113916643,ZFAND2B,False
11751999_a_at,2.9383933879335897,UBAP2,False
11758767_a_at,2.938361492712379,SEL1L,False
11757050_x_at,2.93826802304999,TAGLN2,False
11724622_a_at,2.9377910026986136,HPN,False
11754890_x_at,2.9370163089671757,CPSF3L,False
11745773_a_at,2.9368827346172224,TNFRSF14,False
11739030_s_at,2.936485230067623,CLTC,False
11743829_a_at,2.935272690958232,PAM,False
11715715_x_at,2.9345140396619387,VOPP1,False
11735610_a_at,2.9344722109754104,RPS6KA5,False
11740708_x_at,2.9334098752151614,ACAD10,False
11730002_x_at,2.9329388732992836,NRTN,False
11743605_s_at,2.9324663395481587,VBP1,False
11719069_s_at,2.9318189233025675,HSPA13,False
11749375_a_at,2.931712737156792,VAMP1,False
11744010_x_at,2.9313194687826085,TMEM175,False
11733469_a_at,2.9312485919488047,TMEM164,False
11760392_s_at,2.931006613250961,SUGP2,False
11747047_a_at,2.930435490421039,MAP3K7CL,False
11733455_a_at,2.9302931774955194,SP4,False
11756292_a_at,2.92822020656098,CTSW,False
11746839_a_at,2.9274859582821886,SKIV2L,False
11727937_x_at,2.927015694263692,MSANTD3,False
11737890_x_at,2.9261670953821484,LAT2,False
11717982_a_at,2.9253304228825643,FBXL3,False
11749919_a_at,2.9251954007934793,GUCY1A3,False
11722677_a_at,2.925130086550472,STEAP3,False
11720953_x_at,2.924286297194745,PDCD5,False
11738937_x_at,2.923548614213982,SSX3,False
11717503_s_at,2.9231744883125725,NUB1,False
11755236_a_at,2.921709832019019,SLC17A2,False
11731096_at,2.9208015774173295,WNT10A,False
11754418_s_at,2.920599149094287,G3BP1,False
11742824_a_at,2.9204792990815216,TMEM199,False
11760507_at,2.9202937485488643,ELF2,False
11739151_a_at,2.919598701612239,TTYH3,False
11742774_a_at,2.9191857115650004,CCDC112,False
11734514_a_at,2.91889969649363,TEPP,False
11757210_x_at,2.9187980406025114,ASMTL-AS1,False
11718593_x_at,2.9182736620013876,RTN4,False
11752553_a_at,2.9182004503093366,FBXW12,False
11738736_at,2.917167575753188,OR5M8,False
11716148_a_at,2.916948345817992,TRAF3IP2,False
11757628_s_at,2.9160633273269605,TSPYL2,False
11723461_x_at,2.9156866083326305,NLE1,False
11723339_at,2.9146399843891073,CTSG,False
11756855_a_at,2.9140168411307665,GCNT2,False
11723493_a_at,2.913524582651431,SYNGAP1,False
11743437_a_at,2.912757345295748,EXO5,False
11760862_at,2.91220038146423,OLA1,False
11742474_a_at,2.911804489164956,CFAP157,False
11748205_a_at,2.911159936974726,ADGRE1,False
11730659_s_at,2.910903138414407,OXSM,False
11729234_at,2.9101254690720473,E2F6,False
11763913_at,2.9094245913582433,SNORA80E,False
11760966_a_at,2.9085997839953124,SLC25A14,False
11734002_a_at,2.907924496311131,ACTN2,False
11740231_a_at,2.907818657678956,CCNT1,False
11762978_x_at,2.907562280945208,SMN1,False
11741153_a_at,2.9062693834942452,NCF2,False
11758736_at,2.9058522142348684,PSMC2,False
11738657_a_at,2.905788083540241,CDKL4,False
11718126_s_at,2.905673335230157,AIMP1,False
11735505_a_at,2.9050840235211877,NLRC4,False
11739788_a_at,2.9050671480055077,C11orf57,False
11740633_x_at,2.904045112232043,ABCA10,False
11744148_at,2.903359291578205,MRPL12,False
11761563_x_at,2.9021521872764744,HEATR1,False
11753166_a_at,2.902087044459363,WDR6,False
11726338_a_at,2.9013651772853586,ALOX5,False
11737134_x_at,2.9004531985175688,ZNF385A,False
11758298_x_at,2.9003408897420977,KRT8,False
11730686_a_at,2.900305953206228,WT1,False
11734458_a_at,2.899958662728412,FAM160B1,False
11757983_s_at,2.8997970819462036,TRAM1,False
11720100_a_at,2.8990450999323243,SPIN1,False
11719875_x_at,2.8973041489957296,MTX1,False
11729420_a_at,2.897258088966919,TTC26,False
11734281_a_at,2.8966057360611877,ZNF17,False
11744187_at,2.8963472968538273,SBK1,False
11748020_a_at,2.895392073476467,XPNPEP1,False
11748861_a_at,2.894480760479626,ACPP,False
11742377_at,2.8940563352846227,OR7C2,False
11750458_x_at,2.8934543442854976,CA3,False
11743664_a_at,2.893359439887151,COG5,False
11748242_a_at,2.8923812328602083,CORO7,False
11715837_a_at,2.891301495439686,HEXB,False
11744174_a_at,2.8912857383761295,UBQLN4,False
11720238_at,2.8912640056020815,MAPK9,False
11729244_a_at,2.8904388057483197,DDX18,False
11736009_a_at,2.889876034757129,RSL1D1,False
11721243_a_at,2.8887726536710274,LAP3,False
11739179_s_at,2.8882108941343865,ST6GALNAC4,False
11728130_a_at,2.887398073826526,DNAAF5,False
11746348_x_at,2.8873108570547177,PNN,False
11747807_x_at,2.8872977657262298,RNGTT,False
11734608_x_at,2.886672706711119,SHQ1,False
11715870_a_at,2.8864875718483525,UFD1L,False
11748487_a_at,2.886266219266715,RGL2,False
11720406_a_at,2.8861161510403543,PPP6R2,False
11724531_x_at,2.886102691584767,MBIP,False
11733976_at,2.8855674700667797,HAUS5,False
11763966_at,2.885284023648711,TRIM71,False
11734592_at,2.885198281251361,SLC10A7,False
11746845_a_at,2.885138939224948,TMEM143,False
11741865_a_at,2.885102057513139,CSTL1,False
11721369_a_at,2.884877539647487,TRAPPC9,False
11744189_a_at,2.884473959828289,ACE,False
11736953_a_at,2.8841646858089116,SETDB2,False
11718840_s_at,2.8833295769949596,PDHX,False
11750591_a_at,2.882989952099787,PPL,False
11725319_a_at,2.8825723334862747,ZC3H14,False
11718105_s_at,2.8810329873543568,IPO5,False
11742766_a_at,2.880955512683708,DENND5A,False
11726048_x_at,2.8807369955495683,ASXL2,False
11758993_at,2.880578929939116,TRIM52,False
11719891_s_at,2.8805242879902258,CRYZ,False
11725782_at,2.8796671552329522,ANXA2R,False
11762605_at,2.878613420453857,LOC645261,False
11758437_s_at,2.8780496759240797,SNRNP48,False
11716661_at,2.8777057092316647,GRAMD4,False
11763282_x_at,2.877583431071286,RPL23AP82,False
11722971_a_at,2.8758967686272285,CREB5,False
11745271_x_at,2.8755209499164085,OPTN,False
11746797_a_at,2.8748428689800862,SDC2,False
11729496_at,2.8743189793970783,FAM133A,False
11730580_s_at,2.8742806178599567,HECW2,False
11737126_x_at,2.8741560112332376,CTAGE15,False
11756413_a_at,2.8736711502638568,ASTN2,False
11757258_at,2.873040855607348,PRG1,False
11730610_a_at,2.872932344384498,MCOLN2,False
11717735_at,2.872727592083814,ZCCHC24,False
11734021_at,2.8726873980739485,SHANK2,False
11741036_a_at,2.871983388412919,RPS6KA1,False
11759512_x_at,2.8717948222156497,CWC25,False
11761801_x_at,2.8708129867018815,MAP4K2,False
11727200_s_at,2.8706394641621897,ZRANB2,False
11756967_x_at,2.8704470850104853,SUCLG2,False
11759209_at,2.8700761121980327,AK9,False
11743703_a_at,2.8692095361047,THUMPD3,False
11755311_a_at,2.868815304459342,ITGB1BP1,False
11734053_x_at,2.8673622698967822,ZMYM6,False
11761225_a_at,2.8666011959666515,COQ4,False
11717599_s_at,2.8659011669723014,SLC20A2,False
11717800_a_at,2.8657748552762077,ATF5,False
11722370_a_at,2.864962256177421,TRIM22,False
11737177_at,2.8647670490048416,SLC25A21,False
11727041_a_at,2.864176357712303,TTI2,False
11730732_at,2.8633403617793216,DNASE2,False
11759814_at,2.8633084650793648,CCDC122,False
11761782_at,2.862689636639149,IRF1,False
11745655_x_at,2.862541376451469,MED16,False
11762841_at,2.8619107034222804,CYP4Z2P,False
11758928_at,2.861679561218478,NLN,False
11756753_a_at,2.8604607564508515,IQGAP3,False
11732204_a_at,2.860234634870234,NAP1L1,False
11755998_x_at,2.860045742527996,HLA-DRB4,False
11760194_at,2.8597852301960156,LRRIQ3,False
11729452_a_at,2.8588525240298295,C2CD3,False
11731577_a_at,2.8587169510860333,SLC22A1,False
11763798_a_at,2.858167327185058,STMN4,False
11720357_a_at,2.858158259897414,SMAP1,False
11740736_x_at,2.857514572660524,TMC7,False
11752182_a_at,2.8572023980763,DLG1,False
11756082_a_at,2.8547505527603554,MID1,False
11754441_a_at,2.8546774058695474,AGAP3,False
11746034_a_at,2.8540251916162815,FAM193A,False
11758308_s_at,2.85383303790163,HSP90AA1,False
11754836_x_at,2.853471087530763,ZNF232,False
11760762_x_at,2.8529699129005617,DENND2A,False
11721042_at,2.852768758727945,NSMCE2,False
11718904_s_at,2.8515987326581715,FILIP1L,False
11745784_a_at,2.8509909348444045,LOC148413,False
11727129_at,2.8505585193458067,MAGEB2,False
11756286_a_at,2.8504403921033497,SFXN2,False
11734716_at,2.850284942256841,CBLL1,False
11757227_at,2.8500043709022176,LOC100288842,False
11755811_a_at,2.849610938284778,ZNF266,False
11723822_a_at,2.849482468875157,ZNF862,False
11722918_a_at,2.8485099135626024,KCNS3,False
11754320_a_at,2.847584568442622,SMC4,False
11728657_at,2.8465638447534998,IGFBP5,False
11754602_a_at,2.8451549174434425,CYB5RL,False
11723386_s_at,2.844288551784124,PTAR1,False
11728584_s_at,2.844271860104913,ZMAT1,False
11719403_a_at,2.8441168403011674,RAP2A,False
11724388_at,2.8435494106217747,ZNF721,False
11756474_a_at,2.8426560215103023,CPT1A,False
11763138_x_at,2.8424487891275896,RBM15,False
11719773_s_at,2.841624415789822,C5orf24,False
11736719_at,2.8411830224424857,ZNF474,False
11742294_at,2.8409225626587182,TEX14,False
11742417_at,2.8400396771895333,ZNF737,False
11757944_s_at,2.839862622612466,MIEF1,False
11732538_at,2.839721913444182,TBX21,False
11762971_x_at,2.838699035055579,NARFL,False
11757511_x_at,2.838078332559788,HLA-DPA1,False
11756479_x_at,2.837047668370904,RNASET2,False
11733162_a_at,2.835914607157934,PSTPIP1,False
11728361_a_at,2.8344607958724923,CHCHD7,False
11757622_s_at,2.834420127395194,TSPYL5,False
11726039_at,2.834403002857761,C3orf38,False
11734808_s_at,2.8332782375532735,DTNA,False
11745659_s_at,2.8330855297990962,POM121,False
11762681_at,2.832516806285389,LOC280665,False
11733144_s_at,2.832078039980229,IMPA1,False
11754492_x_at,2.8319295949606538,PLCB2,False
11716527_a_at,2.8307230816651234,GSTK1,False
11721472_a_at,2.8296915122033504,HCCS,False
11728811_at,2.8293872042571073,OTUD7B,False
11754569_x_at,2.829332030848274,MZT2A,False
11730913_a_at,2.8289852192957157,ARHGAP12,False
11727081_a_at,2.8289184301097934,TIPIN,False
11752142_a_at,2.828270041434777,FLNA,False
11757665_x_at,2.827976801982877,NDUFS5,False
11730840_a_at,2.8269902269503637,ZMYND8,False
11741764_a_at,2.826700138311504,GPN1,False
11743237_at,2.825750326318265,TMEM8C,False
11763201_at,2.8250213585409907,FAM65B,False
11745533_x_at,2.8250047100451123,PPP5C,False
11740928_at,2.8228676500447767,C10orf131,False
11735730_s_at,2.8224493313314296,PRKRIR,False
11717231_at,2.8215151517355994,EP400,False
11725622_s_at,2.82148275831711,JMJD4,False
11741921_at,2.8201747466898555,DGAT2L6,False
11744682_x_at,2.820058747235944,EIF5A,False
11755029_a_at,2.8176908853833855,HID1,False
11753547_a_at,2.8176628257184553,C9orf66,False
11744185_a_at,2.817022853678389,SIPA1L2,False
11759309_a_at,2.8158279984494197,SNED1,False
11719705_a_at,2.8153828560899337,BCKDK,False
11757650_s_at,2.813406949544945,FN1,False
11722873_a_at,2.812759015936807,RTKN,False
11760909_x_at,2.8117500077574085,LTBP4,False
11720776_a_at,2.81155557541666,RNF8,False
11736670_a_at,2.810451222345685,MCM4,False
11723243_at,2.810039305602849,CDK6,False
11720317_a_at,2.809907265310693,DAD1,False
11735589_at,2.8092923161325025,PTGDR,False
11718735_at,2.8079703751922342,PCMTD1,False
11754918_s_at,2.8078385479850705,HMGCS1,False
11753159_a_at,2.807256459318749,CD274,False
11724710_at,2.8066138986683407,SOX11,False
11734367_at,2.8066050257580506,FOXD3,False
11725100_s_at,2.8060463771486592,ESF1,False
11724120_a_at,2.804216984584278,TRIM59,False
11720531_at,2.803343909174881,C9orf72,False
11717704_x_at,2.8030451048885823,KIFC3,False
11743422_a_at,2.8014789309010806,BAG4,False
11755053_s_at,2.8013310831949663,ELAC2,False
11723427_a_at,2.80106173474511,OGFOD1,False
11751111_a_at,2.8009687638683314,KCNQ2,False
11751247_a_at,2.8007403885654942,PIK3CD,False
11720140_at,2.8005700312977084,RILP,False
11722398_s_at,2.800073618123042,RWDD4,False
11744797_s_at,2.7997420717131143,DAB2,False
11746855_a_at,2.7977285956467446,APOA1BP,False
11733899_a_at,2.7970254052176444,TROVE2,False
11725042_a_at,2.795875256348332,YWHAB,False
11726140_s_at,2.7958745545144557,SIRT1,False
11740135_s_at,2.7956305529977854,USP40,False
11745094_a_at,2.794757327440291,EPN3,False
11719657_a_at,2.7936020305546485,MMP9,False
11756268_a_at,2.793538265848692,FBXO4,False
11720683_at,2.7925737553904697,B3GALT6,False
11718669_x_at,2.791496120559646,MED9,False
11723565_a_at,2.790340444152418,CENPA,False
11761403_at,2.7882935352846197,ISCU,False
11718900_a_at,2.7880705658878426,TGFBR3,False
11755867_x_at,2.787495802023149,HNRNPUL1,False
11735195_a_at,2.787336856366541,ZFP28,False
11746134_s_at,2.78694086099277,NOP56,False
11759780_at,2.7869227007642774,ANKRD13C,False
11762378_a_at,2.7860132276706975,VPRBP,False
11718945_x_at,2.78497992883351,PGPEP1,False
11716781_s_at,2.784613826448708,TBL1XR1,False
11717588_at,2.7835543876385973,CLPP,False
11758486_s_at,2.7824724124382496,BACE2,False
11728979_a_at,2.7821230769930065,ADGRG3,False
11730512_a_at,2.7814888604701906,CHST8,False
11724404_a_at,2.7811850158235507,WTAP,False
11720037_at,2.7801887856203806,VTA1,False
11739637_a_at,2.7777587006274342,CDK12,False
11717505_a_at,2.7775955645581267,TRAM2,False
11749458_a_at,2.7770638652969875,RAP1GAP2,False
11736777_at,2.77669392321029,CBLN1,False
11723548_x_at,2.7764656494663185,PEX1,False
11756827_a_at,2.776199920457468,RTN1,False
11738649_at,2.77564778391926,KCNA10,False
11760725_x_at,2.7752661878252063,PINK1-AS,False
11726931_a_at,2.7751911994888365,TET1,False
11756047_a_at,2.7744286615551856,LCN10,False
11726841_a_at,2.7743579534537153,DLX5,False
11732997_a_at,2.774278440480778,MCM6,False
11727695_a_at,2.7738997567272774,KLRC4-KLRK1,False
11757137_s_at,2.773341286585561,EIF4A2,False
11761605_x_at,2.7720025836364606,SPTY2D1,False
11742652_x_at,2.7719352248953606,SPANXN1,False
11719623_a_at,2.7716531383361476,GTPBP1,False
11722291_s_at,2.770720065365426,ZBTB43,False
11754810_a_at,2.769284440162921,ITGB5,False
11756164_s_at,2.769208094902162,ADIPOR2,False
11740040_a_at,2.7686144124239487,UBAP2L,False
11720134_s_at,2.7679707961198363,PROS1,False
11745027_a_at,2.7674577901938133,C11orf80,False
11746976_a_at,2.76659627612827,GAPVD1,False
11739888_at,2.7663983791975806,CEP85L,False
11722006_a_at,2.766210258218881,KLHL25,False
11738913_a_at,2.7659142407944373,CD200R1,False
11726633_s_at,2.7658564234935654,TRIM8,False
11715621_at,2.765033314468703,UFC1,False
11719877_a_at,2.7629914091277397,TRPT1,False
11746338_a_at,2.7627791760996283,RAB35,False
11754840_s_at,2.762763374578658,LINC00470,False
11756108_a_at,2.7615418726764447,CHAF1B,False
11759330_at,2.761044236392285,B3GAT2,False
11751402_a_at,2.760046656542822,REM2,False
11716387_s_at,2.759798378432544,BAZ1B,False
11733150_at,2.7596102809839858,COX18,False
11715272_s_at,2.759557256498609,UGT2B11,False
11724953_a_at,2.75901912552653,PDIK1L,False
11763368_a_at,2.758837137568614,ZGRF1,False
11722937_s_at,2.758549525720763,MB21D2,False
11740156_a_at,2.7576245126029386,SH2D1B,False
11728728_s_at,2.7572281339264757,ADRB2,False
11758627_s_at,2.7570771136754275,ASS1,False
11731470_at,2.756771079988727,AKT2,False
11741774_a_at,2.7554890842238153,PPP1R17,False
11748218_a_at,2.7550616908279038,ARFGAP2,False
11735112_at,2.7545408424440763,PTGER3,False
11719943_at,2.7531532561862138,CXCL9,False
11715320_s_at,2.7531091549576803,TTN,False
11747958_a_at,2.752414901525663,CDIP1,False
11742957_a_at,2.75194831740153,SMARCA4,False
11728006_at,2.7512764115191115,PRAC1,False
11716988_s_at,2.750234289835401,PNRC2,False
11740054_s_at,2.7498111363730535,NCBP2,False
11754233_a_at,2.748694988379633,CEP152,False
11763410_at,2.7485955023584188,GLG1,False
11731943_x_at,2.747004666512758,AGAP4,False
11732754_s_at,2.745546276169419,FAM205A,False
11721234_a_at,2.7452082219941203,ZNF75D,False
11738858_x_at,2.744746218988268,CSF2RA,False
11719912_a_at,2.744645763806566,KDM1B,False
11754364_a_at,2.744644105516926,FAM78A,False
11730194_a_at,2.7443526930269315,SEC14L2,False
11728460_at,2.741936543774865,HSCB,False
11720330_at,2.7412525236616077,BRIX1,False
11753848_x_at,2.7401571962477314,DGCR6,False
11735738_x_at,2.7398273931981,SH2B1,False
11735790_x_at,2.739648180975469,PTPN18,False
11733398_at,2.73961574587753,GABRG1,False
11746183_a_at,2.7396113874327668,RNF6,False
11719115_a_at,2.7376677578968467,GOT2,False
11719418_x_at,2.7370267540800346,ANKRA2,False
11733054_a_at,2.7369852202164915,SCAMP1,False
11737003_a_at,2.736322350856001,PDE3A,False
11719675_a_at,2.7359711162922995,VCAM1,False
11758535_s_at,2.734557720342389,GPAM,False
11733522_a_at,2.732864686300162,RUNDC3B,False
11717566_at,2.7325691065964546,EMP1,False
11749934_s_at,2.731936174076997,HSP90AA4P,False
11727383_a_at,2.730296883437268,DYM,False
11734964_x_at,2.729792702681264,ADAM33,False
11762146_a_at,2.729769768959081,CGREF1,False
11717032_at,2.7290916267478265,KIAA0141,False
11760142_at,2.72900164875909,CDK1,False
11729477_a_at,2.7289597558920327,LY6G6C,False
11723473_a_at,2.7288829949826203,LYPLAL1,False
11744101_s_at,2.7280298739498736,NAPA,False
11761829_at,2.7272057312523272,PRR14L,False
11720204_at,2.726776621824592,NT5DC1,False
11736271_at,2.726652040265538,NANP,False
11723847_a_at,2.7254059908001937,ATP11C,False
11759109_x_at,2.7252455555169055,KRIT1,False
11746712_a_at,2.7252293741056777,IQSEC1,False
11758382_s_at,2.7244039755143596,ABCC9,False
11748393_a_at,2.7228745917446795,SLC37A3,False
11735682_at,2.7225534356635013,XKR7,False
11754542_x_at,2.722025176220779,ZNF594,False
11752001_a_at,2.721731567328008,CUL4A,False
11751461_a_at,2.7208202845738017,C11orf65,False
11737942_s_at,2.7203372922058615,HDHD2,False
11728996_at,2.719915633533655,KCNA1,False
11760088_x_at,2.719557914662931,LINC00266-1,False
11743613_a_at,2.7186430533045987,TMOD3,False
11717913_at,2.718257260492345,CDO1,False
11759983_at,2.7178700666202835,VTI1A,False
11726260_a_at,2.7174368303230954,RNF141,False
11715640_a_at,2.7169848222717663,TTC3,False
11755936_a_at,2.7166331649448026,ENOSF1,False
11744657_x_at,2.716631831932782,FGFR4,False
11756102_a_at,2.7164370498196235,GUCY2F,False
11732225_a_at,2.7148464015428075,ZNF664,False
11748018_a_at,2.7147655209871973,KCNJ13,False
11759249_at,2.714398595224104,C17orf67,False
11744969_a_at,2.7143468068124483,PAPLN,False
11726073_a_at,2.714263945316417,ARHGEF7,False
11755033_a_at,2.713707886574686,GABPA,False
11750452_a_at,2.7135398811627724,CYP2C8,False
11717343_a_at,2.7135161493545725,SUPT4H1,False
11735397_at,2.7121789883839273,CNGB1,False
11736929_at,2.7115594553915536,G6PC,False
11753119_x_at,2.7115005270400556,CMTM5,False
11720502_s_at,2.7113666705924184,UBE4B,False
11756239_s_at,2.7104994851739423,MRPS35,False
11743573_at,2.7103056474934966,TMEM184C,False
11755666_a_at,2.708396807283823,PDE10A,False
11759614_a_at,2.7081642532504864,ECHDC2,False
11757566_x_at,2.7080332123604114,NOL8,False
11751624_x_at,2.7077516928092935,UEVLD,False
11727761_at,2.7077114047647437,PALM3,False
11719393_a_at,2.7067448783610417,NR1H3,False
11720994_x_at,2.7059410421433356,CCL3,False
11730177_a_at,2.705804167974306,SPOP,False
11743198_a_at,2.705563870683694,SLC6A16,False
11734867_a_at,2.7055032617749624,TPRG1,False
11740285_at,2.705217922339045,EFCAB1,False
11759695_at,2.704499617004944,CNTN1,False
11740780_at,2.703120291481282,FOXD2,False
11716302_s_at,2.7025069851311843,ACSL1,False
11730782_x_at,2.7022866064280686,SLC2A6,False
11745362_x_at,2.7016821956268076,RPS11,False
11750964_s_at,2.7016529353026546,CHRFAM7A,False
11761895_x_at,2.7012647687240077,LOC100130916,False
11718285_s_at,2.7011872729502113,MRPL45,False
11727593_a_at,2.701147017991174,KIAA2026,False
11737234_s_at,2.6984321772909325,USP6,False
11719161_a_at,2.697703819420975,GPT2,False
11742810_at,2.6975780509787772,SOX10,False
11744181_a_at,2.6967696919029476,FARS2,False
11735696_a_at,2.6964712459408418,ENTPD6,False
11735975_at,2.6959528806626136,TAS2R38,False
11747151_a_at,2.6952876178114313,GORASP2,False
11752507_x_at,2.6946058873588443,LMNA,False
11742389_at,2.6943918477129007,OR8G1,False
11747783_x_at,2.6924964429092935,AHCY,False
11741026_x_at,2.6921349404164543,PIP5K1A,False
11716512_a_at,2.6919808855577956,SRRM2,False
11759425_at,2.691225171045305,FAM127A,False
11720503_a_at,2.6904264382903853,ALDH3A2,False
11725712_s_at,2.6899599792023126,PPIA,False
11717903_s_at,2.6896949181664893,IER3IP1,False
11725231_a_at,2.6894855094537267,CEP290,False
11724235_a_at,2.6883767660883406,HGSNAT,False
11716031_s_at,2.686761992601915,ARF3,False
11747000_a_at,2.6866290853260217,LTA4H,False
11734971_s_at,2.6863137515345303,MCM8,False
11755442_a_at,2.6861148316363748,WHSC1L1,False
11720497_at,2.685985749154088,MED4,False
11721254_s_at,2.6858360621181836,ARMCX3,False
11729670_a_at,2.6854719760483645,BDH1,False
11716271_at,2.6845746895557556,POLR2E,False
11718275_x_at,2.684025603489297,EIF3L,False
11721239_x_at,2.6838632058871257,ATP5L,False
11733585_at,2.6834622244262594,TEX29,False
11724987_a_at,2.6833345592937157,CCDC113,False
11756895_a_at,2.6829444313098687,SBF1,False
11749199_a_at,2.682866491248937,STAC,False
11746327_a_at,2.681969664816471,SNX6,False
11745191_a_at,2.681809928543937,TRIP6,False
11737271_a_at,2.6802286614010393,ZNF805,False
11753469_at,2.679196729900829,FLJ42393,False
11758009_s_at,2.6789819350394377,AMPD3,False
11734770_a_at,2.6787892881029416,NEGR1,False
11757085_s_at,2.677918204824576,ASAH2,False
11745209_a_at,2.6769927180528477,SAMD4A,False
11720053_x_at,2.675991835290355,EMG1,False
11729437_x_at,2.6756179267671762,LY6H,False
11723516_a_at,2.674894989698868,CAB39L,False
11738374_at,2.674407818517861,KIR3DL3,False
11716653_x_at,2.674253032737411,EML4,False
11738653_at,2.673939786486527,KRTAP24-1,False
11722167_s_at,2.673340723747517,CTNNB1,False
11738485_at,2.672390957977655,TBPL2,False
11718145_a_at,2.670736479301304,DGCR14,False
11738971_x_at,2.6692414415165624,PYDC2,False
11762643_a_at,2.6690465429858046,TSTD2,False
11716834_a_at,2.6687374205534766,PRRC2A,False
11725461_s_at,2.668656533683961,MAU2,False
11731170_s_at,2.6680209967453,DEFB126,False
11760643_a_at,2.666448085015084,CDH26,False
11758837_at,2.6660014950734703,LOC100506603,False
11728513_a_at,2.665942473784775,NDUFAF6,False
11719014_s_at,2.665789924209471,FZD4,False
11731698_s_at,2.6657880995980303,ALG10,False
11719276_at,2.665658851872393,MRPL17,False
11721703_s_at,2.664012651859058,TNRC18,False
11749518_a_at,2.663951550466166,SRD5A1,False
11732604_a_at,2.6637161947434596,TRIM45,False
11738132_a_at,2.6636634278623577,RNF212,False
11745051_a_at,2.66363549867034,GRIA3,False
11724333_a_at,2.662861930111822,USP8,False
11762546_at,2.662678595130485,FOXP2,False
11721025_a_at,2.6626527036549694,TRAPPC6A,False
11726248_x_at,2.6620404000640567,PARP1,False
11742838_at,2.6610432615843815,ARRB1,False
11722376_at,2.660971580466967,MEAF6,False
11744601_x_at,2.660581545346245,RPS17,False
11724904_at,2.660321524220968,TIMP4,False
11762149_at,2.6601965516257633,TMEM241,False
11722754_a_at,2.659586718383707,SHPRH,False
11746892_a_at,2.6593273510552935,PPWD1,False
11749023_a_at,2.6591038168569674,SLC16A4,False
11757405_a_at,2.658409709085279,MSRB2,False
11746729_a_at,2.6581016621764193,LRMP,False
11759139_at,2.6580996702935717,FAM98B,False
11745652_s_at,2.6575793114405433,EPCAM,False
11742517_x_at,2.657148895502756,OR2M2,False
11723134_a_at,2.6568952342375676,SLC22A17,False
11759456_x_at,2.6566434179604146,TUBB8,False
11736100_a_at,2.6557156590080564,GBA,False
11724039_at,2.6544777960018378,EHHADH,False
11756729_a_at,2.6534735578542215,CTDSP2,False
11739213_a_at,2.6534416399179332,ARL14EP,False
11755779_a_at,2.653326140014633,ADAMTS20,False
11715588_x_at,2.653221135379466,MYL9,False
11741103_a_at,2.653004285681369,ANXA11,False
11727208_x_at,2.65266203825437,DDHD1,False
11732900_a_at,2.652453578529584,LHFPL1,False
11758028_s_at,2.652176459767591,FOXQ1,False
11755480_a_at,2.651437768449065,MYOCD,False
11722925_x_at,2.6497626330365978,MMRN1,False
11758066_s_at,2.648608330025903,VAPB,False
11741887_a_at,2.6485109584112845,WDR64,False
11737949_x_at,2.6476467298990634,CNNM2,False
11723180_a_at,2.6468968119055707,ITSN2,False
11732841_a_at,2.6467868909701875,SCN3A,False
11739162_a_at,2.6466056395099007,ALDOB,False
11738512_a_at,2.645927531373008,GADL1,False
11715770_x_at,2.6455829762565273,SET,False
11736001_s_at,2.6453360859321937,DCN,False
11762923_x_at,2.6453097722909926,COX3,False
11720113_at,2.644545272828316,SNTB2,False
11754795_a_at,2.6445181768021855,PIGV,False
11740252_a_at,2.6428899314579324,CWC27,False
11734726_x_at,2.6422530936419197,PNPT1,False
11732419_a_at,2.642081803876643,TYW5,False
11719376_a_at,2.6420465911790405,DAXX,False
11723592_at,2.641655841686744,LRRC8C,False
11722702_x_at,2.6405809380992546,DZIP1,False
11728123_a_at,2.6404645779451092,KCTD13,False
11722145_a_at,2.640409321826328,USP37,False
11725785_at,2.6398156269313184,BORA,False
11727297_a_at,2.6392455204999683,TGFB3,False
11732140_at,2.639235468649735,COX16,False
11753811_x_at,2.6387934052225073,ENY2,False
11737793_a_at,2.6384841190243193,IDH3A,False
11717858_a_at,2.6373890463484653,CD37,False
11716323_at,2.637111111951356,ICMT,False
11727646_a_at,2.6366638399987807,DNAJC25,False
11763451_s_at,2.635825887263402,SSU72,False
11723045_x_at,2.635713203974241,FRG1,False
11748994_a_at,2.6352834916157772,AMBRA1,False
11746090_a_at,2.6346712778655155,SLK,False
11728753_at,2.6336761907047017,ADH7,False
11753277_a_at,2.6331998649335904,AKR1E2,False
11751057_a_at,2.6331862856014503,SH2D4A,False
11747175_a_at,2.6329056871776,SSC4D,False
11724221_at,2.6325071973154848,NAP1L2,False
11720712_a_at,2.6320877276691887,KCNE3,False
11731311_at,2.6316635450139967,SLC25A2,False
11724827_at,2.6310188557180516,BORCS6,False
11759020_s_at,2.630903236779628,RNF187,False
11733736_a_at,2.6307948961173566,CD2,False
11727904_s_at,2.6306258868666976,IL13RA1,False
11732623_at,2.630101851353318,EDDM3A,False
11731195_at,2.629942329093933,SEMA3D,False
11751568_a_at,2.6297205992441506,HSD17B1,False
11745267_s_at,2.6290366413051838,RGAG4,False
11752981_x_at,2.629002151578914,WBP2,False
11718283_a_at,2.628947090468674,EIF4EBP1,False
11732360_a_at,2.628867847851126,CTPS2,False
11735434_a_at,2.628458075043965,GPR158,False
11733756_a_at,2.6282071610909417,VWC2L,False
11721919_x_at,2.626910328368857,ATP13A2,False
11725857_s_at,2.6264623363057695,SLC2A13,False
11718332_a_at,2.6262911883221864,TSPAN3,False
11736654_at,2.6261405882855366,NKX6-2,False
11749831_a_at,2.6259469002746045,LMO3,False
11758856_s_at,2.625829881524883,ZNF689,False
11751608_a_at,2.625750089253089,TTC33,False
11732203_at,2.6253900792146267,KPNA5,False
11759971_at,2.625348429235884,NCR1,False
11719068_a_at,2.6251710617508603,GPATCH3,False
11726371_a_at,2.6245384496327384,EXOSC9,False
11743095_at,2.6240315697482397,TMEM65,False
11742961_s_at,2.623948350292339,FAM43A,False
11755149_x_at,2.623386812842044,MEF2D,False
11734989_a_at,2.6231711628345007,DEDD,False
11745669_a_at,2.6229978136840955,KANSL1L,False
11717753_a_at,2.622518004749488,SEC14L1,False
11745008_a_at,2.6223169464408462,KATNB1,False
11741015_a_at,2.6223012752067136,CDCA8,False
11759236_at,2.622029077292811,ZNF284,False
11720199_a_at,2.6220089076150184,DVL2,False
11743002_at,2.6219797912941543,DCTN6,False
11754767_x_at,2.620384374627583,RPL7L1,False
11750804_a_at,2.6197065471679104,LIMCH1,False
11741886_a_at,2.6195024760473706,FAM47A,False
11748942_s_at,2.6194528965928723,TNRC6A,False
11756547_a_at,2.6167724187944414,CLU,False
11725293_at,2.616570490783271,USP9Y,False
11722309_a_at,2.6158105296154757,TRPM4,False
11715939_a_at,2.6158039717892474,KHDRBS1,False
11726580_x_at,2.6142758589123383,PSME1,False
11756491_x_at,2.6138928400600867,SDAD1,False
11718430_a_at,2.613384020196146,ZNF32,False
11742549_at,2.612963275718772,OR5K3,False
11729742_x_at,2.612719362294664,IFI27L2,False
11723951_a_at,2.6124221428534904,TFPI,False
11718763_a_at,2.611714110862308,POMP,False
11737286_at,2.61122374834046,ITIH5,False
11716894_x_at,2.610644454001757,TOX4,False
11731175_a_at,2.6104808771537633,KDF1,False
11733009_s_at,2.609213696777374,LUC7L3,False
11735274_a_at,2.6091962112726175,TBX18,False
11719542_a_at,2.609157756613808,PAXBP1,False
11752092_s_at,2.608957314267252,ASIC1,False
11725921_at,2.608911555282909,C1orf64,False
11725840_at,2.6084019722203293,SLC24A1,False
11749771_a_at,2.607617946829505,CAMK2B,False
11723913_a_at,2.6070352970328927,CACTIN,False
11727134_s_at,2.6069061716471458,PUS7L,False
11734861_a_at,2.606366278741283,KCNH8,False
11715638_s_at,2.6053573080348396,LPCAT1,False
11744612_a_at,2.605158629358881,NUDCD1,False
11731330_a_at,2.6044846085307922,ZNF81,False
11722467_s_at,2.604468279099326,PAX6,False
11729409_at,2.604468033039787,ZNF764,False
11739191_at,2.604224727453146,AKT3,False
11727091_a_at,2.60304386826592,ING2,False
11716631_s_at,2.6027400292786362,SERPINB2,False
11741732_a_at,2.6023858912021267,ANP32E,False
11727519_a_at,2.602230507728668,INTS6,False
11742791_at,2.600308309939917,ATP6AP1L,False
11758554_s_at,2.600242489831589,RFWD2,False
11732543_a_at,2.6001738005781148,RSPH6A,False
11716920_at,2.5998374235627155,PLVAP,False
11728889_s_at,2.598189619106844,SERF1A,False
11752073_a_at,2.5973213345706982,C20orf194,False
11739237_s_at,2.5971053328978715,PDE12,False
11738102_at,2.5969851310368903,MIR99AHG,False
11739156_at,2.5961251288179468,TMX4,False
11744137_a_at,2.5956726286572875,CAMK1D,False
11743771_at,2.5951328714454833,GIMAP7,False
11763869_at,2.595083403263348,PROZ,False
11732956_a_at,2.5942681892291217,TARP,False
11737188_x_at,2.594248747830079,ADGRF3,False
11722374_a_at,2.5942368810182392,GGA2,False
11726212_s_at,2.5939903351326894,CCL15,False
11718129_x_at,2.59378213974647,ARL2,False
11730824_at,2.5937410584809384,COX19,False
11721921_at,2.5936177797473032,SENP5,False
11745363_at,2.592748694619094,LOC151121,False
11732120_a_at,2.5925307055757254,DBN1,False
11730024_a_at,2.5918690649090648,TIMD4,False
11753012_s_at,2.591243643386959,GLOD4,False
11761515_s_at,2.5898620011868796,ND1,False
11729203_a_at,2.5894289177011984,PLXND1,False
11757931_s_at,2.588960160828128,KIAA0930,False
11725443_at,2.588534111907983,TCEAL7,False
11749328_s_at,2.5879083770419604,CD99L2,False
11728503_at,2.587652247782244,CD300C,False
11727999_a_at,2.5866639826299815,MYEF2,False
11720551_a_at,2.5860176093229175,IFFO1,False
11719333_a_at,2.5859327948009754,DMKN,False
11745580_x_at,2.5852805012246227,GOLGA6L9,False
11755583_a_at,2.585022545939947,FAM161A,False
11719613_a_at,2.584813055968008,LARP4,False
11719757_s_at,2.5847684190756057,SMCR8,False
11750049_x_at,2.5845061856180167,LILRB5,False
11758732_at,2.584172317315799,STARD10,False
11729891_at,2.5841648722228503,ZFP3,False
11743880_at,2.583156677989862,MAML3,False
11743163_at,2.5829406791566916,ATF1,False
11740740_at,2.5825249314280874,ADAM21,False
11743080_at,2.582321833765962,BBS7,False
11754761_x_at,2.5816570101770013,HMGN1,False
11731161_at,2.580955228197323,ITGA2B,False
11723335_s_at,2.579299867304229,GMIP,False
11754310_a_at,2.5789184367257234,HDHD3,False
11759789_x_at,2.5781319777261595,NLGN4Y,False
11722857_a_at,2.5780310232358024,FBXO16,False
11719090_at,2.577745494028546,TAB1,False
11755072_a_at,2.5774897387616074,ICAM3,False
11757565_s_at,2.5769964083694146,SPIN2A,False
11715341_at,2.5760855368706115,MROH9,False
11760112_at,2.5759051248162663,HCLS1,False
11758289_x_at,2.574851394603493,RPS16,False
11744440_s_at,2.574713202069457,CDK5RAP3,False
11731420_x_at,2.574392824144337,UBE2G2,False
11760296_a_at,2.572684139349052,NTMT1,False
11733033_a_at,2.572664654683741,FAM32A,False
11728340_a_at,2.5725948128156872,RTN4IP1,False
11730773_a_at,2.5714751200309536,ZFYVE1,False
11751581_a_at,2.5705709210387764,SLF1,False
11762436_at,2.5702668989171857,PCDHA2,False
11734435_at,2.5700781987288788,TMEM132E,False
11739275_x_at,2.5696943535301844,PAK2,False
11720219_a_at,2.568699767242911,MAP3K3,False
11726858_a_at,2.568640717771381,TAF5,False
11760017_a_at,2.5686338795681127,SNRPA1,False
11715136_at,2.56780980114799,OR8U1,False
11751272_x_at,2.5676158913725096,ZNF562,False
11739716_at,2.5673893979142273,KIAA0556,False
11729572_a_at,2.5669387626084186,CNRIP1,False
11743906_a_at,2.566905087692601,UXS1,False
11722552_x_at,2.5665232265988576,ITSN1,False
11742021_a_at,2.5654541619871876,UGGT1,False
11758347_s_at,2.5651627095515304,DDIT3,False
11717295_s_at,2.5650822893059986,APOD,False
11741434_s_at,2.565027179719526,SEPT10,False
11754730_a_at,2.564838579856841,EHMT1,False
11757561_s_at,2.564020420358536,NOC2L,False
11761666_x_at,2.563379002782508,TTLL3,False
11730382_a_at,2.5632865773012576,SNX18,False
11731432_at,2.5624731616181613,PCDH10,False
11744076_a_at,2.56224684662592,OLAH,False
11718306_a_at,2.561607275460717,GSE1,False
11720769_a_at,2.5611128814692994,PPIF,False
11757062_at,2.5596312983645264,CDC26,False
11756681_a_at,2.559614352607513,CCDC86,False
11720643_a_at,2.5595929164550952,IVD,False
11731165_at,2.5594429661246356,FGF19,False
11723678_at,2.558938848139567,CKAP2,False
11751509_a_at,2.558763167656252,DKFZp686K1684,False
11739446_a_at,2.557914502190818,NELFCD,False
11758351_x_at,2.557805970783184,LINC01000,False
11757810_s_at,2.5575254452151874,TMED10,False
11752308_a_at,2.5573217782998166,ADAM18,False
11747434_a_at,2.556968338126585,LOC647859,False
11761113_at,2.556271389055414,USP54,False
11749166_a_at,2.5558703981433815,TTC23,False
11764083_at,2.5550098029853108,SLC6A11,False
11740573_a_at,2.5547823438917665,BEND7,False
11755810_s_at,2.5545234747168255,TAPT1,False
11756129_a_at,2.5542676038187686,GSK3A,False
11731264_a_at,2.5537944591947066,NUP210L,False
11722850_a_at,2.5535624657661202,BIRC3,False
11732272_at,2.5534157372935136,ANGPTL3,False
11728525_at,2.5527860900374724,C11orf63,False
11718916_a_at,2.5525013907990113,IRF7,False
11747048_a_at,2.5523813920031477,ZDHHC20,False
11758691_x_at,2.551725712422468,PGAM1,False
11717351_s_at,2.5506227968543786,RPRD1A,False
11738418_a_at,2.550365047114145,CES5A,False
11759877_at,2.5489691312151797,MYO5C,False
11731755_a_at,2.548879815948791,SYTL2,False
11724517_s_at,2.5483286089135078,GUF1,False
11717768_at,2.548175910812756,PDE6G,False
11731044_at,2.5480335793692683,ERLIN2,False
11715239_x_at,2.547940617803292,IFITM3,False
11717376_a_at,2.5475575489181956,SLC25A25,False
11741373_a_at,2.5473685111160886,HIPK3,False
11715375_x_at,2.5465303449574193,CALR,False
11743011_a_at,2.5451467470660654,GPR137B,False
11752257_a_at,2.544800476468495,SLC22A2,False
11720062_s_at,2.5447718371574917,IER3,False
11761654_a_at,2.544353141121101,KDM5D,False
11736092_at,2.5437662680159896,GCA,False
11758339_x_at,2.543568490515391,LINC01001,False
11763511_a_at,2.543510318717261,RMDN2,False
11733483_at,2.5417139022097497,RNF113B,False
11755795_a_at,2.5416263698031094,PRDM2,False
11728510_x_at,2.5409235926311524,FKTN,False
11728489_a_at,2.540659707598317,CLEC4A,False
11718642_s_at,2.540656770049318,OSBPL8,False
11722058_s_at,2.540436067995163,ATL2,False
11745084_a_at,2.5404231203955896,FAM168B,False
11741255_at,2.5403873498143756,APOBEC3F,False
11724301_a_at,2.539627768886519,EEA1,False
11722014_a_at,2.539503452566879,CWC15,False
11754028_s_at,2.539345458890869,RHEB,False
11735234_a_at,2.538441864691374,SLC38A5,False
11726334_s_at,2.5383274112886784,CRLS1,False
11735701_a_at,2.537125011042064,CD151,False
11734348_at,2.5358558092685715,NEUROG1,False
11754394_a_at,2.535458441188643,SYNJ2,False
11751813_a_at,2.5347381574937007,TMEM107,False
11723900_a_at,2.5328072467733955,USF3,False
11718323_at,2.5327958967497333,ACAP2,False
11748216_a_at,2.53257761133305,STAU2,False
11720518_a_at,2.532314459825794,TACC2,False
11747135_x_at,2.5322493906778187,CNTRL,False
11735118_at,2.5308612127940235,VAMP4,False
11743810_s_at,2.529737644656637,TFAM,False
11754996_x_at,2.529386246502135,C18orf32,False
11718549_a_at,2.529343831995947,ILF3,False
11726616_a_at,2.5291850488636665,MARCO,False
11733375_a_at,2.5283110458506446,MSI2,False
11729139_x_at,2.527641256682529,SLAMF7,False
11733013_at,2.5269758597160825,PEX2,False
11761751_at,2.526569811167164,GABRB2,False
11749335_x_at,2.525061071044448,LIMS2,False
11740407_at,2.5241355970955235,HTR1B,False
11757909_a_at,2.5230674362796677,XAB2,False
11727591_s_at,2.522844590503586,OSGEPL1,False
11763187_a_at,2.5218706214373503,LOC105376575,False
11721868_a_at,2.521803057811983,POP5,False
11719742_s_at,2.52163841596388,C8orf76,False
11719930_a_at,2.521545160278361,ARGLU1,False
11761951_at,2.5212991608857553,VPS50,False
11732954_at,2.521172758264134,CCDC153,False
11722043_a_at,2.5210956255254575,THBS3,False
11729751_a_at,2.5204685272973375,LPAR1,False
11758641_s_at,2.5201444122752443,BLCAP,False
11719483_a_at,2.519878663285135,P2RX4,False
11723439_at,2.519730050946574,SRPX2,False
11720486_a_at,2.5185825279372414,SENP2,False
11717152_x_at,2.5179365145334196,APMAP,False
11753056_a_at,2.517523619429796,ZNF667,False
11761300_a_at,2.5166184444259465,NKX2-5,False
11718930_a_at,2.5166071816878604,TGIF2,False
11737582_a_at,2.5164989587294615,SGCD,False
11748773_a_at,2.5159144297199183,CTSV,False
11737112_at,2.5156088476695015,ZNF396,False
11730736_a_at,2.514104004910048,PPP1R8,False
11762747_at,2.513904990779886,MMP13,False
11744420_at,2.5135389454549597,MIR600HG,False
11724817_a_at,2.5118489353937923,SH3KBP1,False
11752396_a_at,2.5114777512460624,RAPGEF4,False
11723406_x_at,2.5113679657825974,SCMH1,False
11718184_a_at,2.511103365559424,FCHSD2,False
11722064_at,2.510891745803236,REEP3,False
11717831_a_at,2.5107382632221964,EIF4E2,False
11738761_x_at,2.51046402033479,OR2M7,False
11724016_a_at,2.509745586777792,FRA10AC1,False
11753462_a_at,2.509187339943909,SLC39A9,False
11761812_at,2.5086953701028527,WDR86,False
11723494_a_at,2.5077358406704895,RNF166,False
11745855_s_at,2.5076640489293838,RNF145,False
11730362_a_at,2.507457451089263,KIAA1107,False
11754093_x_at,2.5072298248170024,HSPBP1,False
11737769_a_at,2.50533740752708,MYO1C,False
11723121_at,2.505266658381895,TRPM7,False
11747463_a_at,2.5040764958798225,PHKG2,False
11728027_x_at,2.504004582939523,CCDC58,False
11734291_at,2.502809126841174,ADAMTS17,False
11743071_a_at,2.501995136119598,LPAR6,False
11739711_a_at,2.5019713189119384,PHACTR2,False
11747192_x_at,2.5018222415540716,NFIC,False
11753500_x_at,2.501630441053492,HOMER1,False
11749064_x_at,2.501096644348481,CTNS,False
11758566_s_at,2.500879871440806,BCS1L,False
11731764_a_at,2.4995748405547,CD3G,False
11734969_a_at,2.4995704624188426,RUSC1,False
11733069_at,2.499270268299196,WDR5B,False
11736927_at,2.4991941827505824,PCDHA12,False
11764062_at,2.4991082073651727,RAPGEF2,False
11724642_at,2.4981737569684435,TMEM88,False
11763526_x_at,2.497418732142345,CHRNA3,False
11718661_at,2.497297419647582,NENF,False
11738831_x_at,2.4972840595973413,HSD17B13,False
11748913_a_at,2.497207832698357,B4GALT4,False
11752753_a_at,2.4969756655483906,FAM234B,False
11731190_at,2.496701348319282,KIAA2022,False
11735307_at,2.4962614176502904,C9orf139,False
11724083_a_at,2.496253525150962,RPP40,False
11733433_a_at,2.4961458089473347,ODAM,False
11741265_s_at,2.4960006170635602,UGT2B15,False
11759014_at,2.4954826822434484,ZNF281,False
11753897_a_at,2.494431825433331,SSB,False
11741181_at,2.4939872651643524,SCGB1D1,False
11744249_at,2.493798850626382,GSX2,False
11732510_a_at,2.4935155516225,C10orf25,False
11718218_at,2.492691859005179,RAB22A,False
11716291_s_at,2.4924679902502547,HNRNPA0,False
11757658_a_at,2.492351935914405,LZIC,False
11757340_s_at,2.4922921671732374,RHOQ,False
11724539_at,2.491499507626535,CABS1,False
11715210_s_at,2.4896858744448545,PNMAL1,False
11730589_a_at,2.4890270428227486,KCTD21,False
11751110_a_at,2.488982218904518,FBXL2,False
11749921_a_at,2.488817606262708,SDC4,False
11732352_a_at,2.4884333285176417,SAC3D1,False
11744942_a_at,2.488197278704847,SLC22A18AS,False
11719034_a_at,2.4879647507926124,FTSJ3,False
11750564_a_at,2.4878670775131977,TNRC6B,False
11736576_x_at,2.487760274289592,TMEM53,False
11730012_s_at,2.487752591554076,KBTBD8,False
11727222_at,2.4876087381431353,EVI5,False
11722739_a_at,2.487482400261651,CEP250,False
11722052_at,2.4869782683687234,PLLP,False
11761464_at,2.486360438912835,EDEM3,False
11739631_at,2.4859983293037566,RPGR,False
11727657_at,2.485256797820523,EPHB1,False
11744710_a_at,2.4849191803475486,TTLL4,False
11717614_at,2.4848816949750545,KIF13B,False
11759968_at,2.4841275085199133,LOXL3,False
11731795_at,2.484115183283233,EPHX4,False
11758607_s_at,2.484050098570788,VWA8,False
11729483_a_at,2.4838941954002345,KLF8,False
11726823_at,2.4830042059130664,ADORA3,False
11759193_a_at,2.4829288194975048,TXLNG,False
11733672_a_at,2.4824142042827093,TMPPE,False
11737032_x_at,2.482093111045845,FBXL13,False
11743980_a_at,2.481112270834711,ZFPL1,False
11724590_a_at,2.4809824783401924,TCP10L,False
11743305_a_at,2.4804913217317237,SMIM7,False
11744743_a_at,2.4803646831762416,TSHZ1,False
11720564_a_at,2.480158730927546,NAV2,False
11754141_x_at,2.4799086622287496,FXYD6,False
11717320_a_at,2.4798469029374255,OAF,False
11734863_a_at,2.479353045596388,SARNP,False
11735174_a_at,2.479351959881385,IL32,False
11735554_at,2.479162616633885,PPP1R42,False
11736991_a_at,2.4790875039227065,ZNF846,False
11754287_a_at,2.4781986799879236,CMTR1,False
11737062_a_at,2.477847821870247,MTMR3,False
11737580_at,2.477678983601472,HLA-L,False
11762309_a_at,2.4774541150499916,LOC105377076,False
11757620_s_at,2.476426354707667,TIA1,False
11749663_a_at,2.4764094849902674,HFM1,False
11725236_at,2.4763313240950047,ZBTB39,False
11760305_at,2.4763109666517074,LOC100287576,False
11725983_at,2.4762622323177794,BHLHE40,False
11756972_x_at,2.4760563773306137,YBX1,False
11715580_a_at,2.4760306715580644,TBCB,False
11728029_at,2.475911656205169,PWWP2A,False
11751476_a_at,2.4756590573270794,INPP5B,False
11727066_a_at,2.475219776099351,ANKRD11,False
11719751_a_at,2.4738748485394484,VAC14,False
11715674_s_at,2.473843501584788,CCNG1,False
11751341_s_at,2.473182927617541,PRAMEF1,False
11742110_x_at,2.472803652337445,FBLN7,False
11730465_at,2.4727051554440824,KCNJ2,False
11720570_a_at,2.4725502290746393,JADE2,False
11721554_a_at,2.472412854845076,COLGALT1,False
11715421_a_at,2.4722806530342902,CCT2,False
11757928_s_at,2.4716644631045255,TMEM178A,False
11746763_x_at,2.47152487120042,MOG,False
11728934_at,2.471462981935212,LELP1,False
11731112_at,2.4714042001412038,GNMT,False
11753576_a_at,2.471386175169084,PXT1,False
11755556_a_at,2.4709131343785735,EXOC2,False
11746660_a_at,2.4707599179577575,TMEM260,False
11759600_at,2.470450418028057,PNISR,False
11747069_s_at,2.4697913612353357,DDX11,False
11759487_at,2.4695717945259363,ARHGEF40,False
11752083_a_at,2.4693815802278287,NLRP8,False
11751563_s_at,2.468966480392905,GLYCTK,False
11754769_a_at,2.4688853792500605,BEND5,False
11737410_at,2.46851622808569,C4orf36,False
11733470_at,2.4681692477804433,CD300LB,False
11737536_a_at,2.467550047022931,SAMD12,False
11759120_a_at,2.467016993450334,LGR5,False
11747002_a_at,2.4668559428928276,CPA1,False
11763301_x_at,2.4666539573801245,RPL39,False
11715275_s_at,2.4658449820203567,SSX1,False
11735659_a_at,2.465768864601406,AGBL4,False
11737374_at,2.4651992703985464,WNT8B,False
11729217_a_at,2.465040376893132,DDX4,False
11745686_x_at,2.4647563320539705,SCLT1,False
11740257_a_at,2.464737609583069,CXorf23,False
11729674_a_at,2.464579778814279,SPRTN,False
11726226_a_at,2.464285594285421,CASR,False
11737815_a_at,2.4642156788224345,METTL21B,False
11759787_s_at,2.4637900504567445,INPP4B,False
11738277_a_at,2.4634585428196645,PLA2G4D,False
11715824_at,2.46319760630505,NOP10,False
11728586_a_at,2.462974780333376,FAM189A1,False
11725171_at,2.4625684146087554,PPARD,False
11737460_x_at,2.462419203883471,ADARB2,False
11757203_at,2.461540045603419,CHIAP2,False
11728244_s_at,2.461139194322727,SLC12A1,False
11754929_s_at,2.460651780835343,UBE2L3,False
11731916_at,2.4604137318123356,KCNA3,False
11725490_s_at,2.4602594127928405,ATG14,False
11727145_s_at,2.4600265152217364,KLF11,False
11740373_x_at,2.4594167329781134,TMEM130,False
11754754_s_at,2.4586581705106654,ADAMTS18,False
11723246_s_at,2.45758175441323,SFRP1,False
11760610_at,2.457463664497133,KIAA0895,False
11757360_s_at,2.456902751991573,BAG3,False
11718728_a_at,2.4562430225685437,ZNF655,False
11715442_s_at,2.456153765617848,CTGF,False
11757838_s_at,2.4555350041556703,CDC23,False
11721525_s_at,2.455319039053132,BOLA2,False
11752811_a_at,2.4551627542943013,TTYH1,False
11731027_s_at,2.455036617207311,CREM,False
11732507_a_at,2.4545234335705466,ESYT3,False
11732443_a_at,2.454280992396013,BPTF,False
11735481_at,2.4535982184613516,NYAP1,False
11733803_x_at,2.4533074899714835,CPPED1,False
11754352_a_at,2.452835748712314,RNF213,False
11752916_s_at,2.452314132492164,LOC440434,False
11740794_at,2.452301233299488,C1orf220,False
11761443_a_at,2.4520948312067583,KALRN,False
11725123_a_at,2.4518137538546494,POLB,False
11756835_a_at,2.451699624102244,NUP54,False
11735562_at,2.4511879847324987,PRKACG,False
11749485_x_at,2.4507762579416443,SEC23A,False
11724314_a_at,2.4507672595610326,LUZP1,False
11762679_at,2.450000549550055,LITAF,False
11735069_a_at,2.4497608738575347,MYOZ3,False
11752000_x_at,2.4489409471441546,UNC13D,False
11726756_a_at,2.448310647421193,CDC25A,False
11760609_at,2.4482593254759477,RAPGEF3,False
11753452_a_at,2.4480849389951507,PLCD4,False
11734087_x_at,2.4476387000651414,GALE,False
11757224_s_at,2.4476120129374643,C4orf27,False
11727788_a_at,2.4475305481703624,PIGS,False
11759304_at,2.447075198803581,UGT8,False
11731855_at,2.4468188353940645,C10orf107,False
11743267_at,2.446814917404025,SMIM20,False
11754147_a_at,2.44640582275747,LZTS1,False
11729854_a_at,2.44566513166918,MOK,False
11739811_a_at,2.4450905211740612,SIRT3,False
11735477_a_at,2.444609062256628,CHST6,False
11746477_a_at,2.4428007716927715,COX6B2,False
11725528_a_at,2.4421584902566527,ZNF248,False
11744349_s_at,2.4417161450917635,DDR2,False
11751205_a_at,2.441352377661623,DOK5,False
11715427_at,2.4409780038717592,SNU13,False
11742794_s_at,2.440468171038381,SBDS,False
11747658_x_at,2.4388374159526225,CDK10,False
11716247_s_at,2.4385256732077085,TOP2B,False
11762458_x_at,2.438130710314081,SIGLEC6,False
11747562_a_at,2.436723381194971,AP1G1,False
11721279_x_at,2.4363668181876617,SUV39H1,False
11757216_x_at,2.4359166874989517,LOC100268168,False
11727384_a_at,2.435204637702267,ATP5J2-PTCD1,False
11762593_x_at,2.4351124639592006,NUMA1,False
11762048_a_at,2.433813452338001,EZH2,False
11733227_a_at,2.4330254915725327,TTC5,False
11729741_x_at,2.4327130175695877,CD68,False
11731903_at,2.431695401294303,CD207,False
11757775_s_at,2.431594346859388,C6orf120,False
11722539_at,2.4306406467165944,CLDN15,False
11758377_s_at,2.4294367288279948,TLR1,False
11760644_a_at,2.429039609818837,C21orf58,False
11729890_at,2.428593598274513,LOC105376798,False
11754218_a_at,2.4280564700435163,SLC45A4,False
11719436_a_at,2.4280428593969097,ZNF746,False
11747632_a_at,2.4270919357076877,SUGP1,False
11739365_x_at,2.427087765793265,FAM92A1,False
11749105_a_at,2.4270753045467135,PCDH1,False
11754541_a_at,2.426848164454781,CEP95,False
11734138_x_at,2.426602299988877,ABHD18,False
11720255_a_at,2.426162154647953,SEPT4,False
11748200_a_at,2.4258534822351914,FANCL,False
11733059_a_at,2.4254217216086444,PTBP3,False
11735511_x_at,2.4248306468505447,PHTF2,False
11728120_at,2.424543725055296,KHDC1,False
11727306_x_at,2.424393976568458,ZNF320,False
11743097_a_at,2.4242571498635113,ITPK1,False
11720437_at,2.4216180997011136,ACVR1B,False
11742563_at,2.420315513700929,OR10A7,False
11718772_at,2.4195258148803247,SMARCE1,False
11733417_x_at,2.4192615490368934,PAGE5,False
11733079_a_at,2.41873160534195,POT1,False
11717262_a_at,2.4186855063057675,C7orf50,False
11725485_at,2.418566754082166,DIRC2,False
11720515_s_at,2.418550603138221,LURAP1L,False
11725786_a_at,2.417790934052524,TMA16,False
11750433_x_at,2.416510550179715,CCT3,False
11719414_a_at,2.4162428734121395,PBX1,False
11745065_x_at,2.4159275814297723,RNF126,False
11718280_s_at,2.4149853122296903,TRIAP1,False
11754700_a_at,2.414774321889311,SH3BP1,False
11745757_a_at,2.4143152664057763,DCLK1,False
11722661_at,2.4137482142325815,NFE2L3,False
11726438_a_at,2.4133748218297466,MALT1,False
11720029_a_at,2.41280621024265,LDLR,False
11755144_a_at,2.4124860621351645,PHF21B,False
11720632_x_at,2.4122329175446233,SDHB,False
11739694_a_at,2.412203284559967,ATL1,False
11718226_at,2.4121223030088594,SMIM12,False
11757148_at,2.412099121899224,RPL23,False
11730363_a_at,2.4117384552126735,HRH1,False
11743987_a_at,2.4114288249414746,VARS,False
11755269_a_at,2.4113129564787372,MRPS24,False
11722598_s_at,2.410863212030494,ACKR3,False
11735470_a_at,2.410219468926732,LGALS14,False
11758694_s_at,2.410192503908747,RAB28,False
11744328_x_at,2.409850437641642,RPL17,False
11741834_x_at,2.40933423687894,KIR2DS4,False
11732545_s_at,2.409266672050082,NOB1,False
11744351_a_at,2.4089217831643097,LOC728392,False
11720848_a_at,2.4084457044894467,PHF6,False
11719830_a_at,2.408098189208297,ERCC1,False
11740765_at,2.40724067911278,ZNF749,False
11741006_s_at,2.4071007087908316,PARG,False
11741542_a_at,2.407071948493329,CNTN5,False
11754768_x_at,2.4065256232668704,SPATA13,False
11762319_at,2.405814524116357,MPDU1,False
11745996_x_at,2.4054828016293968,APH1A,False
11715889_a_at,2.4053141895954937,ATP5I,False
11727382_a_at,2.405267954690953,FYTTD1,False
11744835_s_at,2.4046915068261834,CBS,False
11747595_at,2.4045390574638645,CD69,False
11719274_a_at,2.4040776391134218,PANK4,False
11720085_a_at,2.4038055534162432,KIAA0368,False
11759327_at,2.403627524217316,ATP8A2,False
11748300_a_at,2.403615174255105,LHX6,False
11762391_x_at,2.4036017567683183,PAPPA2,False
11754432_x_at,2.4034307678647524,RBMX,False
11727707_a_at,2.4032500901768334,BBC3,False
11728614_at,2.4014218398668064,GPR3,False
11726118_at,2.4013383491547384,CPN1,False
11760282_at,2.4003468055019703,TRADD,False
11724018_a_at,2.40033640802406,LDHC,False
11737745_a_at,2.399513320931766,OVGP1,False
11751151_a_at,2.399395432520087,BRAP,False
11717989_a_at,2.3979179212310036,SUN1,False
11740959_a_at,2.3977587557589386,DMD,False
11753618_a_at,2.3974851308430534,ADM,False
11733799_a_at,2.397470157188166,SLC31A2,False
11717699_a_at,2.397431394695229,DCAF8,False
11715407_s_at,2.396062126192661,PSMB4,False
11760073_a_at,2.395681066117897,SLC2A11,False
11750883_a_at,2.395476389284625,EIF2A,False
11763394_a_at,2.3953268132325354,LOC105377283,False
11764248_s_at,2.3949092821473763,LDLRAD3,False
11722691_at,2.3948975231095004,AVEN,False
11736516_a_at,2.3947950374198705,SERAC1,False
11715370_s_at,2.394534007533669,LGALS3BP,False
11727001_a_at,2.39446450479953,CSNK1E,False
11736736_x_at,2.394081432738841,ZNF621,False
11733105_at,2.3940363705698684,COMMD2,False
11717281_a_at,2.3937689760583627,ASAP1,False
11749255_x_at,2.3936450888448983,ACP2,False
11717371_a_at,2.3933053168634366,CHD1L,False
11731688_at,2.393199317853929,SI,False
11743363_a_at,2.392675753131372,EIF5B,False
11761017_x_at,2.3922991264845646,SDHAP1,False
11734037_a_at,2.392066244170887,GALC,False
11743345_a_at,2.390994555075997,FTSJ1,False
11758018_s_at,2.3907032734937212,UBR3,False
11756796_a_at,2.390654430265407,UBXN7,False
11757962_s_at,2.389659829428219,SRSF3,False
11726056_a_at,2.3896347365388535,PPP4R3B,False
11716367_s_at,2.3892562322227375,PRR13,False
11738943_s_at,2.388638718379635,LOC105371242,False
11755271_x_at,2.3879894269182977,ZNF626,False
11737683_at,2.3877718202224942,CCNI2,False
11764175_at,2.38770366547946,LOC105371275,False
11720290_at,2.387515789083606,IQCE,False
11754799_s_at,2.3868063597939635,NMD3,False
11749405_a_at,2.3859701422049095,NCKIPSD,False
11745512_a_at,2.383177975459837,ANO3,False
11722346_a_at,2.382399292006391,ACSS2,False
11740869_a_at,2.3819840211486505,NLRP9,False
11742224_a_at,2.3818027474765744,CDC20B,False
11753114_a_at,2.3814089991500285,KCTD7,False
11730924_at,2.3811338701047764,AICDA,False
11734136_at,2.380756345212592,MTBP,False
11734484_a_at,2.380675335000133,GRIK1,False
11734695_a_at,2.3804324673918513,PPP4C,False
11763207_at,2.379651651183246,SH3RF2,False
11749211_at,2.3789312415233197,LOC100126582,False
11718133_a_at,2.378900749715362,CDK5RAP1,False
11759752_at,2.377680514961579,GALNT5,False
11743168_at,2.3768344486310737,IDO1,False
11726162_at,2.3765493012928296,EPHA7,False
11733695_a_at,2.3759192554307216,UBE2C,False
11759705_x_at,2.375707992052251,IGLV3-10,False
11756152_s_at,2.3753202331014935,PCNP,False
11715972_at,2.3749618019927103,SMOC2,False
11717589_a_at,2.374328203666326,EXOSC8,False
11717285_a_at,2.3740296896996522,WASL,False
11726906_x_at,2.373425636618275,PIGO,False
11728961_a_at,2.373183185935249,DISC1,False
11739896_at,2.372512040162553,ZNF280C,False
11744034_a_at,2.3715743327256655,VASP,False
11760362_x_at,2.3714426186272024,PGAM5,False
11744504_x_at,2.3705375888502798,POLR2J,False
11761494_a_at,2.3703766512932885,CFAP65,False
11716190_a_at,2.370142509276142,VWA9,False
11722283_at,2.370080319863429,CA11,False
11738390_a_at,2.369807737123771,DEFB121,False
11747286_a_at,2.3688743139135817,SLC25A46,False
11756264_s_at,2.367706545592411,IPW,False
11737397_at,2.367342328748284,LRRC52,False
11750515_a_at,2.366790180776755,LAMA4,False
11719047_s_at,2.3649443475451646,WEE1,False
11750002_a_at,2.3620887554771866,RAB2A,False
11719154_a_at,2.3603897388683746,DRAM1,False
11725841_at,2.360025175600841,ZSCAN16,False
11723457_a_at,2.3595691562365193,MON1A,False
11731472_a_at,2.359132140992733,TMEM70,False
11744466_x_at,2.3583230586064468,AK6,False
11747080_a_at,2.357584686903251,TARS2,False
11729497_at,2.3566979176637304,NMUR2,False
11749178_a_at,2.3566562744805237,GALK2,False
11757925_at,2.3562971869848743,ZSCAN12,False
11742805_at,2.356249428841501,TEX261,False
11742445_at,2.35614345153908,MSLNL,False
11723484_x_at,2.356142007773984,PDCL3,False
11737578_a_at,2.3552764508594173,LRRC7,False
11736167_a_at,2.3552449658529984,CCDC34,False
11761742_at,2.3550717407709127,IMMP2L,False
11725599_at,2.3544199331342144,BEAN1,False
11746831_s_at,2.3544179976351467,CDK11A,False
11746209_a_at,2.352304878321926,SCYL1,False
11759306_s_at,2.351724290939636,ZMYM2,False
11732472_at,2.3510509964752138,DCAF4L2,False
11715502_x_at,2.3502037353384804,RPL18A,False
11733462_at,2.3498125207914535,SUSD5,False
11731332_at,2.3495760191146733,ZIC1,False
11719087_at,2.349534435595283,CCDC124,False
11719745_s_at,2.3494846495454214,ARHGAP27,False
11758168_s_at,2.3494694623663044,MAGEF1,False
11732855_at,2.3489440724235697,CD300LG,False
11761272_at,2.348144228178289,BCL2A1,False
11735156_a_at,2.3476973354198383,ZNF585A,False
11751355_a_at,2.347070625762047,CEACAM7,False
11727779_at,2.3455501356373687,GHITM,False
11754070_a_at,2.3452647129695388,SSNA1,False
11750585_a_at,2.3450609658270722,SEPT9,False
11763264_at,2.345045989103672,PCYT1A,False
11719694_a_at,2.3450393014231956,LARP7,False
11730698_a_at,2.344973930769163,FOXR1,False
11761990_x_at,2.344743841377636,ADGRF5,False
11760807_at,2.344659423354918,LOC100287036,False
11733414_a_at,2.3442916928408066,TTC36,False
11719297_s_at,2.3441704377289923,MAPKAP1,False
11755387_a_at,2.343963249319096,SACM1L,False
11741666_a_at,2.343283296508596,LAX1,False
11751099_x_at,2.343261563986814,GBAP1,False
11746526_a_at,2.3432011781894055,PITRM1,False
11726392_at,2.343140580148992,GIMAP2,False
11750720_s_at,2.3412593315244687,GK,False
11756721_a_at,2.340603651730083,CASP8AP2,False
11748485_s_at,2.3398445074797136,CYSLTR2,False
11717161_at,2.339197680950157,RRAS,False
11744678_a_at,2.3387755870379645,C16orf62,False
11720792_a_at,2.338197206618017,AACS,False
11733575_a_at,2.3376991950369868,STOX1,False
11736155_a_at,2.3371678591322764,XPR1,False
11720940_at,2.337006863027705,DDX54,False
11728942_s_at,2.336914830444611,CCNDBP1,False
11744696_s_at,2.3367053355401657,CCDC90B,False
11747886_a_at,2.3365434114496098,RAD51AP1,False
11762032_at,2.336326636966759,LOC441242,False
11729808_a_at,2.3360307500812127,CEP104,False
11750391_a_at,2.33594671238938,IL17RE,False
11723716_a_at,2.3350565460070416,CYB5D1,False
11743066_s_at,2.334918223485907,PTDSS1,False
11757198_x_at,2.3338431261415464,SCAND2P,False
11764057_s_at,2.333579740505623,RSRP1,False
11758690_s_at,2.3331192258367524,CRIPAK,False
11716735_s_at,2.330583736445057,RNF185,False
11737668_at,2.3297371057512564,TAS2R4,False
11718137_a_at,2.3293507431441287,LOC105372824,False
11734040_s_at,2.3285042694960314,ELK1,False
11761768_at,2.32823157694571,PACRGL,False
11758135_s_at,2.32747800339405,C14orf2,False
11763332_a_at,2.327369154560399,VPS36,False
11751617_a_at,2.327156640624579,ODF2L,False
11745203_a_at,2.3271027672633013,RMI1,False
11743035_a_at,2.32696947819423,DDX1,False
11743629_at,2.3261965139557743,IRS1,False
11731626_a_at,2.3259919086559275,CCDC186,False
11738069_a_at,2.3256676753755494,HAS3,False
11760984_a_at,2.3256641076285005,RGS3,False
11734271_a_at,2.3250476174768115,CDH18,False
11740449_a_at,2.3247256142070296,CFAP58,False
11741959_x_at,2.322899542800781,IL6R,False
11748165_a_at,2.3223408159698415,LOC100507472,False
11722409_at,2.322198771496877,GALNT7,False
11763594_a_at,2.3214657204480607,HS3ST3B1,False
11725685_a_at,2.3211498932031525,PTPRO,False
11721612_a_at,2.321018426134089,IPO11,False
11734218_at,2.3204696691611164,ZNF681,False
11757521_x_at,2.320446933865553,TCEA2,False
11735054_a_at,2.3199000275649646,ARHGEF10L,False
11722505_s_at,2.318762002619324,CYYR1,False
11725379_at,2.3184947595545915,POGLUT1,False
11732444_a_at,2.317360029694442,RBPMS,False
11745454_a_at,2.31703690821855,CCL28,False
11750439_a_at,2.3169716606742687,SLC17A1,False
11724747_a_at,2.3167999400226313,CHMP2B,False
11756341_a_at,2.316732313435389,RBM23,False
11719450_at,2.3151178187118058,RAB14,False
11717414_a_at,2.3151143100668476,MLST8,False
11743061_at,2.314266002552547,DCTPP1,False
11717460_a_at,2.314099495134841,CHPF2,False
11720243_x_at,2.313644172076406,TCN2,False
11730582_a_at,2.312864909494018,USP43,False
11759059_at,2.312742189426686,ZNF134,False
11727361_a_at,2.3127045156780177,MYLK,False
11726913_a_at,2.312427793997849,ZNF182,False
11742115_a_at,2.312401864514789,GLYATL1,False
11729132_a_at,2.3122501059819633,PSME3,False
11759154_a_at,2.311749066561597,STARD7-AS1,False
11746968_a_at,2.31169397559248,CCDC178,False
11724946_at,2.3115722987115666,MAGI2,False
11732555_at,2.311474846330791,FASLG,False
11719188_at,2.3114123860566784,NRAS,False
11746716_s_at,2.311102091042942,KIRREL3,False
11750706_a_at,2.31099674451359,SLC13A1,False
11716185_a_at,2.3106021596415123,ALCAM,False
11727512_at,2.3096936117269977,UBN2,False
11756357_x_at,2.3091796597020706,NAALADL1,False
11730969_at,2.309072476833676,THAP2,False
11759738_at,2.3089387022340184,TMED4,False
11735255_at,2.308066726349697,RNF122,False
11741531_at,2.3073122458336695,ITGAD,False
11748115_a_at,2.306598550829689,PKNOX2,False
11761955_s_at,2.3063121973950036,YJEFN3,False
11761534_a_at,2.3059303006758953,FANK1,False
11728016_at,2.3058878108847685,TRIM66,False
11726572_a_at,2.3055080340201157,SEMA7A,False
11732869_at,2.3051728143820274,BTBD16,False
11751334_x_at,2.304931593070612,BPNT1,False
11744188_at,2.304756704446116,ZNF420,False
11761084_at,2.3034612266782086,RABGAP1L,False
11739041_x_at,2.3031544408914963,GTF2H1,False
11727275_a_at,2.3031413161505623,KDELC2,False
11717870_x_at,2.302693825122064,ZNF263,False
11725181_a_at,2.3024472755180003,ARHGEF4,False
11728980_at,2.302361694194794,KCNK12,False
11718374_at,2.3023224581491766,WDR5,False
11737967_at,2.3022901352849323,C15orf54,False
11758416_s_at,2.3020821769000825,UGT3A1,False
11728285_at,2.302076836722991,RBMS2,False
11761774_at,2.301800282747612,CRYL1,False
11749292_a_at,2.3014242913004117,NIPAL2,False
11750322_at,2.300792927294775,BPIFA4P,False
11744934_a_at,2.3004240261126867,CCSER2,False
11731850_a_at,2.29984983068245,COLQ,False
11762250_a_at,2.299664573542881,FAM3B,False
11760739_at,2.299356646902504,LOC100289533,False
11718245_at,2.2991879775336184,SLC25A42,False
11755849_a_at,2.2990465726352665,BAZ2A,False
11758011_x_at,2.297859923083922,EEF1A1,False
11739126_a_at,2.294847243721602,DNAJB2,False
11723225_a_at,2.294736493187653,CLDN11,False
11738950_x_at,2.2934164282699623,SPANXN5,False
11725384_a_at,2.293399602534122,C15orf39,False
11742893_at,2.2919997151925102,LAMTOR5,False
11726284_a_at,2.291931397127451,IGHMBP2,False
11736072_a_at,2.2912279619980316,C8orf33,False
11730150_at,2.2908248367159905,ENPP7,False
11735087_x_at,2.290392834313539,SLFN13,False
11715970_a_at,2.2901744469951004,EPRS,False
11752834_s_at,2.2901709682663203,BTNL8,False
11745928_a_at,2.2891308376003003,TMEM68,False
11727314_a_at,2.2890636642600715,ABCC5,False
11723667_at,2.2890513506502206,SEMA3C,False
11760848_at,2.2890127099267374,ECE2,False
11746264_a_at,2.2888221165142295,PLPP1,False
11719821_a_at,2.2887269238225336,CLN5,False
11754479_a_at,2.288666708320306,BEGAIN,False
11743452_s_at,2.288446568037473,CDCA4,False
11763165_at,2.2883248255005815,PABPN1,False
11762846_x_at,2.2882058900929296,IYD,False
11733521_at,2.2881703971189293,NTSR1,False
11718552_at,2.2880288912858773,OTUD4,False
11721509_s_at,2.288016730286172,LOC105370109,False
11743587_a_at,2.287554871688416,BECN1,False
11735295_a_at,2.287545038297914,LRRK2,False
11746276_s_at,2.287258666468282,RGS12,False
11729093_a_at,2.2869786440707673,IGF2-AS,False
11741132_a_at,2.2858013252694502,TP63,False
11720222_at,2.285481355655211,GFPT1,False
11740312_at,2.2853675720688233,HAS2,False
11726191_at,2.2852743920176857,ZNF45,False
11731926_a_at,2.284320886907563,TRPM3,False
11732458_x_at,2.2842943011413217,ZCCHC4,False
11747636_a_at,2.2842623474182155,PLA2G6,False
11731520_a_at,2.283903066263219,ZNF592,False
11745418_a_at,2.2837296622910372,COG3,False
11735930_s_at,2.282083835157474,PRDM7,False
11739177_at,2.2820242307721483,ABHD17B,False
11715791_at,2.2819463187927274,TUBG1,False
11759173_at,2.2819315027630704,KRTAP20-1,False
11731237_at,2.281321265637138,ZDBF2,False
11761425_at,2.2810132839973405,GALNT11,False
11734744_a_at,2.2806115593515104,SON,False
11731537_at,2.28021222918578,FHL5,False
11727793_x_at,2.2800316955898365,DLAT,False
11753206_a_at,2.277908073553247,EPHA6,False
11735394_s_at,2.277272801360381,XCL1,False
11743584_a_at,2.27656452292905,PRELID3B,False
11734565_s_at,2.2757208402812408,C1QTNF3,False
11721892_a_at,2.275671296743491,ANAPC1,False
11742717_a_at,2.275368941330238,TBRG1,False
11720131_a_at,2.2749363168695154,SPIRE1,False
11756289_x_at,2.2747651308942576,CCM2,False
11724351_a_at,2.271796791497032,SMC6,False
11719279_x_at,2.271462766252187,ZNF444,False
11740458_a_at,2.27124780476982,TRIM39,False
11715534_a_at,2.2711987140128156,LRP1,False
11717935_a_at,2.2701818996172882,ERMP1,False
11718368_at,2.270014446629336,LAMA5,False
11741232_a_at,2.269381324219253,GGPS1,False
11740032_s_at,2.2684651596178056,DUSP14,False
11720508_at,2.2670954321629786,FBN1,False
11758191_s_at,2.2668417676055888,MEX3C,False
11723005_a_at,2.265567575785325,WASF1,False
11733907_s_at,2.265387600615475,CYP2D6,False
11722921_a_at,2.265309981590424,MVB12A,False
11728518_at,2.2652584032681182,HPR,False
11718617_a_at,2.2648981664932006,DNAJA4,False
11731222_a_at,2.263343449987908,SHOX2,False
11760133_x_at,2.2617875556402693,SUPT20H,False
11728806_a_at,2.261076621153995,CADM1,False
11763276_a_at,2.2598847104692323,PWP1,False
11741861_a_at,2.2596831876906887,AGER,False
11717737_at,2.2579278691932374,PCYOX1,False
11739455_a_at,2.257377834561295,SGMS1,False
11735230_at,2.2571408280041236,SPATA12,False
11763448_at,2.2558399954996937,LINC01193,False
11736796_a_at,2.255660298759758,RUNX1T1,False
11758601_s_at,2.255348228019958,WNT2,False
11731879_a_at,2.2535282493368394,NLRP1,False
11720276_s_at,2.252840261288487,TREX1,False
11762425_at,2.2528104472592174,WRNIP1,False
11716756_at,2.2527202659701153,RNF7,False
11761199_x_at,2.252486024116908,SIMC1,False
11730819_s_at,2.252125296170797,TMEM230,False
11717027_a_at,2.2514753984642963,GLYR1,False
11729079_s_at,2.2514519311864167,ESRRG,False
11719777_at,2.2513933302652207,NDST1,False
11716157_at,2.250779175866755,BAHD1,False
11763740_a_at,2.2499500135677772,ACTR6,False
11724069_at,2.249755559521271,PELI2,False
11745994_x_at,2.249662364013173,MAP7,False
11758475_s_at,2.2496165881506744,HMGXB4,False
11718663_s_at,2.249129971180759,SRP14,False
11730266_a_at,2.248576376333658,CCDC69,False
11723081_s_at,2.247353473732238,DVL1,False
11739948_at,2.2467074577982356,PFKFB2,False
11730817_a_at,2.2466772000907467,CTDSPL2,False
11754029_a_at,2.2465345076231036,VAPA,False
11751244_s_at,2.2457523367423535,CNN2,False
11763974_at,2.2453117254254518,LOC105371600,False
11737903_a_at,2.2446849012704986,AR,False
11752192_x_at,2.2444298582114963,PTPRB,False
11756670_x_at,2.2442903579908466,TUBA1C,False
11756884_a_at,2.2440428289312133,C15orf52,False
11758947_a_at,2.2435752243029587,CPNE4,False
11732717_at,2.2434258961219147,SYCE3,False
11739192_a_at,2.243202201516171,RPF1,False
11731102_a_at,2.24285219276041,PFN4,False
11725847_s_at,2.242707141437034,FAM76B,False
11740202_at,2.242003624765587,KISS1R,False
11727649_a_at,2.2419778260630956,TOMM5,False
11743536_at,2.241906922303449,VRK1,False
11758950_at,2.2415613702300963,GALNT15,False
11733913_at,2.239939430035205,HS3ST1,False
11719168_at,2.2397929876413865,MOAP1,False
11760131_a_at,2.239263550007653,ACSM2A,False
11725811_at,2.2390541883465764,PLA2G5,False
11732580_a_at,2.238856485066075,ME3,False
11753562_s_at,2.238676828037523,LUZP2,False
11717355_a_at,2.2385579286121295,FEZ1,False
11754476_x_at,2.238528947894775,DNM1,False
11732401_a_at,2.2381074360116933,DKK4,False
11723249_a_at,2.2371214337394805,EML2,False
11746112_x_at,2.236734814119458,MPHOSPH8,False
11763040_x_at,2.2366689142705294,OFCC1,False
11740505_at,2.235935362888434,GPR62,False
11757118_at,2.2358364408251297,SNORA2A,False
11724110_a_at,2.2354754985903567,ARHGAP4,False
11736166_s_at,2.2349371720962803,EIF4E,False
11725677_a_at,2.234801978811265,STX4,False
11724837_at,2.234425123016265,NCEH1,False
11730294_a_at,2.234389686799558,SIN3A,False
11750872_a_at,2.2341833197000165,SLC30A10,False
11722075_at,2.2340954459667426,HEYL,False
11756199_a_at,2.2338712099767974,ATMIN,False
11742903_at,2.233145042277038,CETN3,False
11756458_a_at,2.2312844679802355,MSH5-SAPCD1,False
11736227_a_at,2.2312802889655607,C16orf87,False
11754486_a_at,2.2312025247044094,NME4,False
11738200_a_at,2.230099110096547,CCDC102B,False
11758646_s_at,2.2296759127327,MICU1,False
11735860_at,2.2296283844165288,IL13,False
11732854_x_at,2.228736838620412,SCARF1,False
11763401_a_at,2.2287196180738515,VAV3,False
11735605_at,2.2276064183260726,NAT16,False
11731134_a_at,2.2273301482887535,LTB4R,False
11727449_a_at,2.227227063449316,TMOD4,False
11723614_s_at,2.2264492583456628,DYRK1A,False
11736499_at,2.2261720687145576,TMEM38A,False
11731588_s_at,2.224964705422135,UGT2B4,False
11718287_at,2.223284989980479,UBL3,False
11721576_s_at,2.222458256496166,C1orf131,False
11722897_a_at,2.22190367709727,REV1,False
11726987_at,2.22096828172365,ATP1B2,False
11749082_at,2.220756609698405,PIN1P1,False
11737202_at,2.2204158534360476,F13B,False
11716979_a_at,2.2199614530451632,SLC35A4,False
11762748_s_at,2.2199367902726976,TRA2A,False
11726927_a_at,2.2196528620063205,EPHX3,False
11727244_a_at,2.219476036495069,CCDC66,False
11740254_at,2.2193940746746885,UBE2NL,False
11730447_at,2.219028461758471,IGDCC3,False
11726822_a_at,2.2190022109231133,CXorf36,False
11761149_a_at,2.2189969932614924,C5orf45,False
11745706_s_at,2.2185531188197025,GSTM2P1,False
11738392_at,2.218487157472169,LIPN,False
11755361_a_at,2.217670375367499,DET1,False
11740733_a_at,2.217537794281256,SLC9C1,False
11760709_at,2.2173732161142024,B4GALT1,False
11755601_a_at,2.217331698073279,CCL13,False
11735765_a_at,2.217148251319927,RAB30,False
11751343_x_at,2.217037523194094,NDRG1,False
11720244_at,2.2168486719194966,PLCG2,False
11758552_s_at,2.216691081795741,CORIN,False
200054_PM_at,2.2166701679977745,ZPR1,False
11740525_at,2.2160724088863426,ARL10,False
11739655_a_at,2.2159503546836894,EGFLAM,False
11723433_at,2.2153907143674374,TBC1D22A,False
11730898_a_at,2.214905707466328,WAPL,False
11738846_a_at,2.2137356247155133,GFM2,False
11726990_at,2.213126918751918,EIF2AK1,False
11761461_a_at,2.2112423039436706,FAM73B,False
11761033_at,2.2112158416818364,SCARA5,False
11730518_a_at,2.2109901737746203,PLXNB3,False
11733674_a_at,2.2106873401859484,WDR49,False
11763283_at,2.210161772846443,PIK3CA,False
11715845_s_at,2.209761904596078,PTPRF,False
11717486_a_at,2.209730359805479,HARS2,False
11742695_a_at,2.2096346858887967,WAC,False
11726873_at,2.2087213708160895,LIPE,False
11729982_a_at,2.208297368019015,PARP11,False
11719103_at,2.208158587806508,CPNE3,False
11761617_at,2.2080938414510807,SMS,False
11725020_at,2.207933151616245,GYS2,False
11760766_at,2.207454606130242,ZSCAN20,False
11754398_at,2.207329430204185,SMIM10,False
11757237_s_at,2.206102968540395,HTR7P1,False
11716517_x_at,2.2058430514201293,ADD1,False
11741243_a_at,2.2057852672007554,NGEF,False
11728362_s_at,2.205595664063108,KLHL28,False
11731030_at,2.2048421284689264,CCDC64B,False
11754760_a_at,2.2045270385078712,GRAMD1A,False
11753774_a_at,2.2043957354911035,TMEM203,False
11719306_a_at,2.204223518861211,WRAP53,False
11761247_at,2.204074058413695,CDKAL1,False
11724206_a_at,2.203550359466201,MAD1L1,False
11750016_a_at,2.2031991233413195,MXD1,False
11747157_a_at,2.2030556361823983,CDNF,False
11757500_a_at,2.202989683586049,CTDSPL,False
11746901_x_at,2.202781640506302,PPEF2,False
11750323_a_at,2.2026215612381526,HMGN2P46,False
11723721_a_at,2.202320915371451,SLAIN2,False
11754856_a_at,2.202263035310233,CA12,False
11743724_a_at,2.2016733105539643,MFSD1,False
11723312_a_at,2.201486776405002,PXMP2,False
11761741_at,2.20108938834947,DEPDC7,False
11724011_at,2.2007329888769784,SIKE1,False
11728080_a_at,2.2005046607494325,TBC1D22B,False
11759991_at,2.2000859217849724,CFDP1,False
11743019_a_at,2.1999684853749253,ZSCAN29,False
11758381_s_at,2.199776584819982,C22orf46,False
11738479_at,2.1997617731731185,GLRA1,False
11743241_s_at,2.199310051771262,LINC01198,False
11746059_a_at,2.1992826616759995,PSMD7,False
11727846_a_at,2.199122354600434,CDKN2AIP,False
11742428_a_at,2.199014133171849,HR,False
11750215_a_at,2.1986928032162774,SLC39A1,False
11721172_at,2.19845898454666,TRIM32,False
11716061_a_at,2.1982625443892307,FAM162A,False
11725061_a_at,2.1974132651459684,USP7,False
11737740_a_at,2.19727461998255,FGF4,False
11720390_a_at,2.1971982533506695,PTPN23,False
11729539_a_at,2.1970468736087323,IMMP1L,False
11763775_s_at,2.197015317881834,LOC100130927,False
11747038_a_at,2.1968920550461335,METTL20,False
11761794_x_at,2.1960027293530087,FAM122C,False
11726928_s_at,2.1959826482900278,IL18BP,False
11759042_at,2.1957931927252994,VKORC1L1,False
11755416_x_at,2.195139503302122,BRCA1,False
11762794_at,2.1951158359914014,DAGLB,False
11715197_s_at,2.194605739571697,PYGO1,False
11755071_a_at,2.194166939381461,HMCN1,False
11749397_a_at,2.1939761097105968,YWHAG,False
11741786_a_at,2.193660401636601,TSPAN16,False
11722922_s_at,2.193549436376507,FAM122B,False
11725464_a_at,2.192785398116341,SLC4A2,False
11743930_at,2.1925839605147917,UHRF1BP1L,False
11715111_s_at,2.192542029232485,CGB,False
11736958_at,2.190931244473506,TNFSF15,False
11747762_x_at,2.1905141610332226,MAGOH,False
11743648_a_at,2.1904690394493103,DCAF6,False
11716849_s_at,2.189118348096241,PREX1,False
11742132_a_at,2.1887677158965593,MFSD2B,False
11728261_a_at,2.1878081676498837,ZNF300,False
11759144_at,2.1877921343543143,ZNF710,False
11737619_at,2.1861521260864447,RFPL4B,False
11724912_at,2.1861017955642654,NDNF,False
11740864_a_at,2.185979456734728,FBXO22,False
11744160_x_at,2.185957586297694,ATAD3A,False
11747882_a_at,2.1848823843783944,DEF8,False
11721447_at,2.1846059730328324,SNX4,False
11744368_x_at,2.184196239226123,ZMYND11,False
11755500_a_at,2.184157361181998,EFHC2,False
11762802_at,2.1839962405836677,PRRT3,False
11761837_at,2.183966055392006,RALGPS1,False
11732780_at,2.1838370677489682,TAS2R13,False
11733991_a_at,2.183752087279217,ANGEL2,False
11744289_a_at,2.1835262832063984,JMJD6,False
11719421_a_at,2.183303475590023,ABCC1,False
11725521_x_at,2.1830590064772526,GLUL,False
11717940_at,2.183017048365813,U2AF2,False
11731535_a_at,2.1826881849838147,CCDC85C,False
11729185_at,2.1813604703734737,PNO1,False
11719733_a_at,2.1812565983115118,SENP3,False
11721692_x_at,2.1810482928445194,CYB561,False
11762404_at,2.180841723030113,ADRA1A,False
11727087_a_at,2.1794565286521346,PTS,False
11747145_x_at,2.179382833081628,BRF1,False
11734045_a_at,2.1791539885224216,KIAA0408,False
11753856_a_at,2.179147411489132,CKS2,False
11724020_at,2.179080967279386,C21orf2,False
11718603_a_at,2.1789817373475864,MTURN,False
11715134_s_at,2.1776779096418686,GLIPR1L2,False
11763279_a_at,2.177670032150258,TMEM136,False
11754619_s_at,2.177322803105893,TLK2,False
11716100_a_at,2.177059242447759,ATG3,False
11732662_at,2.176831220760437,OTP,False
11729067_a_at,2.1767476725895794,PM20D1,False
11747407_a_at,2.1759522888996767,AAGAB,False
11730350_a_at,2.1750258323999927,TLDC1,False
11739547_at,2.1748679731808953,CSPG4,False
11762642_at,2.174541875741497,DMRT1,False
11758832_at,2.174185428875981,COL6A2,False
11740205_a_at,2.1737164907689284,RPH3A,False
11760246_at,2.1730779629736054,OGT,False
11721061_a_at,2.173005771929737,IQGAP2,False
11726067_a_at,2.172694249422473,PDDC1,False
11745987_a_at,2.1724863038974385,GUCY1B3,False
11721772_at,2.171390739280638,INO80D,False
11743736_at,2.171337690356675,MOSPD2,False
11718871_x_at,2.1712912217618845,PALMD,False
11722486_a_at,2.170746740833294,ALG11,False
11718681_a_at,2.170713528254435,PHF14,False
11755078_a_at,2.170591469258337,TADA2B,False
11731011_a_at,2.1704896751547573,B3GALNT1,False
11715164_s_at,2.169993254361678,IGLL3P,False
11758635_s_at,2.1689864669420027,CREBBP,False
11735079_at,2.168647675473888,RNASE3,False
11734047_s_at,2.1681792553988597,SDR16C5,False
11720136_s_at,2.168171574890986,ATP13A3,False
11748569_a_at,2.167893381761054,IZUMO4,False
11719935_a_at,2.1676189153952063,EDC3,False
11741135_s_at,2.167564672121379,CHN1,False
11748151_at,2.1672396128129345,LOC653712,False
11738920_at,2.1671055006234323,STRA8,False
11738859_s_at,2.167071459490349,UBXN6,False
11730274_at,2.166917802647571,CALCRL,False
11752838_s_at,2.1666464651508375,CIDEB,False
11757929_s_at,2.1665993105097496,RALGAPA2,False
11742854_x_at,2.1665967843428273,UGDH,False
11746671_a_at,2.1656568496994204,NKAIN1,False
11755064_x_at,2.165212913198208,ZNF669,False
11763306_x_at,2.164974640587012,FCRL5,False
11721804_a_at,2.1646452728764776,BUB3,False
11745880_a_at,2.1643483094204683,GUCA1A,False
11723446_s_at,2.1640858229181994,TMEM132A,False
11721529_at,2.1640546546931185,ZDHHC2,False
11715888_s_at,2.164024184425203,PIP4K2B,False
11734044_at,2.1636164263051483,SOGA3,False
11724969_at,2.1634082525256466,USP31,False
11762721_x_at,2.1629734526992603,CYP2C9,False
11732890_at,2.162810466080265,DEFB132,False
11748409_a_at,2.1618540784738043,PLEKHG3,False
11742152_at,2.1617323183485455,OR1Q1,False
11763608_a_at,2.161729828548892,TVP23A,False
11753568_x_at,2.161507655685518,SNAP23,False
11755110_a_at,2.1610921473836675,LRIG1,False
11747689_a_at,2.160902027549885,NFATC2IP,False
11725662_a_at,2.1608674650951474,SLC16A14,False
11715733_a_at,2.1608386413449314,NIPSNAP1,False
11741215_at,2.1606779922049864,HIST1H2AB,False
11733018_s_at,2.1606484078753185,PIK3R1,False
11760006_at,2.1605833277808575,GNB5,False
11742673_at,2.159051385344982,SPINK14,False
11720141_a_at,2.15857026508343,HMMR,False
11739884_a_at,2.158178740241079,DOCK7,False
11741226_a_at,2.158158172663704,EYA1,False
11736720_at,2.1573388403322538,CCR4,False
11749891_a_at,2.1573340707551574,HLF,False
11751542_a_at,2.1573240538946767,ALDH3B2,False
11759879_a_at,2.155394418078837,NELL1,False
11757770_s_at,2.155066096353979,TOMM70A,False
11743797_at,2.154629065478357,ADM5,False
11747869_a_at,2.1545617271828235,POLR2A,False
11741073_a_at,2.1540457715877284,TCP11L1,False
11754232_a_at,2.1539304880864183,CMTR2,False
11743339_s_at,2.1518668531524954,MFSD11,False
11730213_s_at,2.151549248879862,MRPS7,False
11718876_at,2.1511515501855434,DNER,False
11741496_a_at,2.1510907396209924,PNMA5,False
11731360_a_at,2.150855891263268,ICOS,False
11730785_a_at,2.150740930058911,TTC21A,False
11755590_a_at,2.1505215659671424,PRMT8,False
11728247_a_at,2.1504019721332104,TOP3A,False
11729082_at,2.150182768147895,GIPC3,False
11727486_at,2.1501185784565933,HAUS6,False
11729158_at,2.1498978776064184,UBE2T,False
11728296_a_at,2.149637888188925,RNMT,False
11757646_x_at,2.1496364548674562,UBL5,False
11762370_x_at,2.1496133198827057,BNC1,False
11752164_x_at,2.1486734420222597,KDM2B,False
11725332_a_at,2.148398590161281,CTSL,False
11723977_at,2.148031654456477,RAB3A,False
11729787_at,2.147736515414512,SOX13,False
11739895_a_at,2.1477022184981447,USP1,False
11718519_at,2.1474828084047153,KCMF1,False
11750108_x_at,2.147446356614109,INTS3,False
11723885_at,2.1471504660099523,NATD1,False
11723055_a_at,2.1466833791182354,SYNGR3,False
11750243_a_at,2.146506300575447,PPARGC1A,False
11746709_at,2.146474922260315,MAML1,False
11758813_x_at,2.1459654495395077,MED21,False
11754339_a_at,2.145856007883715,NADSYN1,False
11720722_x_at,2.1458541517666467,REXO1,False
11732282_a_at,2.145554151851956,SLC30A5,False
11742216_a_at,2.1454259073563384,KLRD1,False
11720169_at,2.145232218477124,MRPS16,False
11762268_at,2.144226629977005,KIAA1456,False
11731659_a_at,2.1439332574854255,ZNF132,False
11762056_at,2.1435969301985796,LOC100133299,False
11732751_a_at,2.1430820818157876,CC2D2A,False
11723889_a_at,2.143066118502402,HELQ,False
11736763_x_at,2.1421149192917666,ZNF347,False
11732565_at,2.1418073423330486,SLC6A14,False
11735709_at,2.1413952771563243,KRT2,False
11736956_a_at,2.1412127353916244,ZNF687,False
11741107_a_at,2.140730885913736,MRPS14,False
11741622_s_at,2.1404646200221396,CYHR1,False
11748411_x_at,2.139938534885419,FLII,False
11729352_at,2.139907757862719,MYF6,False
11752302_a_at,2.139758822849275,LAMB3,False
11725265_at,2.13872567627001,COL4A4,False
11762019_at,2.138602346166347,CENPI,False
11728558_a_at,2.138567080347555,HSF2BP,False
11751589_a_at,2.1382450948873353,NMT1,False
11743136_x_at,2.138028881006173,CEBPD,False
11724370_at,2.1373150157654006,KIAA1644,False
11717884_a_at,2.136775332216332,ZHX3,False
11747251_a_at,2.1364767817263366,CCDC125,False
11752467_s_at,2.1353829228296455,INPP5D,False
11739654_at,2.134697629059588,TNFRSF10A,False
11728327_at,2.1338397500418154,OMD,False
11740948_s_at,2.133804556144873,REXO1L1P,False
11718236_s_at,2.1327999487857197,PRPF4B,False
11763826_x_at,2.132562296944568,NDUFAF1,False
11743297_a_at,2.1323522926528025,CNOT6,False
11761620_at,2.131381534695252,SSX6,False
11724491_at,2.1310619124387498,NUDCD2,False
11756321_x_at,2.1306196418993077,USP21,False
11744052_a_at,2.130544048964774,SLC11A2,False
11755018_a_at,2.1298084026524533,PPP1CC,False
11717823_s_at,2.129127520682561,TNFAIP2,False
11745369_x_at,2.1287234102579085,ZFYVE27,False
11754643_a_at,2.1284566862199794,TMEM234,False
11762333_x_at,2.1284101053652256,NDUFA13,False
11739149_a_at,2.1284041708311516,SAMHD1,False
11725648_a_at,2.128182171185858,DCAF5,False
11736828_x_at,2.12803715398589,ST3GAL1,False
11735807_a_at,2.127408992788353,SPATA32,False
11746540_a_at,2.1268603426372823,CAMK2D,False
11733036_a_at,2.126499736336974,CEBPZ,False
11723645_at,2.1258882198802445,PLN,False
11749214_a_at,2.125337563737838,SELPLG,False
11731383_a_at,2.1252972576417974,DFFB,False
11720367_a_at,2.1240766189245885,TMEM2,False
11754727_a_at,2.1238698684610298,VPS39,False
11750825_a_at,2.123855032295674,ADAMDEC1,False
11725995_x_at,2.1238516529663523,XXYLT1,False
11759273_x_at,2.1232214762802215,HIST1H2BI,False
11726962_at,2.121703889099114,SGTB,False
11726662_a_at,2.1214342945363542,APOO,False
11725195_a_at,2.1203496626013987,ZSWIM7,False
11763602_a_at,2.1192106169364697,ZNF839,False
11739624_at,2.1183815874831073,ZNF740,False
11723088_a_at,2.1171509492558602,GAS2L1,False
11718266_s_at,2.1167617672608023,SMAD3,False
11746091_a_at,2.115707814280886,MAP4K3,False
11733530_at,2.115620279144064,C1RL,False
11750450_a_at,2.115083474973058,UBAC2,False
11751741_x_at,2.1148687545909644,ACER3,False
11723489_at,2.1143796354183393,GCLM,False
11719883_a_at,2.1126825089074077,APOLD1,False
11752825_a_at,2.112073493658549,ARHGEF6,False
11763948_at,2.1108039664656744,CDRT15P1,False
11737959_at,2.1106466414436946,SCGB1D4,False
11725433_at,2.110398936592316,PBX2,False
11724834_at,2.1102290386614957,MUC13,False
11732102_at,2.109410020379795,PROL1,False
11723128_a_at,2.109224581880219,HERC6,False
11759441_at,2.109223690760087,C16orf72,False
11750624_a_at,2.1082241216228907,MAP3K13,False
11722347_a_at,2.1082017035606624,REPS2,False
11747998_x_at,2.1081956540171833,SNX17,False
11738235_at,2.1081343597636173,GCNT4,False
11753797_a_at,2.108013748539403,TSG101,False
11723939_a_at,2.1078157168337546,CCNB1,False
11743161_x_at,2.1073183317092825,HILPDA,False
11755905_a_at,2.107230611298088,ST8SIA5,False
11727079_at,2.107183677295147,NUFIP1,False
11727174_at,2.106994335944219,EPC2,False
11726157_at,2.1068580806302895,SPIN4,False
11753944_a_at,2.1064534432026703,TRA2B,False
11716706_at,2.106118342139651,TRIM44,False
11747165_a_at,2.1056187949829934,LOC100499484,False
11763911_at,2.10555659975713,SNORA16B,False
11718494_at,2.1051578480393274,SLC1A2,False
11762205_at,2.104239669643744,ZNF718,False
11757330_x_at,2.1041873080918365,SNRPC,False
11717448_a_at,2.1040980269208878,MRPS2,False
11752362_a_at,2.1034252376065408,SBNO1,False
11734012_at,2.1029469224882464,MLANA,False
11717640_s_at,2.1027032865325244,UBE3A,False
11745964_x_at,2.1022459019080393,ALDOA,False
11731213_at,2.101861608387837,CCL25,False
11724901_s_at,2.1017271776081294,IQCJ-SCHIP1,False
11723233_a_at,2.101670126636172,LEO1,False
11760712_at,2.101428772667473,ITGA10,False
11745409_a_at,2.1012119157070597,LARP1B,False
11733891_at,2.1009960644284607,FKBP14,False
11744453_s_at,2.100751514474871,TMBIM4,False
11719849_s_at,2.1006748690998456,UBE2S,False
11737799_s_at,2.1004967429361843,R3HDM1,False
11731727_x_at,2.0998046876035255,CASP5,False
11749522_a_at,2.09962820673519,LAG3,True
11730355_s_at,2.099465750677763,ATRIP,False
11755740_a_at,2.0990434536514493,PRM2,False
11726138_at,2.0988328118049657,MTMR9,False
11741583_a_at,2.098614715381146,LILRA4,False
11741510_a_at,2.0983077673822517,HERPUD1,False
11723199_s_at,2.0981483935984873,HNRNPA3,False
11745819_a_at,2.097996978366599,H1F0,False
11747485_a_at,2.097734238281909,U2SURP,False
11731987_a_at,2.0976306504062525,DNAJC9,False
11717250_a_at,2.0975878062925117,NAE1,False
11761961_s_at,2.097508624667068,MT1DP,False
11719314_a_at,2.09721251667103,NMRK1,False
11735031_a_at,2.097130268000627,UPRT,False
11744382_a_at,2.097018652038228,WDR74,False
11726204_a_at,2.096282115659805,CCNJL,False
11724075_a_at,2.09552285240722,DDX3Y,False
11754922_x_at,2.0944175338189086,ZNF426,False
11743497_at,2.0944098488679197,BMP2,False
11724123_a_at,2.094332501049211,ZNF853,False
11724081_a_at,2.0934886757866926,TOR2A,False
11715226_s_at,2.0933193694128955,PCDHA6,False
11740236_at,2.0931205890157147,FFAR3,False
11743678_at,2.093092464473726,PCDH17,False
11748383_a_at,2.0929720439619737,PAPD7,False
11720329_at,2.092321931125962,RNMTL1,False
11727644_a_at,2.0921722149930635,TRERF1,False
11759557_at,2.0917981264064354,BLZF1,False
11753567_s_at,2.091577254098312,CKLF-CMTM1,False
11736506_at,2.091297464263635,TECRL,False
11745099_x_at,2.091031820455273,DHX38,False
11716726_a_at,2.0907492523687066,PLK1,False
11746557_s_at,2.090660122755651,LGALS9,False
11755101_a_at,2.08967023485704,CEP76,False
11761120_at,2.0896377537377226,TARBP2,False
11732961_at,2.0890394089783686,ZP2,False
11716598_a_at,2.0883129582885207,CHMP1A,False
11728941_at,2.088230529927095,CCDC169-SOHLH2,False
11733003_a_at,2.0880753831406396,CXCR1,False
11753427_a_at,2.087685129122403,RND3,False
11723992_at,2.08737376336926,PDCL,False
11720777_x_at,2.0873376123494363,POLL,False
11729876_s_at,2.0872335739666985,FAM209A,False
11730461_at,2.0867262637633432,OTX2,False
11722485_a_at,2.086304311777072,UTP14C,False
11727850_x_at,2.0860877321155002,NIP7,False
11726172_x_at,2.085193623169133,SCARA3,False
11737772_x_at,2.084856153641107,ZNF93,False
11729600_a_at,2.0846891366571834,PPP6C,False
11731097_a_at,2.0836953885590734,TTC16,False
11727924_at,2.0834145947847804,PURA,False
11725888_at,2.082179426173125,MCEMP1,False
11743340_a_at,2.0821081422990892,SMARCA2,False
11726610_s_at,2.081970345017345,MTF2,False
11758505_s_at,2.081282514075571,HOXD13,False
11720236_a_at,2.080485800911821,KAT8,False
11748385_a_at,2.08036544180296,KIAA0430,False
11742997_x_at,2.079971318595085,MCM3,False
11747831_a_at,2.0787391286516823,FGFR1OP,False
11730880_a_at,2.078712957807808,NEBL,False
11721682_s_at,2.0784861447672545,RBMX2,False
11739667_at,2.0782621530737844,GALNT6,False
11759240_x_at,2.078114468527362,PCDHGA8,False
11757369_s_at,2.0777515925804457,MAN2B1,False
11729880_x_at,2.0776221973756943,ZNF445,False
11740753_at,2.077542527256524,RAB41,False
11738179_at,2.0774061653692213,CLDN20,False
11735870_x_at,2.0768158458513493,TRIM64,False
11716142_x_at,2.07665956336372,SIGMAR1,False
11734604_at,2.076537344580065,WFDC11,False
11761064_x_at,2.076469493936892,SPDYE2B,False
11718466_a_at,2.0763563221729235,NCK2,False
11738497_at,2.0761211265856803,OR5P2,False
11751348_a_at,2.0750469594841356,NDFIP2,False
11723763_a_at,2.074891298633866,POLG2,False
11757514_x_at,2.0748171268193336,RPS27,False
11734567_a_at,2.074233161618548,RASGRP2,False
11720803_at,2.0740134499175666,S100A14,False
11758396_s_at,2.0736856711816394,POLR3G,False
11763453_at,2.0733996330553595,METTL12,False
11735183_at,2.0730871257449817,FFAR2,False
11751271_a_at,2.0729780748020032,PKNOX1,False
11723612_a_at,2.0728928679150203,TOX2,False
11732324_at,2.0721802227592536,ZKSCAN7,False
11721780_a_at,2.0719304112845784,LLGL2,False
11737940_s_at,2.0718429044856914,RIPK1,False
11734373_a_at,2.0718423168277584,CSPP1,False
11737704_s_at,2.0717276150875925,ADCK1,False
11750183_a_at,2.0716327439013615,SLC25A27,False
11754665_x_at,2.071450956708693,LEFTY2,False
11738475_a_at,2.0714092050760837,PARP15,False
11728472_at,2.071246285316218,PLPPR5,False
11733768_x_at,2.0710059499071036,LILRA2,False
11763104_at,2.070215858583044,SKAP2,False
11727855_a_at,2.0701162883800626,NUP50,False
11745239_a_at,2.0700685458186565,ATP9B,False
11726225_at,2.0691250935748946,KEL,False
11730223_a_at,2.068959535970959,PNPLA2,False
11738115_at,2.068905831931246,ROR1,False
11723782_at,2.0676215862308966,AGPS,False
11734813_a_at,2.0674177180501454,TMEM86A,False
11734799_s_at,2.06703840293809,RLIM,False
11759615_x_at,2.066211565485856,PRPF38B,False
11729295_at,2.0661226529625796,TANGO6,False
11728388_at,2.066121735011906,TSPAN2,False
11734999_at,2.065624601607452,SIPA1L3,False
11758007_s_at,2.0652221681194476,YAF2,False
11726584_s_at,2.0650539800241003,ARMC1,False
11753230_a_at,2.0648804824672746,GATS,False
11724149_a_at,2.064662835919553,SKAP1,False
11756860_x_at,2.064583441563525,RNH1,False
11738545_at,2.0643845906388743,RGS21,False
11722030_a_at,2.0641076593543892,UBE3C,False
11746115_a_at,2.0631607897822004,ZNF35,False
11729236_at,2.0630786696664476,MCCC2,False
11753746_a_at,2.062634494320736,CHRAC1,False
11764079_at,2.062404734800181,LOC105378742,False
11717665_a_at,2.0623610937428487,TSPYL4,False
11731628_a_at,2.0617439972687297,OSGIN2,False
11740368_s_at,2.061532663706418,PTPN3,False
11760904_a_at,2.0610100839102716,FARP2,False
11741933_at,2.060807293549869,RFPL1,False
11758643_s_at,2.0602804387206515,ZNF883,False
11763654_at,2.0599610847346015,TMC5,False
11751890_a_at,2.058945907683373,SCN5A,False
11762457_a_at,2.0586761322299076,ZFYVE26,False
11758536_s_at,2.0584645889687194,KCTD15,False
11762466_x_at,2.0584085505542,GOLGA2P10,False
11736368_a_at,2.0582811890334027,MCM10,False
11754969_x_at,2.058038454888392,GRM4,False
11717845_a_at,2.058008120920418,CDK7,False
11753902_a_at,2.0579786606069317,ACTN4,False
11723928_at,2.0572241013969874,PNMA2,False
11733641_a_at,2.057204150248622,KLC4,False
11759428_a_at,2.056971445442721,KLF7,False
11755012_a_at,2.054759621024982,CDC42SE2,False
11750417_a_at,2.0546649792009433,PRG4,False
11718264_a_at,2.05448797356695,ACACA,False
11757208_s_at,2.0544536892250433,C22orf34,False
11750534_x_at,2.0543959229659006,CRYZL1,False
11744147_x_at,2.0541302436773905,RPL18,False
11721969_s_at,2.0540001916360797,BDP1,False
11748095_a_at,2.05373426683295,PPFIBP2,False
11716594_a_at,2.053317504246697,BTBD1,False
11728523_a_at,2.053235645494736,MYCL,False
11756429_x_at,2.052756398042199,OSTC,False
11759332_x_at,2.052741314343812,ZNF117,False
11764215_at,2.052711754798281,WT1-AS,False
11735329_a_at,2.052386422544515,CD47,False
11734574_x_at,2.0521137619048155,HIST1H3F,False
11716376_at,2.052059683326674,SERPINA5,False
11743847_x_at,2.0520577119946473,CFH,False
200095_PM_x_at,2.0520210387109414,RPS10,False
11717985_a_at,2.0513000332922284,PITPNB,False
11755840_a_at,2.0506598270339413,CLCN1,False
11729826_a_at,2.050423118016808,ZSCAN2,False
11726426_a_at,2.049355704085235,DENND4C,False
11739759_a_at,2.0492203248043137,KBTBD3,False
11733351_at,2.0490799038874195,KLHL11,False
11760439_x_at,2.0483417137750655,DSTNP2,False
11748267_a_at,2.0471457569953624,ZNF282,False
11753183_x_at,2.047076935239628,LGI4,False
200041_PM_s_at,2.0461119973761366,ATP6V1G2-DDX39B,False
11754584_a_at,2.045833447551239,RHNO1,False
11738534_at,2.0449933967582177,KRT9,False
11721312_a_at,2.044627820060487,ATOX1,False
11717341_at,2.044626872930334,PTGFRN,False
11759634_s_at,2.0440540042737303,TMEM39A,False
11761371_at,2.0439788131025276,BMS1P21,False
11745144_a_at,2.0439629877299255,CLEC4E,False
11751279_a_at,2.0439590387229916,SLC38A7,False
11721145_s_at,2.0439233898950278,MKI67,False
11733258_a_at,2.0438160977832673,TAOK3,False
11748689_a_at,2.0437431332140106,GNA13,False
11745273_a_at,2.0435937804238846,ADGRL2,False
11757134_at,2.0424848497954002,SNORA65,False
11716229_s_at,2.042234294474205,TMEM167B,False
11743904_s_at,2.04220305408694,PDLIM1,False
11764246_s_at,2.041511041243849,STT3B,False
11738281_a_at,2.0414404950754306,IL5,False
11759068_at,2.041031295579685,RIF1,False
11734210_at,2.040949803609812,TMPRSS11B,False
11721824_a_at,2.0405672906460666,ARPC5L,False
11728582_a_at,2.0401468473192734,C9orf50,False
11715524_a_at,2.039845482434158,COTL1,False
11718406_s_at,2.0398223863688245,TMBIM6,False
11717993_at,2.039416417760038,CBX7,False
11744494_x_at,2.0392127898852572,JTB,False
11757613_x_at,2.038608969471319,EIF3K,False
11750904_a_at,2.0383124215390183,RBM6,False
11730368_at,2.0380803054003986,ZNF557,False
11741573_a_at,2.0380290085752426,ZNF219,False
11738221_a_at,2.03755310347586,C2orf50,False
11715865_a_at,2.037444624733861,ATP6V1F,False
11750951_a_at,2.0371829579160945,TMEM182,False
11733726_a_at,2.0368127395703475,SNAP25,False
11729163_a_at,2.0366350546311045,BTG3,False
11721991_a_at,2.0366262248587335,SLC6A6,False
11728135_at,2.0366184638009863,NIPAL4,False
11754390_s_at,2.0363495510904435,CARMN,False
11749858_a_at,2.035625116913812,AP4B1,False
11737567_x_at,2.034849159062324,C1QTNF9B,False
11760058_at,2.034595876089073,SLC3A1,False
11734331_a_at,2.0344671821025995,TNN,False
11735432_a_at,2.032525125428039,OBP2B,False
11763204_at,2.0322926457087536,KRT16P1,False
11738753_at,2.031975627403275,OR4X2,False
11717315_a_at,2.031974140610999,DTD1,False
11758804_s_at,2.031316169212732,MON1B,False
11753561_a_at,2.0312604141964385,LOC646813,False
11732219_a_at,2.0304888364497167,TUBE1,False
11736981_a_at,2.0295027875262317,CALCR,False
11720489_a_at,2.028835739964549,ACTC1,False
11759961_at,2.028282657248653,AGFG2,False
11744526_a_at,2.026607534733529,INPP5F,False
11716332_a_at,2.0260972901852314,RPL28,False
11755034_a_at,2.0260539116467253,REXO4,False
11761963_at,2.0254593642366543,DKK3,False
11732362_x_at,2.0254213899277973,ZNF44,False
11761756_x_at,2.0250593638355974,GSTO2,False
11737247_at,2.0243491410301093,ZNF141,False
11746441_a_at,2.0235820948943175,TGFBR1,False
11750116_a_at,2.022707405526692,WDR11,False
11717957_at,2.022255709758832,PATL1,False
11754776_x_at,2.0220602865095447,CCDC74A,False
11729783_a_at,2.020961393030805,BOLL,False
11736816_a_at,2.020547583529989,KIRREL,False
11730334_at,2.0197232373332636,ZSWIM1,False
11721177_at,2.0193645235013857,PITX1,False
11715664_a_at,2.0191742552459124,STARD7,False
11739928_x_at,2.018968819223856,PDE6B,False
11720812_a_at,2.018661179116075,C9orf16,False
11745460_at,2.0184923695331842,NDUFV3,False
11733022_at,2.018446832017983,BTG1,False
11750019_x_at,2.017765081522033,ATG4D,False
11730028_at,2.0176852667063896,MT1B,False
11720999_a_at,2.0172944072769607,BIN2,False
11755002_a_at,2.017118373612865,FAAP100,False
11758293_s_at,2.016888053770698,RIC8B,False
11747837_a_at,2.016113461723707,ZFAND1,False
11764063_s_at,2.015961772573899,WDR48,False
11725166_s_at,2.0157662742210682,MED23,False
11726602_at,2.01563037548408,DARS2,False
11732600_at,2.0154549244992976,CHRNB2,False
11728754_at,2.015201968004878,TEX19,False
11754992_a_at,2.0145415311270405,CHD1,False
11724454_at,2.0144996417656578,SLC22A4,False
11731893_s_at,2.0144467420471432,CHADL,False
11754456_a_at,2.0144094227768354,GOLGB1,False
11729302_at,2.0138166517529204,GLYAT,False
11732615_at,2.0129510196667937,TCEAL5,False
11717287_a_at,2.012801052714347,POGZ,False
11731047_at,2.012648344418163,RIMKLA,False
11732826_at,2.0117013476526315,ESX1,False
11716509_a_at,2.011208913490729,AKR1A1,False
11728724_a_at,2.0110027893905036,TAF6,False
11744108_x_at,2.0108626930014286,SAE1,False
11731560_at,2.010684922624732,FAM89A,False
11723711_at,2.0102277636595254,SLC24A3,False
11719505_x_at,2.0097214534521712,DHX36,False
11761477_at,2.0095802276577195,LOC105369155,False
11744161_a_at,2.0092444426174865,RFX1,False
11728012_at,2.007879634051293,PRTG,False
11736031_at,2.0074628555766556,DHX16,False
11715955_a_at,2.007447788325089,ARL6IP5,False
11718740_at,2.006989448060059,FAM160B2,False
11726832_at,2.0068014736468336,SPDYA,False
11716865_a_at,2.006592766330282,SLC1A5,False
11716047_a_at,2.006511498853201,C21orf33,False
11716483_x_at,2.00620964357479,GRINA,False
11733313_s_at,2.006023561037067,PCDHA1,False
11723585_a_at,2.0053474196793895,SMPDL3A,False
11724102_s_at,2.004872110057341,PDZRN3,False
11758594_s_at,2.0044556642332774,CSTF2T,False
11725259_s_at,2.003392769022771,PPM1B,False
11741716_a_at,2.0029702476533466,HOXB1,False
11725394_s_at,2.0027668803672465,LRCH4,False
11740273_at,2.0020059122970855,TMEM242,False
11738297_at,2.0013742081036794,CNGA2,False
11746224_a_at,1.9998317747035643,SAYSD1,False
11752951_x_at,1.9995985090082904,RPL15,False
11740818_s_at,1.9991417219748182,TCP10,False
11739057_a_at,1.9988529390580325,NFE2L2,False
11716722_a_at,1.9986786574692508,PHF1,False
11763465_at,1.9978642989501967,CABLES1,False
11744243_a_at,1.9977258090090917,TRAF6,False
11723870_at,1.997457752176819,ASB7,False
11752098_a_at,1.9971011110946104,DHX8,False
11721619_at,1.9962999831845727,FOXJ1,False
11754415_a_at,1.9941573666973422,TMEM86B,False
11717997_at,1.9940031662995796,NUP205,False
11734124_a_at,1.9933602470401397,FSTL4,False
11735669_s_at,1.9932443050144835,MROH8,False
11752998_a_at,1.9929829211673873,NXF5,False
11721284_a_at,1.9927319268767187,CDS2,False
11715678_s_at,1.9921414076322042,NAP1L4,False
11735320_a_at,1.99211680182396,RBMS3,False
11739202_a_at,1.9921062752059036,ATP5G3,False
11751768_a_at,1.9918363006112287,SNX19,False
11735666_a_at,1.9916460349204201,C1orf100,False
11723394_s_at,1.991560324041163,NEIL2,False
11715280_s_at,1.9913914544569478,KRT17,False
11755826_a_at,1.991306062280999,SELP,False
11735357_at,1.9913040550207164,CXorf58,False
11735354_at,1.990692395044831,GSTM4,False
11748162_a_at,1.9900727858334182,EML5,False
11758700_s_at,1.9894728529741459,SMC3,False
11718974_at,1.9891003173405426,LPL,False
11758698_x_at,1.98900393321393,HBG1,False
11763312_at,1.9886504331627801,MXD4,False
11752966_a_at,1.9880587699811187,ATF7,False
11762909_at,1.9880343390791204,LOC100127951,False
11732983_a_at,1.987772154602824,TMEM8B,False
11758423_s_at,1.987481450178633,ATP13A5,False
11739775_a_at,1.98726675046558,LYPD5,False
11735252_a_at,1.9866317299502039,SUPT3H,False
11752212_a_at,1.9862765231704083,NYAP2,False
11761880_at,1.985329035948759,ACY1,False
11752086_a_at,1.9848924479420893,TEAD1,False
11721934_at,1.9847159263802996,DNAJC27,False
11725616_at,1.9845458059518077,PPP1CB,False
11742615_at,1.9842188856738088,OR5M9,False
11735680_a_at,1.9842156325338243,PPP4R4,False
11748459_a_at,1.984152990288717,ARL13B,False
11731998_s_at,1.982247265990647,CCDC88C,False
11738515_at,1.9814291732120515,LIPK,False
11741614_x_at,1.9811176949272542,KLC2,False
11746294_s_at,1.9804297466404424,HERC2,False
11754474_a_at,1.9798553583330358,PLEK,False
11716309_a_at,1.9797459586462183,CYBRD1,False
11748859_a_at,1.9797160515942471,TFEC,False
11718750_a_at,1.9787874091315487,SPG11,False
11731062_s_at,1.9785498892300948,ZNF516,False
11718482_at,1.9782954807741753,UBE2N,False
11754868_a_at,1.9777256477606158,ERGIC3,False
11737968_a_at,1.9776882808008593,CYP24A1,False
11728395_s_at,1.9764733866951427,TAC1,False
11762345_x_at,1.9756313855401026,LOC100128775,False
11762329_s_at,1.9752290256870035,TRAV17,False
11716379_s_at,1.9751692238150624,TOMM20,False
11746171_a_at,1.9749564586863466,KLHL17,False
11744971_at,1.974557376010404,PSORS1C3,False
11728948_at,1.9740561595716721,BCO1,False
11746047_x_at,1.9737470945394737,KGFLP2,False
11723082_s_at,1.973552365951056,HEMK1,False
11736599_a_at,1.9735413931459014,DLG3,False
11727339_a_at,1.9728183012477538,ZBTB2,False
11731930_a_at,1.9726662188176374,OPALIN,False
11720630_a_at,1.9723033125514915,SNRNP25,False
11718418_a_at,1.9719731291528966,TST,False
11746212_a_at,1.9719176599842771,ODF2,False
11736452_at,1.971543233409946,SRFBP1,False
11762944_at,1.9712668419911064,IL19,False
11732261_a_at,1.970969014445304,RRAGB,False
11723531_a_at,1.9709529045669154,GOSR1,False
11740667_at,1.9709316591450234,TPRX1,False
11753162_a_at,1.9708907157642648,YIPF5,False
11720767_s_at,1.9708869282170232,METTL9,False
11717407_a_at,1.9708861977039798,RPP25L,False
11738084_a_at,1.9707292201762867,SLC36A3,False
11717240_at,1.970583128549685,RBBP4,False
11720005_at,1.970046550657982,NPTX2,False
11730577_at,1.9698186744319581,ZNF100,False
11730122_at,1.9693068413117856,TACR1,False
11746128_x_at,1.9683045645616999,CLPTM1,False
11720425_a_at,1.9682403107982593,PENK,False
11754766_a_at,1.9681778815430266,MRPL32,False
11723014_a_at,1.967923835764449,EXT2,False
11725569_at,1.9674482349163136,KLHL15,False
11720519_s_at,1.9674242064861311,LOC100996724,False
11725702_a_at,1.9661950011474854,AQP9,False
11740597_a_at,1.965771721026712,FAM161B,False
11726053_a_at,1.965456719734756,C19orf24,False
11723002_x_at,1.9653525704418982,RANBP1,False
11739754_at,1.9652457243366417,SLAMF8,False
11740336_a_at,1.965126668195217,GPATCH11,False
11729348_at,1.9649472512769532,HMGN5,False
11762819_at,1.9643836791401885,KLK14,False
11721677_a_at,1.9642906312542285,RBM17,False
11747746_x_at,1.9642419330024183,HADHB,False
11726054_a_at,1.9640773685865658,MUC4,False
11757084_s_at,1.9638645559824106,GLRX3,False
11743254_x_at,1.9638190403927875,SEPT15,False
11736677_a_at,1.96378218215351,DPP10,False
11754355_x_at,1.9633569050827944,NSMCE1,False
11756480_s_at,1.9633467252574552,CSDE1,False
11759232_at,1.9631224930301354,C6orf25,False
11732116_x_at,1.962970937600978,KRTAP19-5,False
11744709_a_at,1.9625079514389954,HRAS,False
11758500_s_at,1.9612984173178487,TMEM140,False
11730263_x_at,1.9609399917920525,SERPINB4,False
11718753_a_at,1.96024011003816,CAPN5,False
11741319_a_at,1.9597066568186734,TCP1,False
11718002_at,1.9594883647608472,C10orf54,False
11750090_x_at,1.9592780418186226,ZBTB8OS,False
11756142_a_at,1.9592350186861387,ADPRH,False
11730264_a_at,1.9589598275889661,FAM83D,False
11720036_a_at,1.957928835847183,CASP2,False
11730777_a_at,1.9578249448867924,CEP68,False
11731020_s_at,1.9576880297278154,CCDC62,False
11746007_a_at,1.9576056626879224,SEC16A,False
11723848_s_at,1.9573232470240751,ZNF18,False
11733072_a_at,1.956192507132182,PKN1,False
11755103_a_at,1.955336610349379,CDA,False
11746098_a_at,1.955290239863472,PPP4R1,False
11723815_at,1.9552266052627443,ARHGAP29,False
11732092_at,1.9540117492669882,FOXE3,False
11754750_a_at,1.9538714812973708,NLGN4X,False
11717953_a_at,1.9538664022814112,DCPS,False
11715822_s_at,1.9536742543608805,SYPL1,False
11715287_at,1.953642599187788,C15orf40,False
11757486_s_at,1.9533977265959108,NIT1,False
11730835_a_at,1.9533335470224018,MTX2,False
11761744_at,1.953299278479926,TPO,False
11722840_s_at,1.9530556669644537,LYAR,False
11752259_a_at,1.952948882674511,FBXL7,False
11715401_s_at,1.9527727634039467,ILF2,False
11735141_at,1.9513586280541133,SORCS3,False
11751828_x_at,1.95099946885955,NFS1,False
11745076_a_at,1.9508120098137032,CRNKL1,False
11733838_s_at,1.9495086116672915,UTP14A,False
11734095_x_at,1.9493110538052592,ZNF845,False
11729534_a_at,1.9492468694331404,BRE,False
11755313_x_at,1.9489396149660718,ZNF559,False
11717981_a_at,1.9488311335054678,ACP5,False
11741445_a_at,1.9488123158386617,PTGES2,False
11722235_a_at,1.9486978732724587,FBXO2,False
11743099_a_at,1.9478669948241265,HNRNPH1,False
11756836_s_at,1.9477740378353916,GNA14,False
11763934_at,1.947773937910265,LILRP2,False
11746872_a_at,1.9474383415984966,COL1A1,False
11726656_a_at,1.9471771350374252,IFIT5,False
11758513_s_at,1.9466755139970597,SPEN,False
11728049_s_at,1.9462993308687098,HIST1H4J,False
11728578_a_at,1.9461542532648306,PRELID3A,False
11756510_a_at,1.9460352981518019,FAN1,False
11728161_at,1.9456367171769173,WNT7A,False
11731807_at,1.9454388707889694,CATSPER1,False
11743923_at,1.9444500397330164,TCFL5,False
11717076_s_at,1.9443896879872065,ATP8B5P,False
11725804_a_at,1.944358260572456,C21orf91,False
11715122_at,1.944264535021187,RAB3D,False
11724311_a_at,1.944081112338149,SH3BP2,False
11742107_a_at,1.9438684657346164,PPT1,False
11719220_a_at,1.9436540524682495,UNC119,False
11755315_a_at,1.9434100902076008,RNPEP,False
11738091_a_at,1.943215108164882,ABTB1,False
11759550_at,1.943109700404589,ZFAS1,False
11759887_x_at,1.9426125234253484,NBPF8,False
11726323_a_at,1.942167667438058,ACOX1,False
11730808_at,1.9421445340419576,FPGT,False
11757048_x_at,1.9417020887321483,EIF3B,False
11734724_a_at,1.9401821045123173,IRF6,False
11729173_a_at,1.9401312949334215,SKA2,False
11757375_x_at,1.9399785321962038,RPS15,False
11741600_at,1.9398427984266442,C1QL3,False
11755341_x_at,1.9391502299735386,RPE,False
11723248_at,1.9390115281126896,LRRC40,False
11752433_x_at,1.9379681634722115,SMPD4,False
11761277_at,1.9374928630319783,LRRC37A4P,False
11716999_a_at,1.9374099514148473,RASA1,False
11735803_a_at,1.9368552121084448,NAT6,False
11753527_a_at,1.9364649490058263,RAB23,False
11745069_a_at,1.936096555096779,TRAPPC13,False
11741954_x_at,1.9356267352626244,PCDH11X,False
11730497_a_at,1.9342804065357964,ZNF239,False
11732058_a_at,1.9332463047984865,CDC7,False
11763813_a_at,1.9332161543432682,SAMD14,False
11731570_a_at,1.9326745626635629,CCDC106,False
11740761_at,1.9326375189344676,PRKG2,False
11760859_x_at,1.932321666877526,SAFB,False
11728500_a_at,1.9317609112433123,IL1R2,False
11745385_at,1.931337694081993,RNF170,False
11731113_a_at,1.9312146238072745,PEMT,False
11738595_at,1.9307723292027787,PF4V1,False
11745681_a_at,1.9299526959317028,FUT11,False
11745150_x_at,1.9296866446276566,LOC100506403,False
11737594_at,1.9292432963857964,CFAP54,False
11747633_a_at,1.9289752902820276,GLS2,False
11719305_at,1.928584378446992,SYNPO,False
11728863_at,1.9285301324004824,GINS1,False
11749686_a_at,1.9281255112211122,RFX4,False
11763524_a_at,1.9279182037246794,PPARA,False
11727909_at,1.9272103391067261,SLC7A3,False
11719203_a_at,1.9268938641684932,ERI3,False
11748103_s_at,1.92666608793664,ZNF513,False
11741776_at,1.9265613944860365,TMEM179,False
11757904_s_at,1.925931820633989,MAST3,False
11748473_x_at,1.9255410401904065,ZNF28,False
11721255_at,1.924911285405979,CCND1,False
11754909_a_at,1.9241746179104426,C2orf88,False
11741801_s_at,1.9239873077791696,DAZ1,False
11719661_a_at,1.9236207119582787,FAM188A,False
11742334_at,1.923600459041512,OR52W1,False
11741116_at,1.922759390885622,FLG,False
11756138_a_at,1.9226608313608173,HK2,False
11756982_x_at,1.9225567202293148,AP3S2,False
11741205_a_at,1.9224536581035283,GABRA1,False
11716463_a_at,1.9218271544597747,GBA2,False
11756476_s_at,1.9215325778104098,RPL19,False
11755805_a_at,1.9209816968776663,ZNF407,False
11724229_s_at,1.9209257000352986,RBMS1,False
11734899_at,1.9206861855308592,FAM71C,False
11725716_a_at,1.9203626535947185,KIF21A,False
11735599_a_at,1.9202036152574151,PIK3R6,False
11716837_a_at,1.9189455989682185,CDV3,False
11754329_a_at,1.9185411160235426,TANC2,False
11757732_x_at,1.9184564005943368,GNAI2,False
11727947_at,1.9183076770785248,MEGF6,False
11727641_at,1.9181237125098956,NOM1,False
11730529_at,1.917101535078574,ZNF324B,False
11758780_a_at,1.9167505373624785,NOP16,False
11755838_a_at,1.916603692238119,PCDHB13,False
11715211_s_at,1.916115869965654,ZNF680,False
11730731_s_at,1.9155126488518261,DNAJB9,False
11757727_x_at,1.9154505681473106,ATP5O,False
11760675_x_at,1.9153825304381091,CCDC74B,False
11740263_a_at,1.9145114245285564,ETV3,False
11720840_a_at,1.913504072984629,SMNDC1,False
11755948_a_at,1.912943525005146,SH3RF1,False
11741017_s_at,1.9123078327357315,AP2A2,False
11729448_a_at,1.9122526388885661,TINF2,False
11730779_at,1.9121619724335586,ADH1C,False
11757890_a_at,1.9112112602878817,MTERF2,False
11737027_a_at,1.9095379417499718,FLT3,False
11730569_at,1.9094000759238925,MS4A5,False
11731529_at,1.90894666688498,SLC17A6,False
11749923_a_at,1.9087141595683998,LBHD1,False
11715202_s_at,1.9084820776565221,TCEAL1,False
11721965_a_at,1.9081253976205548,NOTCH4,False
11749627_s_at,1.9080706357087658,ZNF574,False
11723692_a_at,1.9079728009341048,CD302,False
11736846_a_at,1.9077668328157367,STARD13,False
11728452_a_at,1.9073646736578178,LMO1,False
11758467_s_at,1.9068738088012112,CCZ1,False
11728496_a_at,1.906430127516866,GNRH1,False
11750614_x_at,1.9063463337564903,GRIN1,False
11734190_at,1.9062727778891568,OOSP2,False
11745161_x_at,1.9062067480079437,MED25,False
11727820_a_at,1.9058689909903648,CISD1,False
11715388_s_at,1.9057903564845529,CDKN1A,True
11720078_a_at,1.9052762938637549,NTRK2,False
11761314_s_at,1.9050495472905804,LOC100133091,False
11760941_at,1.9043641253422243,PLEKHM1P,False
11747772_x_at,1.9041209180452716,PDHA1,False
11727378_at,1.9038819865363366,TBC1D15,False
11733703_x_at,1.9033172485328245,SKIDA1,False
11724795_at,1.9032426439159624,ZG16B,False
11732171_x_at,1.903235819825282,GRSF1,False
11729411_x_at,1.9030980590495579,AKR7A3,False
11756300_a_at,1.9016897669586017,ANP32B,False
11752111_a_at,1.9011185477996417,HIPK2,False
11757603_a_at,1.9007820367626436,NTNG1,False
11742450_a_at,1.8995872623626233,COL13A1,False
11743145_a_at,1.8992435272743369,GTF2H4,False
11751158_x_at,1.8990619407646092,SMTN,False
11728816_at,1.8986145452278207,AARS2,False
11742580_a_at,1.8981077084276377,PRB4,False
11725135_a_at,1.8978391731751854,VPS16,False
11725499_at,1.8970577673996893,GOLGA7B,False
11752122_a_at,1.8968340951210463,RALGDS,False
11726220_at,1.8966646233064772,SYPL2,False
11756800_a_at,1.8962774176266162,CELSR1,False
11746595_a_at,1.8961387616920165,PCM1,False
11748646_a_at,1.895646099888775,BRD1,False
11743978_x_at,1.8955062205306819,MYL12A,False
11742899_a_at,1.8950028954086697,CGGBP1,False
11743868_s_at,1.894295276958838,NGDN,False
11757780_x_at,1.8939619537023973,RPS4X,False
11722081_a_at,1.8939193256130493,RUFY3,False
11731910_at,1.8933272761736402,RIMBP2,False
11718872_a_at,1.8932895964496517,DHRS1,False
11735028_a_at,1.89322375992466,LRRC27,False
11761916_at,1.892316802719631,IAH1,False
11724678_a_at,1.892081595924993,LY86,False
11751160_a_at,1.8920269547073896,LPAR4,False
11743443_x_at,1.8905762216524145,RHOB,False
11719371_a_at,1.8904774948249707,GYS1,False
11731392_at,1.8900152251687004,IL20,False
11757950_s_at,1.8899593412291242,CHSY1,False
11748019_a_at,1.8898985607973307,ZNF346,False
11736895_s_at,1.8894802188875222,SOCS4,False
11728207_a_at,1.8888845035028905,XPC,False
11721182_a_at,1.8882272629265742,PLPPR4,False
11739486_at,1.8881413824942168,SUZ12,False
11717373_at,1.8877489727886243,DNAJC3,False
11743838_a_at,1.8876947034482,ATR,False
11717899_x_at,1.8876847573820672,MAGT1,False
11751566_a_at,1.887402134849855,FADS6,False
11753348_a_at,1.8857571003044018,SAMSN1,False
11721541_at,1.8857252710714394,GMEB1,False
11751755_a_at,1.8853334848980918,KIF22,False
11736748_a_at,1.885245916342997,SLC22A9,False
11720263_a_at,1.8850877591026136,MITF,False
11729268_a_at,1.885078226062183,STAC3,False
11761607_at,1.8850775881964095,ICK,False
11719127_s_at,1.884908635724895,CGRRF1,False
11736656_a_at,1.8845280729432483,GPR176,False
11730137_s_at,1.8832621395339728,NXF2,False
11751904_x_at,1.8831425447664993,COL11A1,False
11748514_a_at,1.883065558260055,SLC35B2,False
11746993_a_at,1.8826010419014836,PRSS8,False
11757759_s_at,1.8816033515327792,PEG10,False
11729622_at,1.8813198629402161,CLCN4,False
11757968_s_at,1.8803231612312168,TERF2IP,False
11742635_x_at,1.8797701247398069,GSTA5,False
11724073_a_at,1.8794254975491578,LOC102724991,False
11743016_at,1.8793830466732664,DIP2C,False
11759496_at,1.8792475569424432,CHST11,False
11722471_a_at,1.8789558229131176,PEG3,False
11721726_a_at,1.8784813940405556,IFT88,False
11718154_a_at,1.8774564168268117,HEPH,False
11741695_a_at,1.8773854136939658,GEMIN2,False
11743460_at,1.8765823216383362,GPM6B,False
11754288_a_at,1.8764400328300936,LMAN2L,False
11758294_s_at,1.876313278036289,ARMCX1,False
11726268_a_at,1.8754572752680063,KDM4C,False
11720065_at,1.8754381760403627,C12orf4,False
11716822_a_at,1.8752967171979813,BDH2,False
11722821_a_at,1.875037211760981,COCH,False
11730032_at,1.873584522444719,MKX,False
11747019_a_at,1.8735194378411533,HMHA1,False
11740939_x_at,1.8730421983613876,SUMO1,False
11724092_s_at,1.8729406312682189,SLC35E2,False
11757337_x_at,1.8721624140246975,ELOVL1,False
11741601_a_at,1.871465203078393,EDN3,False
11756203_x_at,1.8714397848227962,KIAA1143,False
11718303_a_at,1.8710680054923536,PAFAH1B3,False
11720265_a_at,1.8710338387062488,SLC8B1,False
11756538_s_at,1.8709656862537432,JMJD7,False
11739216_x_at,1.8708871503476674,RSAD2,False
11747129_a_at,1.8705777895497564,SLC6A1,False
11747392_x_at,1.8704188802614263,IMMT,False
11730458_at,1.8699606270874256,AIM2,False
11745839_a_at,1.8676681635815526,C9orf3,False
11722404_s_at,1.8664158046950796,MTHFS,False
11747287_a_at,1.8664031705025903,ZC3H18,False
11745279_a_at,1.8660272532379278,SYNJ1,False
11728356_at,1.8659751914691807,BBS10,False
11724236_a_at,1.865915373971512,RIPK2,False
11744227_at,1.865872296249535,MACROD1,False
11740440_at,1.8658343225338374,NLRP6,False
11721513_a_at,1.8657324964339077,NDEL1,False
11739432_at,1.8655373526669372,ATP11B,False
11725520_s_at,1.8655341397035696,ICA1,False
11747239_s_at,1.8653982837042005,LZTS2,False
11747375_a_at,1.8644839163056341,TMEM134,False
11719356_at,1.8643673177994802,FAM109B,False
11740893_a_at,1.8640766207196269,RASSF7,False
11753483_a_at,1.8639101841639836,PARN,False
11732898_at,1.8636425746777332,LIPI,False
11721317_at,1.86349228708162,PARM1,False
11747044_s_at,1.8627777417166373,WBSCR16,False
11744310_x_at,1.8619036814672514,DIS3L,False
11738614_at,1.8617819081097622,KRTAP10-2,False
11750356_a_at,1.8617175311490077,FAM163A,False
11750124_a_at,1.8615134427544473,NCAM2,False
11760555_at,1.8609412935681402,HADHA,False
11735588_at,1.86076825213704,FOXE1,False
11728800_s_at,1.8606876135146695,FBXL4,False
11717427_a_at,1.8605676836167186,GNB1,False
11742649_at,1.8598767804035468,CLDN25,False
11738110_at,1.8595718021685825,PIKFYVE,False
11718779_at,1.8591263866034025,S100A2,False
11755023_a_at,1.8586599478095087,RER1,False
11724723_a_at,1.8583052245906542,HSPA2,False
11758661_s_at,1.8579162290970626,CDKN2C,False
11726142_a_at,1.8578878378973294,FMN2,False
11730038_at,1.855601005960449,GNG13,False
11737005_a_at,1.8550183584999462,ZNF782,False
11738780_at,1.8549265225838578,EPGN,False
11723096_a_at,1.8543860197188669,CYLD,False
11756135_a_at,1.8543796588127779,NUBP2,False
11743805_s_at,1.853952144270692,MRPL42,False
11751131_a_at,1.853584232610646,RARB,False
11722284_at,1.8513507850612299,NAA35,False
11743350_a_at,1.8512849080936866,C15orf48,False
11763734_at,1.851194533911192,UTY,False
11740386_x_at,1.8508842486500698,SHROOM4,False
11760954_x_at,1.8508256201252378,EIF3G,False
11738041_x_at,1.8506416820527882,TNIP3,False
11722878_x_at,1.8504226117924119,TBC1D17,False
11716958_a_at,1.8503184000840212,AAAS,False
11730067_at,1.8502948515169757,GZMM,False
11759180_at,1.8502946069168091,GOLIM4,False
11755848_a_at,1.849885896051872,C17orf51,False
11719222_at,1.849687970319251,SPINK1,False
11720567_a_at,1.8494596181781784,PPFIA3,False
11744096_s_at,1.8493278501666177,DDX24,False
11738264_x_at,1.848736020641204,ZNF679,False
11738811_a_at,1.847968810772648,INPP4A,False
11752355_x_at,1.84785572646682,KIAA1217,False
11743417_a_at,1.846618325041374,P3H2,False
11754388_a_at,1.8462917261986158,QSOX2,False
11723385_s_at,1.8461013258209586,PCSK6,False
11745640_x_at,1.8461011990707308,PNPLA7,False
11742772_a_at,1.8456300538845989,LSM14A,False
11746240_a_at,1.8455654685584924,RWDD2A,False
11752578_a_at,1.845009293714825,SOX5,False
11762876_x_at,1.8449974654113679,CAPRIN2,False
11717248_s_at,1.8446387166140192,SARAF,False
11718347_a_at,1.8444913539137928,S100P,False
11756428_a_at,1.8443574651206078,SLC25A16,False
11732963_at,1.8439919309479227,IL3,False
11717549_x_at,1.8437940157839574,BTBD10,False
11736542_a_at,1.843777221079954,NRXN1,False
11732944_a_at,1.8437300318056256,EFCC1,False
11715114_x_at,1.8436352564612088,FAM86C1,False
11730070_at,1.8435198964818862,NWD2,False
11744070_s_at,1.843393216704206,LSG1,False
11742782_at,1.8433499256334447,SMARCC1,False
11760473_at,1.8432030929076109,TOR1AIP2,False
11730870_a_at,1.8431617662563422,MTMR12,False
11746040_at,1.8425896336410175,ZFHX2,False
11720385_a_at,1.842405077426169,MRC2,False
11742821_s_at,1.8421150456920308,OGN,False
11722275_s_at,1.8417925356154956,ZBED4,False
11761542_at,1.8412918271228031,USP41,False
11742719_s_at,1.841026696286925,SLTM,False
11717216_a_at,1.840397016798154,ATP9A,False
11715518_a_at,1.839992027246757,MLEC,False
11718301_at,1.8399908894464942,PLAC9,False
11743597_s_at,1.8393604532378347,ZNF140,False
11740851_a_at,1.8379614027173412,TCTN3,False
11756220_x_at,1.837152981302807,ROBO3,False
11723060_at,1.8368631700265727,RILPL2,False
11727238_at,1.8367943957375958,UST,False
11731179_s_at,1.836661679688617,ESPN,False
11721137_a_at,1.8364611483124504,LSM6,False
11739623_at,1.83632928201348,VSTM4,False
11731444_a_at,1.8360945023568267,ARHGEF12,False
11725252_at,1.8360391433863676,FAM120C,False
11724477_a_at,1.83589949777065,FOSL1,False
11718534_at,1.8355025953871384,NKTR,False
11734572_at,1.8354682541153087,HIST1H1E,False
11722867_at,1.8354509233612326,CDCP1,False
11755579_s_at,1.8352914026127174,LOC653786,False
11734493_at,1.8352415906184547,KCP,False
11727209_a_at,1.835095907546597,GLRX2,False
11742151_at,1.8332292675058315,OR2AG2,False
11732645_at,1.833120278004968,SYT6,False
11724202_s_at,1.8327886569015783,SNRPD1,False
11727060_a_at,1.8326456920593326,MRPS36,False
11764189_at,1.832237970790321,LOC105376363,False
11742660_x_at,1.8320774756233345,URAD,False
11760271_at,1.8319215980265888,BEND6,False
11717072_x_at,1.8318516506777551,KTN1,False
11736688_x_at,1.8316052283476405,FGF5,False
11739561_at,1.8313155565611001,GDAP1,False
11725247_at,1.8305308842409755,ZSCAN25,False
11756823_x_at,1.830224114968223,CENPL,False
11742264_x_at,1.8301486857590388,SHOX,False
11738120_x_at,1.8299734816819884,TAF1,False
11744415_s_at,1.8298872588067014,MFSD6,False
11725392_a_at,1.8298626573886458,MAK16,False
11741572_a_at,1.829788012876131,RGS4,False
11723621_at,1.829605933578173,C7orf60,False
11726627_at,1.8294875342972448,ZC3H10,False
11725637_a_at,1.8292650707082463,EIF3J,False
11744677_x_at,1.8291345835260384,TMUB1,False
11758297_s_at,1.8280881161100226,SHC1,False
11717008_a_at,1.8280464618358143,BNIP3L,False
11743385_a_at,1.827846934198943,PRPF40A,False
11723056_a_at,1.8277522327160003,MRPL33,False
11757233_at,1.827716933782153,TSIX,False
11717606_x_at,1.8275642914001742,RNPS1,False
11754704_a_at,1.8267308219947422,DNAJC11,False
11759370_x_at,1.826543291733077,CYP4A11,False
11737343_a_at,1.8264074762155529,C20orf166-AS1,False
11716048_at,1.8263995871158891,TRIB1,False
11757942_s_at,1.8258048483950222,UTRN,False
11757583_s_at,1.8251405796660964,TRIL,False
11724585_a_at,1.8250381779677876,SYT1,False
11738128_a_at,1.8241527102971045,SARDH,False
11728166_a_at,1.8239246394039972,CUTC,False
11725087_at,1.8238706790872041,LANCL2,False
11739905_at,1.823654349468299,ZNF583,False
11718529_a_at,1.8221795320678067,PCIF1,False
11734334_at,1.8221347605698306,LINC01559,False
11763193_at,1.8217397591921167,GDPD1,False
11718523_s_at,1.821594713427211,ANTXR1,False
11754892_x_at,1.8215367161521296,P3H4,False
11716496_s_at,1.821373676373052,CHMP4B,False
11743500_x_at,1.8212289576767213,PSMG4,False
11735457_at,1.8211462177897213,LENG9,False
11762691_at,1.820799722739283,EXOSC1,False
11736919_at,1.8206645783584208,ATAD5,False
11740112_a_at,1.8205886363613293,LACC1,False
11719600_a_at,1.8205663074328717,HOMER2,False
11744914_s_at,1.820457171746422,EID1,False
11746400_a_at,1.820080376404931,MYLK3,False
11736934_at,1.8199261955237036,POU2F3,False
11721108_at,1.8193890232283831,ZNF627,False
11743476_a_at,1.819161006204848,SLC25A13,False
11748654_a_at,1.819086809272899,PTPN22,False
11734005_s_at,1.8189794916129363,TMEM192,False
11746102_a_at,1.8188026142020972,WDR76,False
11739001_s_at,1.8184593506657498,PRKCZ,False
11757706_a_at,1.818044674580544,DCUN1D5,False
11723036_at,1.8179874650836916,TRMT12,False
11724898_a_at,1.8179379786982548,SNPH,False
11724226_at,1.8177040799883983,TMEM179B,False
11725760_at,1.817626974810994,BORCS8,False
11724654_a_at,1.816974954544244,ZBTB47,False
11732109_at,1.8169091114690306,FGF10,False
11732822_a_at,1.815067134566975,MAP2K4,False
11746452_a_at,1.8148894124730928,ZHX1,False
11753538_a_at,1.814343113755896,ZNF573,False
11754744_a_at,1.8140937956457517,WDR88,False
11727448_x_at,1.8139719684785083,ST6GALNAC5,False
11742731_at,1.813357913612443,SURF6,False
11720175_a_at,1.8119696259803655,NOL6,False
11727441_at,1.811384505178489,LOXL4,False
11754781_a_at,1.809953525224127,HDAC2,False
11719269_s_at,1.809570457502848,RBM22,False
11717421_a_at,1.8094077672535238,SLC35A2,False
11745276_a_at,1.809199060356984,SOAT1,False
11733959_x_at,1.8089787306716374,GTPBP3,False
11730729_a_at,1.8088955264020388,TAP1,False
11761623_at,1.8085774368223249,DDTL,False
11750683_a_at,1.8085455731629108,NEK4,False
11715348_x_at,1.808534270388138,HBB,False
11746242_a_at,1.8078078596216474,ARNTL2,False
11717094_x_at,1.8070336245570418,TCTA,False
11737475_at,1.8065429482666213,MAB21L3,False
11730940_a_at,1.8062419702167596,ZBTB8A,False
11753488_a_at,1.806141439627859,OTUB2,False
11732616_at,1.8052338669133934,FEV,False
11760870_at,1.8051586997823,PARPBP,False
11737267_a_at,1.8050804285284145,RHD,False
11746645_x_at,1.8049393891774235,AP2M1,False
11727889_a_at,1.804714070506895,HYAL3,False
11738793_at,1.8044227708510694,DEFB124,False
11744962_a_at,1.8040068542727434,ART5,False
11752450_a_at,1.8039562092057306,UNC13B,False
11728222_a_at,1.8038432356391934,TRAPPC3,False
11729048_a_at,1.8031330224024429,ANXA9,False
11738137_at,1.8030841754523694,MRGPRX2,False
11749711_a_at,1.8028212323777397,XPNPEP3,False
11726077_a_at,1.8025161478592124,ANAPC15,False
11720196_at,1.8016309229458505,CIPC,False
11752710_x_at,1.801417936267375,ZNF215,False
11728548_a_at,1.800248838551198,ZNF536,False
11715268_s_at,1.8000822271596433,GP1BB,False
11760021_at,1.799806527192024,CTNNA3,False
11729036_x_at,1.798611002192556,PRKY,False
11727837_at,1.7972313412655125,ORC6,False
11741603_a_at,1.7967649440736053,HIVEP3,False
11761398_x_at,1.796212569716494,TMEM138,False
11742340_at,1.7961205505147377,OR6T1,False
11735442_s_at,1.7960458808863664,ZNF781,False
11718751_at,1.7959471502012743,NPR2,False
11760199_a_at,1.795875799855201,ITIH4,False
11751316_x_at,1.7955997583237748,EPS8L1,False
11717394_at,1.7947199166415437,ARIH2,False
11735896_s_at,1.7946169907598173,DEFB106A,False
11723600_x_at,1.793659573491814,PHLPP2,False
11738048_a_at,1.793450302490438,ELOVL7,False
11729961_a_at,1.7934293818340998,ADCYAP1,False
200037_PM_s_at,1.7931607332322315,CBX3,False
11724554_s_at,1.7928584572488462,PCGF5,False
11750612_a_at,1.792791277684444,ZNF112,False
11754923_a_at,1.7918976257348385,HPS4,False
11734067_a_at,1.7916568078532398,IRAK4,False
11735959_at,1.7916510759529052,FIGLA,False
11719216_a_at,1.7911573174060986,TDRD7,False
11715767_s_at,1.791103950214742,ACAA2,False
11759689_at,1.7909465768598742,SIN3B,False
11721907_at,1.7907207676898456,SGPP1,False
11740266_at,1.790583622688691,JRKL,False
11727883_a_at,1.7901350893047567,AP3M2,False
11724022_a_at,1.7899382394903725,TRIM13,False
11760347_x_at,1.7898766221203186,HES1,False
11728475_at,1.789859410143225,CLHC1,False
11763402_at,1.7898195445171536,LINC01069,False
11746670_a_at,1.78980181957729,TMEM120A,False
11752887_x_at,1.789095185019977,EHD1,False
11748786_a_at,1.7889604784340352,TESPA1,False
11722692_x_at,1.788530368619179,LOC105369236,False
11755286_at,1.7876476150915537,FAM200A,False
11723844_s_at,1.7876273295460479,TMEM183A,False
11718581_s_at,1.7872661633248585,GPN2,False
11717464_at,1.7871856744373995,LXN,False
11759922_a_at,1.786984724344525,PARD3,False
11723719_at,1.7868531480136631,C12orf45,False
11763432_at,1.7854718026588625,LOC100506999,False
11744389_a_at,1.7849902827068003,ARFRP1,False
11743027_at,1.784792707456224,DPCR1,False
11733134_a_at,1.7847918806224128,MRPS33,False
11733340_x_at,1.7838497111924954,HDGFRP2,False
11718764_at,1.7836762724321518,COX5B,False
11732927_x_at,1.783609654322114,KLRC1,False
11764014_x_at,1.7832808145208412,GART,False
11758033_s_at,1.7825566158070285,APOB,False
11728347_at,1.7825063764767208,ABI3,False
11743081_at,1.7823956803985495,TAF3,False
11727987_a_at,1.7820840663461168,DNMT3B,False
11760734_x_at,1.7819855740498172,GULP1,False
11721366_at,1.7818598316108896,TRIM47,False
11724340_at,1.7817944755529087,PRIMA1,False
11741437_s_at,1.7814772705682107,SPRYD7,False
11747371_a_at,1.7812612079023729,ANKRD17,False
11716943_at,1.7810003225394497,EXOSC5,False
11746706_a_at,1.7805138629843553,EMC9,False
11757513_at,1.7796394994859375,NFKBIZ,False
11749966_a_at,1.779143964152076,CCDC78,False
11758362_s_at,1.77858896505551,EXTL2,False
11728219_a_at,1.7781021173147284,BCLAF1,False
11748734_s_at,1.7776397048092596,TBC1D25,False
11755037_s_at,1.777313670500173,KIAA0319L,False
11754278_x_at,1.7773084064729754,GAK,False
11763651_at,1.7772659600295033,GET4,False
11752706_x_at,1.7764424335388336,SEC14L4,False
11743450_a_at,1.776219665965106,ELOVL6,False
11725459_s_at,1.775870936439936,S100A7,False
11732910_x_at,1.7744786970556332,FAM183A,False
11764047_at,1.7744736605180107,CCIN,False
11745386_a_at,1.77445283706737,ZNF638,False
11715681_s_at,1.7742032599972721,CREG1,False
11716611_x_at,1.7740781133895231,AP2S1,False
11746520_a_at,1.774013670726818,EVI5L,False
11753736_s_at,1.7739389084507124,MT1JP,False
11742581_at,1.773642178093563,OR10Z1,False
11738569_at,1.7732584842384993,ERAS,False
11753391_a_at,1.773034411748595,CLEC4G,False
11722125_a_at,1.7727410663758543,CCDC174,False
11752348_a_at,1.7725053977099627,TBC1D30,False
11753308_s_at,1.7722065077859837,RAET1G,False
11748148_a_at,1.7719094162558509,COQ6,False
11725036_a_at,1.7716537543177273,SEC23IP,False
11731550_a_at,1.7706429546650777,PLSCR4,False
11718911_a_at,1.770635961973443,PDZD2,False
11721291_a_at,1.7704813227384357,F3,False
11757302_s_at,1.7700483600880197,GMPS,False
11721226_x_at,1.7696524171470567,MTSS1L,False
11731965_a_at,1.7693001218351825,PODNL1,False
11745940_a_at,1.7680260718772824,PSD3,False
11740611_x_at,1.7680076901931678,ZNF121,False
11743236_a_at,1.767775440923782,PRSS48,False
11741269_a_at,1.7676599789345278,CCDC77,False
11741963_x_at,1.7676075670380573,GLRA3,False
11732319_a_at,1.7673645735520476,GPR1,False
11763387_s_at,1.7668188774754165,CDK8,False
11741294_a_at,1.7664186680591392,DDI2,False
11751819_a_at,1.7652724338743897,PPP2R3A,False
11760811_x_at,1.7652570999927804,PSMC6,False
11745868_a_at,1.7647738082658635,KIF2C,False
11756899_a_at,1.7644483059001212,NUDT21,False
11734238_at,1.7642643576317671,GIP,False
11717873_x_at,1.7640461753299483,IRF8,False
11737273_at,1.7636410835190606,USP49,False
11721468_at,1.7633806311357187,EFHC1,False
11735957_x_at,1.7632080659394054,C14orf178,False
11751418_a_at,1.7631981414662803,PSD4,False
11754286_a_at,1.7629464768508836,BCL7B,False
11750065_a_at,1.762142993867533,IFT52,False
11719611_at,1.7616696031382602,ADO,False
11761655_at,1.761645680316444,NPCDR1,False
11731072_x_at,1.760645733230001,ZNF587,False
11757844_s_at,1.7603380631884813,GNG5,False
11755999_a_at,1.759865278178648,DEPDC4,False
11745780_x_at,1.7594632398125285,OXR1,False
11715946_a_at,1.759460821789334,RALB,False
11743653_x_at,1.7593893007593218,DEK,False
11715589_at,1.7587539579377856,DYNC1H1,False
11738686_at,1.7586298539375447,OR1L3,False
11736306_a_at,1.7583342845966614,GABRB1,False
11721781_a_at,1.7576346213288465,ITGAE,False
11728045_at,1.7575208676709855,EXOC3-AS1,False
11732032_a_at,1.7573086592082212,HMGA2,False
11737500_at,1.7569730211448402,SLC25A53,False
11718937_at,1.7566399091604894,WDYHV1,False
11730664_at,1.7559998505098087,PDCL2,False
11716975_a_at,1.7559855060862586,PDK4,False
11744456_s_at,1.7557982180233982,GSK3B,False
11717042_at,1.7551535801412763,GID8,False
11740183_a_at,1.7550347637944568,ZNF568,False
11743336_a_at,1.7549110166309452,UIMC1,False
11736257_at,1.7549001511488622,PRKCE,False
11718926_a_at,1.7548732462576533,ARID5B,False
11742857_at,1.7547010851548768,TXNDC17,False
11734650_at,1.7541111641087999,VHLL,False
11723207_at,1.7535459298849023,MBTPS2,False
11763492_a_at,1.753156821487291,NRN1,False
11737503_at,1.752868943393337,ITIH6,False
11757249_at,1.7528049967000763,INGX,False
11754291_s_at,1.7527808654611199,ARHGEF2,False
11758413_s_at,1.7519977625265053,ZC3H12B,False
11753778_x_at,1.7515478313335213,KCNMB2,False
11720162_at,1.7498879079326766,CXCL13,False
11729488_x_at,1.74933653751089,DCLRE1C,False
11715158_s_at,1.7491030801692553,KRTAP19-4,False
11722533_x_at,1.749042551453071,CALD1,False
11754765_s_at,1.7490119085824942,KPNA2,False
11742642_x_at,1.7484860184768325,ANKRD20A2,False
11735441_a_at,1.7480063580489895,ABCB5,False
11720978_at,1.7472977563198568,WARS2,False
11745478_at,1.7470692100222025,GRIK1-AS1,False
11720477_a_at,1.7470266138697355,PLG,False
11740365_at,1.7469339704947298,ZSWIM2,False
11762271_at,1.7468674528463712,KCNIP2,False
11729899_a_at,1.7467800007484329,C4BPB,False
11748135_s_at,1.7466132947671036,TYW1,False
11751430_a_at,1.7465534864112162,MRGPRF,False
11755476_a_at,1.746441029978295,NMNAT3,False
11726588_a_at,1.7455585677524081,NPTN,False
11740769_a_at,1.7450758987432404,FSCN2,False
11742436_at,1.7447510485349613,SLC6A15,False
11755794_a_at,1.7443511764131256,CAPN14,False
11716330_a_at,1.7438794557499337,DNAJB6,False
11745561_s_at,1.7435898316158962,ZFX,False
11750112_a_at,1.7434964891142197,RNF40,False
11727840_at,1.7433591026385713,HPD,False
11758043_s_at,1.743329812108678,IER2,False
11740657_a_at,1.7429407792926743,SLC22A5,False
11716468_s_at,1.7428605508575732,ISCA1,False
11731501_at,1.7427700244990503,UTP23,False
11756497_a_at,1.742705292002966,VWCE,False
11747977_a_at,1.741975366478551,ZNF180,False
11744985_a_at,1.7419507613200906,FNDC3A,False
11751187_a_at,1.7415636737636093,ZNF485,False
11756898_a_at,1.7411764787748656,PGM5,False
11756332_x_at,1.7411601615666423,MFSD10,False
11716778_s_at,1.7410845476449617,EIF1AX,False
11716381_x_at,1.7410501324314147,MPC2,False
11740627_at,1.7403902925688493,ANKRD30A,False
11725851_at,1.7402514862716962,ZNF319,False
11750254_a_at,1.7398259713657942,LINC00575,False
11719478_a_at,1.739478187800819,FKBP3,False
11725447_at,1.7390074313221089,PLD6,False
11761788_at,1.738819303885282,UBXN1,False
11716363_x_at,1.7386604695698145,FAF1,False
11755277_a_at,1.7386190835635518,PSD,False
11738946_at,1.738210730045027,MRAP,False
11718983_x_at,1.7377948744184701,CCL4,False
11745988_a_at,1.7376232422764477,ADPGK,False
11728564_at,1.7375431426764845,RTKN2,False
11747487_a_at,1.7373777743555632,PPP2R2B,False
11744257_s_at,1.7373267813994142,TUBB4A,False
11732492_at,1.7372772563620043,KIAA1549,False
11748716_a_at,1.7372200910905025,ERCC6L2,False
11724145_a_at,1.737086123721826,SLC37A1,False
11717390_a_at,1.7357056307600176,LSM2,False
11717159_a_at,1.7356761515632235,NDUFB3,False
11734914_a_at,1.7354822530148004,UBQLNL,False
11726874_a_at,1.7353743652132363,IFT140,False
11751767_a_at,1.7352958303433241,CKM,False
11735590_a_at,1.7344479130251247,PRR34,False
11743900_at,1.7337694530503727,CIITA,False
11759362_x_at,1.7337511355816524,PHKG1,False
11755404_a_at,1.7331268265015178,PHF20,False
11720096_a_at,1.7328148303900888,LIMD2,False
11735188_at,1.7310284749291798,TMEM74,False
11748462_a_at,1.7304709358002741,NSF,False
11721315_s_at,1.7302973374578565,FBXL5,False
11737476_at,1.7298900433232134,KRT32,False
11745898_a_at,1.7294558492885868,PIAS3,False
11742332_at,1.7292805649698462,OR14J1,False
11760007_at,1.7292723307226059,ROPN1,False
11737552_at,1.7292660405381057,B3GALT1,False
11745919_a_at,1.728621087247603,RANBP6,False
11715180_s_at,1.7281511490845307,CGB1,False
11743708_at,1.7280835387905338,SYCP2,False
11746809_a_at,1.7280704541839693,ZNF544,False
11752548_a_at,1.727392420361728,ALDH1A1,False
11742165_at,1.7270201654736559,SPANXN3,False
11738140_a_at,1.7264403446495489,BTBD8,False
11761520_x_at,1.7263539834667447,ZNF587B,False
11744300_at,1.7258106835959137,CHST15,False
11717775_s_at,1.7253855428366618,GYPC,False
11716317_at,1.7253531113861196,CYTH2,False
11721811_x_at,1.7252655696377273,SF3A2,False
11715547_at,1.7251973837270995,TMEM109,False
11716411_x_at,1.7248656757638017,RPS4Y1,False
11739917_a_at,1.7247975172090533,CSNK1D,False
11716176_s_at,1.7247416066276087,METAP2,False
11745579_at,1.7232778673207028,TTTY14,False
11737714_s_at,1.7230959528082925,CDY1,False
11723308_s_at,1.72243464256372,SCAF8,False
11759074_at,1.722204549933573,BRSK2,False
11755200_a_at,1.721930744669177,DCBLD2,False
11747863_a_at,1.7216610931014749,MED15,False
11722231_at,1.721304432286016,PDP1,False
11762010_a_at,1.7212606804435653,GRAMD1B,False
11719046_a_at,1.7212406976668804,SNRK,False
11739780_s_at,1.7210843028577665,ARL17A,False
11758076_s_at,1.7204711025884976,ADCY9,False
11726492_a_at,1.719709426153741,ABCG1,False
11752516_a_at,1.7193887936789953,ANKHD1,False
11740420_s_at,1.7192119112530129,SPAG1,False
11756978_a_at,1.7191289035759245,KCNN2,False
11728445_a_at,1.7189855788618407,TGFBRAP1,False
11719058_a_at,1.7189123637613344,FAM53C,False
11748149_a_at,1.718848121942512,FNBP1,False
11734710_a_at,1.7186286456630269,HAP1,False
11752458_a_at,1.7186279787318974,PKM,False
11717511_a_at,1.7185469008493293,UTP4,False
11760622_at,1.717869236068229,C8orf34,False
11715411_a_at,1.7176399357702485,EPAS1,False
11727760_s_at,1.7175658222070889,CTXN3,False
11729905_a_at,1.7171318940614275,LRCH2,False
11753737_a_at,1.7168509161296681,DIO1,False
11752783_a_at,1.7167827891123009,FLRT2,False
11722245_a_at,1.7163330641847323,PTDSS2,False
11760633_at,1.7162636087884908,RNF32,False
11731164_a_at,1.7162633153293838,ZNF789,False
11735876_x_at,1.7156792128313434,PCDHGA4,False
11717353_at,1.7155397832888553,EAPP,False
11756471_a_at,1.7146375459483705,MFSD2A,False
11728893_at,1.7144481394638484,TPPP,False
11752762_s_at,1.7143140861982988,LOC100288966,False
11721553_a_at,1.7141649107667292,GABBR1,False
11718260_at,1.7138503838796415,NOTCH1,False
11722515_at,1.7138064113975906,PARS2,False
11732848_a_at,1.7128079045626603,PRELID2,False
11726114_at,1.712800284529523,FAM46B,False
11733592_x_at,1.7121260922109662,LCA5,False
11717574_s_at,1.711189867800417,PFN1,False
11738008_s_at,1.710871015766708,APP,False
11727293_x_at,1.7106015765086064,ALG10B,False
11738561_at,1.7103439064408905,OR2D3,False
11760605_at,1.7098786675001725,TRBV7-1,False
11751994_s_at,1.7097916631108339,JAG1,False
11745133_a_at,1.7096689702380379,FYCO1,False
11748745_a_at,1.7087011750551804,SF1,False
11753594_x_at,1.7086864797146182,LETMD1,False
11764187_at,1.7085303469501203,LOC105377918,False
11720843_at,1.708468068347355,N4BP1,False
11729257_at,1.7081792426016105,IPPK,False
11740004_at,1.7073937365043788,SPATA5,False
11729441_at,1.706760604771847,KDM4D,False
11727989_at,1.7060047289144997,FAXC,False
11756834_a_at,1.7059911805170784,PRKAG3,False
11750627_a_at,1.7055794757586147,HSPA4L,False
11721938_at,1.7046498176935978,RNF169,False
11725512_a_at,1.7045705587142768,SLC38A4,False
11716547_s_at,1.7044040668690033,TLR9,False
11724870_a_at,1.7043115071760733,IPO8,False
11750794_x_at,1.7035376207001196,TINAGL1,False
11759776_at,1.7031224966376484,GTDC1,False
11736868_a_at,1.702539538758467,MMP16,False
11716725_a_at,1.701420809989457,ADCY6,False
11745783_a_at,1.7005637846378412,TGM3,False
11760837_at,1.7003562861732795,RAET1E,False
11757724_x_at,1.6998529356990844,BSCL2,False
11738577_at,1.6996937123393694,OR2B11,False
11734158_a_at,1.6995638891669234,HACE1,False
11749575_at,1.6994417272699742,LOC100287329,False
11755712_x_at,1.699407736733917,PLPPR3,False
11725583_at,1.69876576579364,FBXO10,False
11745565_a_at,1.698718035716829,MYH7B,False
11747521_s_at,1.698374030140887,PMS2,False
11719903_at,1.6979399172288914,ANKRD40,False
11718198_at,1.6978957289532446,LHFP,False
11748543_a_at,1.6974223223067149,TXNIP,False
11752442_a_at,1.6971279615692996,MIR17HG,False
11717233_a_at,1.6964610843835748,MKLN1,False
11729029_at,1.6961006067065312,C17orf64,False
11729470_at,1.696078866499644,FAM181B,False
11743620_x_at,1.6954420508047077,WHAMM,False
11734445_at,1.695222161842157,AARD,False
11719731_at,1.6951863410983745,TIGAR,False
11721548_a_at,1.6951644348278712,CMYA5,False
11715796_s_at,1.6944863184251235,LUM,False
11758703_s_at,1.6938341616588442,MAFA,False
11751886_s_at,1.693568718538977,ERBB2IP,False
11753211_x_at,1.6930286128965322,DHRS4,False
11755586_x_at,1.6928659326356024,MAN2C1,False
11727453_a_at,1.6924587513167024,COPRS,False
11737948_a_at,1.6918495533722786,C5,False
11723539_a_at,1.6915196162301747,KNOP1,False
11738746_s_at,1.691343927644585,OR2T29,False
11732647_a_at,1.6913100505897203,PCDH8,False
11729724_at,1.6911550572100027,ZBTB6,False
11732589_a_at,1.6902907751542313,ZNF467,False
11739762_a_at,1.6902697943281075,CLDN10,False
11718134_a_at,1.6900292909169417,PRPS2,False
11756316_a_at,1.6899741070451744,CHI3L1,False
11752805_s_at,1.689546149457429,SERPINB3,False
11725588_a_at,1.6891214669731582,CBLC,False
11751023_a_at,1.6886623751613492,ALG6,False
11745901_a_at,1.6886566672437138,CDK20,False
11754653_a_at,1.688101185055527,BACE1,False
11734479_at,1.6879665143567957,PLXNA4,False
11731555_at,1.6878231214988961,SYNPO2,False
11742489_at,1.6871644243542474,ASB18,False
11720327_a_at,1.6869512437054186,POLR2C,False
11750898_a_at,1.6866272196011407,HOXB3,False
11756150_at,1.6864462201826784,B2M,False
11739449_s_at,1.6863286964538469,ROCK1,False
11742569_s_at,1.6862385619226132,OR5M1,False
11758647_s_at,1.686082498743752,C2CD5,False
11721350_s_at,1.6857705444633218,ANAPC11,False
11728280_a_at,1.6855546442331402,HSPBAP1,False
11760295_at,1.6854929752451477,EBNA1BP2,False
11758605_s_at,1.6852880406967814,KCNC2,False
11743521_s_at,1.6849296472265758,KHSRP,False
11726291_a_at,1.684712428738523,LRRC17,False
11735921_a_at,1.684427464453857,C5orf38,False
11758106_at,1.6839989432005014,NRM,False
11758706_s_at,1.6839608663717833,SGK494,False
11760907_a_at,1.6837574171160579,PPA2,False
11756590_a_at,1.6836288563535156,KMO,False
11755541_x_at,1.6833618125467984,NUP58,False
11722871_a_at,1.6831654831319904,DYNC2H1,False
11755574_a_at,1.6829988661135808,GALK1,False
11751152_x_at,1.6823728014280772,ARFGAP1,False
11726210_at,1.6823461207185786,KLF15,False
11741652_a_at,1.6820300812027131,PAX8,False
11739702_x_at,1.6818697801114255,ISG20L2,False
11733099_a_at,1.6816334149586785,ITGB4,False
11731519_at,1.6809929947800997,MFAP3,False
11719474_a_at,1.6806689747160273,IMP4,False
11754608_x_at,1.6803420573405903,HSP90B1,False
11722026_a_at,1.679735555348834,TBL3,False
11717012_s_at,1.6792603783291964,VAMP8,False
11729585_x_at,1.6785574037678794,SLC25A6,False
11724626_a_at,1.6784128417672186,IFT74,False
11737440_a_at,1.6784084635645953,BMF,False
11763821_at,1.6780698324578196,CHST1,False
11728380_x_at,1.677499925577309,NACA2,False
11737090_a_at,1.6761735809891034,NOS1AP,False
11737043_x_at,1.6759356537914287,PHLDB2,False
11762686_a_at,1.675767060310077,LOC100286925,False
11735143_at,1.675333097220512,SLC15A1,False
11739269_s_at,1.6746217770975227,LOC102723432,False
11758939_at,1.6745353634367914,MOB1A,False
11743585_a_at,1.6744428361904196,DENR,False
11743740_x_at,1.6740824413834834,LIN7C,False
11744265_a_at,1.6736769408413734,LAMB2,False
11742339_at,1.673589492986461,OR13F1,False
11749550_a_at,1.673175766642459,SCPEP1,False
11728675_a_at,1.6727856702890902,MED14,False
11747872_a_at,1.671867546336993,DSG1,False
11726011_s_at,1.6718586450468071,KIAA1683,False
11760371_at,1.6717847461824498,LOC100507516,False
11740310_a_at,1.6714069622973684,ZNF460,False
11752137_a_at,1.6708523286635155,ADAMTS6,False
11725514_a_at,1.670846482532641,SMAD7,False
11756343_a_at,1.6704991565451954,DPEP1,False
11739035_x_at,1.6698511770934457,ACTR2,False
11755517_s_at,1.6697495695286448,ATRX,False
11722838_a_at,1.6696707393840835,GABRP,False
11729464_at,1.668858950992007,H1FNT,False
11741889_at,1.668406793430181,DUXA,False
11719549_a_at,1.6683068181225977,RHOBTB1,False
11740468_x_at,1.6682758275798024,MAGIX,False
11736484_a_at,1.6679575595759792,AGFG1,False
11724474_s_at,1.667424930007391,TXNDC15,False
11750078_a_at,1.6671415477540863,GYG1,False
11732188_at,1.666931226184935,PI4K2A,False
11738083_s_at,1.6669279557889298,POC1B,False
11730504_at,1.6669048715064614,ADAMTS2,False
11731246_s_at,1.6668402145920762,SERTAD4,False
11759560_s_at,1.6666660748948385,SLC25A37,False
11755763_a_at,1.6666444203992432,NUP188,False
11751389_s_at,1.6660499048893793,FEN1,False
11733171_a_at,1.6660493590816812,FBXO45,False
11741777_x_at,1.6659333144338022,PAOX,False
11744604_at,1.665907749944031,ERVMER34-1,False
11756452_a_at,1.6658236809056832,SIGLEC17P,False
11738216_a_at,1.665701690706768,RELL1,False
11745656_a_at,1.6653559655265033,PAX5,False
11752185_a_at,1.6653157828549365,MSH5,False
11722456_at,1.6653118459938003,C3orf58,False
11737591_a_at,1.6651994036848519,MYSM1,False
11723835_at,1.6650536777463203,C2orf42,False
11735399_at,1.6640561062878751,VPS13A,False
11733335_a_at,1.663813616411979,HDX,False
11731797_a_at,1.663045900615604,RGS13,False
11729326_at,1.6630140741115176,ZFHX4,False
11721208_at,1.662866965216834,IFFO2,False
11748579_a_at,1.6627038781636374,COMMD1,False
11758518_s_at,1.662628738623001,CDKL2,False
11758385_s_at,1.6622107849743224,HEY2,False
11740051_at,1.6620837307212681,DUSP27,False
11725406_a_at,1.6608421745220323,HERC3,False
11735841_s_at,1.660388152556041,KRTAP3-2,False
11738064_at,1.660339798711363,MGAT5,False
11754551_x_at,1.6600853773166238,ENO1,False
11719083_x_at,1.6600613968545261,TRUB2,False
11749171_a_at,1.6597687834819677,UPB1,False
11741412_at,1.659192393038893,LHX9,False
11759768_s_at,1.6588850896611451,FSBP,False
11749043_a_at,1.6588606742358127,SLC22A7,False
11746513_a_at,1.658424256475957,RPRD2,False
11732537_x_at,1.6581454385266778,MSS51,False
11750146_a_at,1.6581426217071984,TKTL1,False
11724044_a_at,1.6578810370476742,USP2,False
11737507_a_at,1.657763310611369,GPBAR1,False
11729333_at,1.6576798834520385,PADI1,False
11752575_a_at,1.6576637180839482,SYNC,False
11719524_a_at,1.6572999406997733,GATSL3,False
11726235_a_at,1.657239103470195,ACY3,False
11720484_a_at,1.6563262394215388,MRPL9,False
11733027_at,1.6563171410411386,CLCA2,False
11758103_s_at,1.6561699349682166,TMED3,False
11762854_a_at,1.6561237423652613,EIF4A1,False
11760425_a_at,1.6560343223933998,IL6,True
11729285_a_at,1.6558246401588734,NFU1,False
11727201_at,1.655780147616628,ZNF230,False
11742678_s_at,1.6553947887082712,PTBP1,False
11738467_s_at,1.6552757661796773,EYS,False
11732868_at,1.6548476042520632,FARP1,False
11734311_s_at,1.6547764557423512,CNN1,False
11753407_s_at,1.6547038508297833,FUT6,False
11720918_a_at,1.6545679693525512,EIF1,False
11727403_at,1.6544005333013116,GPC4,False
11737008_a_at,1.6543391303767485,KIAA1429,False
11730464_a_at,1.6542886903386018,SYN3,False
11729990_x_at,1.6537315492663787,CACNA1A,False
11760932_s_at,1.6532778947408688,TEFM,False
11719813_s_at,1.6531158066459064,SLC48A1,False
11741347_a_at,1.6527159809346228,PTCH2,False
11746550_a_at,1.6526664221211835,C17orf99,False
11725450_a_at,1.6518169894297128,TMEM45B,False
11729683_a_at,1.6514443321296077,TMEM231,False
11738275_a_at,1.6504396176691405,SPATA21,False
11745502_s_at,1.6504312285485867,GALNT9,False
11722681_at,1.6501572178232327,RBP7,False
11715876_at,1.649996304034096,P2RX5-TAX1BP3,False
11761556_at,1.6499698863966712,ACADL,False
11751616_a_at,1.649906577898114,LACTB2,False
11726444_a_at,1.6498239648661233,SAMD13,False
11723919_x_at,1.6496968547395237,LMAN2,False
11726004_a_at,1.6487420204999041,LAYN,False
11758883_at,1.6485314759899983,SP3,False
11735324_s_at,1.648433981658534,FAM72A,False
11744457_x_at,1.6483124979891206,MDK,False
11754904_a_at,1.6477788816010241,ZFAND4,False
11725977_at,1.6472768301478475,NCBP1,False
11763712_a_at,1.6466094290965525,PPP1R1C,False
11761203_a_at,1.6464908179406144,LRRC28,False
11720778_a_at,1.6456254667011734,KLHL22,False
11739894_at,1.6454316193974914,CNTD1,False
11725876_at,1.6453381847339157,GPIHBP1,False
11734104_a_at,1.6452938597146698,PNMAL2,False
11754485_x_at,1.644827076055161,SERHL,False
11761121_a_at,1.6448100664011334,PIGL,False
11763838_x_at,1.6446163562609422,SYCP1,False
11744411_s_at,1.6433898821915245,RSL24D1,False
11747923_s_at,1.6432288689647128,LAMC2,False
11761586_a_at,1.6430566322481004,RHBG,False
11715477_at,1.643030679732029,TFRC,False
11727527_x_at,1.6414300162847324,TNNT2,False
11761227_at,1.6412752840264138,ADSL,False
11718254_a_at,1.6410949434262683,PPP1R10,False
11735961_at,1.6406143904333197,BHLHA15,False
11743490_a_at,1.6402302091207537,RSRC2,False
11754962_a_at,1.6396326584454084,KAZN,False
11749570_at,1.6392930788982745,LINC01126,False
11729885_at,1.6386600054869604,C18orf54,False
11754692_a_at,1.6373901951911005,AFG3L2,False
11747413_a_at,1.6373683114829725,KANSL1,False
11749037_a_at,1.6372991060782802,CHRNA4,False
11735850_at,1.6370827728876314,MRGPRX4,False
11733426_at,1.6368738783374972,HIST1H3I,False
11733032_at,1.6367452933826665,RBM18,False
11720562_a_at,1.6358055034604486,PLXNA2,False
11727536_x_at,1.6356339780130862,CCNF,False
11738805_a_at,1.6354747861707453,NR1I2,False
11763506_a_at,1.6353467754884325,N4BP3,False
11741129_s_at,1.6348808264981853,CAPN2,False
11728359_at,1.633927640125734,TSPYL6,False
11751548_a_at,1.633910292733815,C10orf10,False
11758764_at,1.6337792908273172,SNRPF,False
11761856_x_at,1.6337311657099873,GTF2IP20,False
11754940_s_at,1.6336213902724188,TSN,False
11738287_at,1.6328580577064518,CLEC6A,False
11727597_at,1.632781915601572,PADI2,False
11721314_at,1.6324904798823732,ESYT2,False
11734448_a_at,1.632443326293832,PDCD1,True
11724374_at,1.632187405342347,BATF,False
11756373_a_at,1.6321270232766352,UMPS,False
11720250_a_at,1.6320078069516715,RWDD1,False
11725618_a_at,1.6317531938992316,GAD1,False
11741752_at,1.631559105340847,NLRP14,False
11719807_x_at,1.6308644121882283,BLOC1S6,False
11758773_at,1.630751886290685,HACD2,False
11715204_x_at,1.6307470539557571,HIST2H2AC,False
11735140_at,1.6306944705998392,TNFSF9,False
11744571_a_at,1.630430115715089,PDSS2,False
11763459_x_at,1.6298863465399698,CIDECP,False
11729652_a_at,1.6293960901125315,CYP11A1,False
11753001_a_at,1.6291091383447445,PPARG,False
11743175_at,1.6286158698275894,TSHZ3,False
11757113_a_at,1.6286045647840939,SNHG1,False
11762504_a_at,1.6283312272940513,ZRANB3,False
11720785_a_at,1.6278697363142356,CLASRP,False
11716895_s_at,1.6278359938213278,ISG15,False
11760526_at,1.6274758052845346,LIG3,False
11735358_at,1.6272316936728914,VAX2,False
11724138_at,1.6269958087034684,PRSS21,False
11750176_x_at,1.626411430332443,SVILP1,False
11746143_x_at,1.6263977722276932,ZNF611,False
200002_PM_at,1.6262176077509414,RPL35,False
11755956_x_at,1.6258659902194041,POLE3,False
11764071_s_at,1.625526961245272,GCFC2,False
11743510_at,1.625457337286841,UFL1,False
11719295_a_at,1.6252198204466979,AP3B1,False
11737763_a_at,1.6251842617141241,TIAM2,False
11742421_s_at,1.6251173813976758,GRM5,False
11722164_s_at,1.625022246201546,RGS5,False
11735766_at,1.6247037468893288,C16orf54,False
11743060_s_at,1.6241943076560925,COMMD10,False
11719239_at,1.6238702211776261,PANX1,False
11729548_x_at,1.6231256624493673,AMH,False
11727571_a_at,1.6230986724378829,MARK1,False
11730204_x_at,1.623042151950182,EEF1D,False
11729592_at,1.6228582828322295,LLGL1,False
11725019_a_at,1.6226610818740024,MST1R,False
11755021_s_at,1.622645756364176,MAP3K14-AS1,False
11718856_a_at,1.6225065054742975,NUDCD3,False
11750402_a_at,1.621683249496715,ZNF606,False
11716446_at,1.6212992904775527,PRAF2,False
11725417_a_at,1.6211453028660228,LPCAT2,False
11729001_a_at,1.6207851161398863,TBX15,False
11739551_a_at,1.6205760144197865,ASB6,False
11720822_a_at,1.6202585955892117,ASL,False
11755718_s_at,1.620238736024345,HDAC1,False
11721477_a_at,1.6201508470082104,TTI1,False
11717547_a_at,1.6197511466841596,INTS12,False
11719496_a_at,1.6196920411719922,HMGB4,False
200039_PM_s_at,1.6196879925245338,PSMB2,False
11742610_at,1.6194492232332922,OR6C3,False
11750003_s_at,1.6193340526922155,BRCC3,False
11734905_a_at,1.61877183589345,NOVA1,False
11731440_a_at,1.6187282746763991,IFT57,False
11729665_a_at,1.6186809703555396,STK38L,False
11762941_at,1.618329694975803,QIQN5815,False
11751030_x_at,1.6179820072277997,ZNF155,False
11755365_a_at,1.6176718394509226,ERC1,False
11742763_a_at,1.6176423058877563,FAM214A,False
11719818_at,1.617636621475428,PIP,False
11752056_a_at,1.617504008270199,APOBR,False
11750604_a_at,1.617188159732328,GTF2IRD1,False
11762601_x_at,1.6169341486837325,SEC31B,False
11730796_x_at,1.6165491497807722,PSPH,False
11726211_at,1.6164544895002992,DKKL1,False
11717056_a_at,1.6154362688371033,CORO1C,False
11715251_at,1.6152000170119625,CHST7,False
11729214_a_at,1.6151437091577052,SLC26A3,False
11737929_a_at,1.6150083986291466,FSHB,False
11751808_a_at,1.6146903415762182,P3H3,False
11727620_a_at,1.6141587198455363,LIPH,False
11747522_a_at,1.6139442528166068,ZSCAN26,False
11737189_at,1.6136861868916843,RECQL5,False
11739784_a_at,1.6135286538726852,CACNA1G,False
11720304_s_at,1.613506438367537,RTN3,False
11758287_s_at,1.6131952206398112,TMEM236,False
11717909_at,1.6130084001163867,IGFBP6,False
11759217_at,1.6129028511458359,LOC101929777,False
11734143_at,1.6123273235326343,METTL8,False
11733224_at,1.6121258357853034,ZNF71,False
11756717_a_at,1.6121212554770055,UBE2K,False
11737737_at,1.612113428659775,GLYATL3,False
11735137_a_at,1.6119745964342687,WIPI2,False
11727543_at,1.611810691989999,OIP5,False
11721518_at,1.6117972921881196,SUDS3,False
11756997_x_at,1.6116716041654136,LENG8,False
11752694_x_at,1.6111643255572496,PRR11,False
11749604_s_at,1.610574475348406,CYP4F2,False
11741841_a_at,1.6104884297932485,C10orf71,False
11731826_at,1.6103641729263845,ZNF425,False
11742949_a_at,1.6099454170463576,CNOT8,False
11751983_a_at,1.609401492644576,EGFR,False
11755451_x_at,1.6093819787479995,PQLC2,False
11719379_a_at,1.6092890011360672,RAP1GDS1,False
11751144_a_at,1.6087234772941355,ERCC8,False
11734783_at,1.6086844723006695,CLIC2,False
11725330_a_at,1.6080723625918538,USP9X,False
11757195_at,1.6079051964780824,TMEM51-AS1,False
11716445_s_at,1.6078515310029513,COMMD4,False
11751255_a_at,1.6076563965128372,GUSBP11,False
11739872_a_at,1.6076509088808826,NME6,False
11735225_x_at,1.6076352570426706,GAMT,False
11755766_x_at,1.6074883900061616,SNX30,False
11719242_s_at,1.6074044990051248,CAMK2N1,False
11737611_a_at,1.6071208749238544,ZDHHC21,False
11731933_a_at,1.6068539140564666,GABRA2,False
11721262_at,1.6067971067853393,MRPL50,False
11724843_s_at,1.6064882200227502,CISH,False
11758202_s_at,1.6063709507431194,ATPIF1,False
11743784_a_at,1.6062444315909346,KIAA1462,False
11732546_at,1.6060074223219802,DEFA4,False
11719956_x_at,1.6055932892235647,POLR3H,False
11750575_a_at,1.6055032740710462,ZFPM2,False
11755129_a_at,1.605463110875427,PCSK4,False
11721988_at,1.6054227442887532,CCDC191,False
11717337_a_at,1.6054109167011712,ITGB2,False
11732470_a_at,1.605337487004934,C12orf50,False
11723251_at,1.6050638365051395,RPS15A,False
11727848_a_at,1.6049640295422354,GNA12,False
11717350_at,1.604564094392135,NCAPH2,False
11754377_a_at,1.6045295645687978,ASB13,False
11746594_a_at,1.6044968812487652,MCM2,False
11745130_x_at,1.604485936003049,HMGB3,False
11754501_s_at,1.6042247664287426,SMIM6,False
11753454_a_at,1.6035512874327162,PRKG1,False
11727308_a_at,1.60307437990792,GRAMD2,False
11744099_a_at,1.6028338575390386,HSD17B2,False
11746539_x_at,1.602721240184847,SPATA31C2,False
11750861_x_at,1.602096944083526,CMAHP,False
11722706_at,1.6019621645258708,MAP6,False
11758600_s_at,1.601048410828407,SRSF1,False
11745046_a_at,1.6008098296313809,TMEM52B,False
11729485_a_at,1.6003495921443398,RGS6,False
11754429_a_at,1.6001950921101975,LAMA2,False
11744573_a_at,1.600097135371491,INO80,False
11752741_a_at,1.599513615859086,SLC29A3,False
11727807_at,1.5987683133481843,FECH,False
11733601_at,1.598279646579311,NPAS4,False
11757905_x_at,1.5970417333425029,KRT18,False
11720384_at,1.5968449471796553,STX6,False
11740755_a_at,1.5966722651039116,LYNX1,False
11746292_a_at,1.5960143070821942,CPOX,False
11718545_a_at,1.594164925888127,SGSM2,False
11735334_a_at,1.5940716685883005,HRH3,False
11727270_a_at,1.5939339390774592,TRIM55,False
11728782_at,1.5937480511301485,CD1C,False
11748028_a_at,1.5935279275986862,MBD3,False
11731295_at,1.5931565526006088,SPATA6L,False
11740945_at,1.5931313563465197,TAS1R3,False
11744241_at,1.592935705471893,HOXC9,False
11744021_at,1.5926501020895556,CHD6,False
11730987_at,1.592551526954928,SBSPON,False
11745030_at,1.59173237180872,LINC00597,False
11749164_a_at,1.5914400880530706,TMEM206,False
11729222_a_at,1.5911422316160353,GATA3,False
11754937_a_at,1.5910227203815,GMNN,False
11762245_a_at,1.5908444523219933,RMND1,False
11718932_a_at,1.5907703314849955,FKBP1A-SDCBP2,False
11719974_a_at,1.5907598105418446,AKAP17A,False
11719547_at,1.5906749339015578,GOLGA1,False
11726494_a_at,1.5903413124173378,SENP8,False
11736443_x_at,1.5901837862607873,SPINK7,False
11739736_s_at,1.5898603788810797,GNAT1,False
11728059_s_at,1.58956712798278,SERTAD3,False
11749486_a_at,1.5892983175358177,DIP2B,False
11757136_x_at,1.5890952881557991,SNORA2C,False
11751117_x_at,1.5890040280208293,ACTN1,False
11762373_a_at,1.5878177247471974,TMC3,False
11762185_at,1.5874869724313627,FOXRED1,False
11744084_s_at,1.587345139957002,ANKIB1,False
11734439_a_at,1.5872886536957775,BSDC1,False
11732896_a_at,1.5868013703303174,HSD11B1L,False
11729081_at,1.5867232456904066,FAM155B,False
11727291_at,1.586244210154083,CDK3,False
11745945_x_at,1.5860234396985557,CHPF,False
11755016_a_at,1.5858351191971856,LOC101928160,False
11747061_a_at,1.585712482070008,COG2,False
11715753_a_at,1.5856927640802576,TSPAN7,False
11721746_x_at,1.5854681062087455,ANKRD12,False
11738731_at,1.585335850001326,OR10J5,False
11726732_at,1.5852544954504142,AGGF1,False
11753421_a_at,1.5851676790183096,CITED2,False
11747956_a_at,1.5850786626481295,FAM117A,False
11724520_a_at,1.5849398121132534,ZNF526,False
11722482_x_at,1.5847033835575286,MFF,False
11759319_at,1.5846891687115203,VCPIP1,False
11750442_s_at,1.584562509813157,LMNB1,False
11747971_s_at,1.5845464543041945,RBSN,False
11721072_a_at,1.5841652430060298,SF3A1,False
11758631_s_at,1.5840298246646651,FOXO4,False
11759297_at,1.5839678886848072,FAM114A1,False
11723444_a_at,1.5839416506532915,CRTAC1,False
11734934_a_at,1.5835889884288814,FGD2,False
11725022_a_at,1.5835123136280524,VILL,False
11755324_a_at,1.5831347169402996,NRXN3,False
11755374_a_at,1.58290339778944,HERC5,False
11732069_at,1.5821110079150429,GPR88,False
11717650_at,1.5820276169355385,SMG9,False
11761222_x_at,1.5820240885822254,GORASP1,False
11733372_a_at,1.581638986039142,JAK2,False
11752248_a_at,1.5814323971240436,MET,False
11736005_x_at,1.5810781416993411,PRH2,False
11726148_a_at,1.5808772680200718,PPIP5K2,False
11738260_at,1.5808712949087291,SETBP1,False
11759245_at,1.5803833907457456,GALNTL6,False
11759363_at,1.5803592999212484,ZNF391,False
11716996_a_at,1.5801121044261561,TSPAN4,False
11748676_a_at,1.5787661707611305,MAPK13,False
11747867_s_at,1.5787437819509595,TFEB,False
11743946_at,1.5784942486263023,CCDC15,False
11751004_x_at,1.5775254046322147,SH3BP4,False
11759317_at,1.5773298436304208,EXOC6B,False
11724760_a_at,1.5771328682754826,CALM1,False
11723987_a_at,1.577090849523773,NR2F2,False
11743670_s_at,1.57699513178782,ZNF292,False
11747055_a_at,1.5769365493705385,GFRA1,False
11741737_at,1.576767135251433,SLC5A4,False
11726308_x_at,1.5767523225948896,FAM204A,False
11726902_a_at,1.5766074620360615,PRDM15,False
11750689_a_at,1.5765382146715499,ADAM11,False
11751298_a_at,1.5764891187333565,TBL2,False
11740682_at,1.5764712740886666,MC5R,False
11733445_at,1.5764254231879544,MMS22L,False
11745486_x_at,1.5762797304932052,CENPT,False
11717400_a_at,1.5761159304798682,FAH,False
11739781_a_at,1.5759955871724423,TGM2,False
11742740_at,1.5757015065933775,GEMIN5,False
11738323_at,1.5755567384883888,OR5AP2,False
11741271_a_at,1.5753381692466162,GOPC,False
11733452_a_at,1.5750069882295594,IRX5,False
11721231_a_at,1.5748814030899088,VCPKMT,False
11743704_x_at,1.5746647876014275,ABHD11,False
11727127_at,1.5745988870048242,TYRP1,False
11734920_s_at,1.5744854592707527,PCYOX1L,False
11726886_at,1.5740118236589185,SLC45A1,False
11742815_x_at,1.5739994814080747,SEMA6A,False
11750772_a_at,1.5738514496780158,PDGFRA,False
11716807_a_at,1.572751319233574,CSNK2A2,False
11733724_x_at,1.5727488489458548,HMP19,False
11755888_a_at,1.5721707354190388,RGN,False
11733712_a_at,1.572056591790984,LMX1A,False
11761312_x_at,1.5719707836683057,EDC4,False
11725385_at,1.5714546707514505,UGCG,False
11747753_a_at,1.571166809380735,CPSF4,False
11741753_a_at,1.5711347003716687,SLC4A5,False
11757824_s_at,1.5708468398198836,RGL1,False
11733048_a_at,1.5707436785138948,ABI1,False
11754742_x_at,1.570007872012764,CWF19L1,False
11737823_at,1.5697231594767438,POMK,False
11717047_s_at,1.568427037067746,CLDND1,False
11743887_s_at,1.5684145138043621,RAB4A,False
11740107_a_at,1.5683786563944486,ENAH,False
11748433_x_at,1.5680203903653365,NDUFC2,False
11761337_at,1.5678873358334426,TRMT2A,False
11727554_s_at,1.5674271128909596,PKIB,False
11735574_at,1.5665606123709477,MAGEB18,False
11720807_x_at,1.5661672910037587,EIF1AY,False
11737091_a_at,1.5661605690538398,MED12L,False
11732774_x_at,1.56601373312535,ZNF860,False
11757076_at,1.565484658584236,C7orf72,False
11739700_a_at,1.5653574771798286,STON1,False
11763178_at,1.5652754877121413,UBE2F,False
11729729_x_at,1.5646203105740537,METRN,False
11724279_a_at,1.5645472261592865,NCDN,False
11758967_s_at,1.5639433374049323,TFPI2,False
11756324_a_at,1.5635782860146838,WDR26,False
11763418_a_at,1.5635535137683694,C22orf29,False
11733554_a_at,1.5634222382873442,PAX7,False
11728571_a_at,1.5634213968420003,PLCL1,False
11754818_a_at,1.5630490356799438,CATSPER2,False
11747351_a_at,1.5628666997951526,ZSCAN32,False
11738233_a_at,1.562588444542258,ROS1,False
11729580_s_at,1.5622179084238472,CDH13,False
11715617_a_at,1.5620097567451476,RNF130,False
11736993_at,1.5619910073419776,DNAJB7,False
11744171_a_at,1.561604380279795,DNAJC4,False
11759052_at,1.5612751304042025,ZBTB46,False
11749360_s_at,1.560868963224118,LYPLA1,False
11720493_s_at,1.5605281390559922,MOB3A,False
11757721_s_at,1.5603707019746538,CSRNP1,False
11757965_s_at,1.5601440122530665,C7orf62,False
11719771_a_at,1.560121396621673,EXOC7,False
11732745_a_at,1.5600016353714337,SYT3,False
11745052_a_at,1.5597199386511824,TMEM132B,False
11744719_x_at,1.558694427179877,C4BPA,False
11724940_x_at,1.558321977350993,CDHR3,False
11729860_a_at,1.5573702282262962,H6PD,False
11731476_x_at,1.5573074696359626,MYL1,False
11722272_at,1.5570650510588535,MSANTD4,False
11763107_at,1.556839904951168,ERVH-6,False
11720241_at,1.5567564916244645,KIF4A,False
11761508_at,1.5567118778837485,FGF7,False
11743433_a_at,1.5564478636548074,PGLS,False
11756948_a_at,1.5561005688867635,FEZF2,False
11722793_a_at,1.5559311027544762,ZNHIT3,False
11760968_at,1.555916352407891,NTN5,False
11724462_x_at,1.555232653354401,ALDOC,False
11751148_a_at,1.5551120093933803,STRN4,False
11727398_a_at,1.554993053944682,KIF5A,False
11758073_s_at,1.5541834249276623,ZC3H15,False
11715827_s_at,1.5541833146232997,M6PR,False
11722514_a_at,1.553878255439572,IDNK,False
11724214_a_at,1.5534448210766252,SPRYD4,False
11734406_a_at,1.5533967742254,LRRC36,False
11755242_a_at,1.5532972500151325,SKIL,False
11728852_a_at,1.5518334996808472,TUB,False
11729072_a_at,1.5515563988185506,AASDH,False
11753633_s_at,1.5514601892544626,TTTY8,False
11717156_s_at,1.5512742097593644,ACP1,False
11755846_s_at,1.5512446556768178,EIF3C,False
11738058_s_at,1.5510236712170882,HIST1H2AD,False
11735773_x_at,1.550678884803967,TRIM48,False
11734806_a_at,1.5503388707209713,RDH13,False
11740902_at,1.5498769681458158,PKD1L1,False
11745100_a_at,1.5494293942393083,CDH19,False
11715104_s_at,1.549416568310005,OTOP2,False
11740569_x_at,1.5489066992291447,ZNF665,False
11743250_a_at,1.5488665546796339,MMP2,False
11715457_x_at,1.5483429021076838,SSR2,False
11724775_at,1.5482730270331861,FDX1,False
11717918_a_at,1.5479945277455431,SRRT,False
11756677_a_at,1.547980883228054,CYB5D2,False
11717481_s_at,1.5479668436868668,FKBP10,False
11761280_at,1.5478346924427355,ACAT1,False
11729611_a_at,1.5478230892435123,ARPC4,False
11745366_x_at,1.5471822077683575,POMGNT1,False
11735670_at,1.5471074743315882,LINC00336,False
11755578_a_at,1.5468241814259522,SRRM5,False
11759338_at,1.5466175502395698,ELAVL4,False
11749222_s_at,1.5463884859542811,BANP,False
11719019_at,1.5460372943015097,CBFB,False
11726938_a_at,1.5459437009670276,PHPT1,False
11745599_at,1.5453297347333173,ANXA2P3,False
11725165_a_at,1.5452403069076628,C7orf31,False
11744159_at,1.5452018454914744,VPS33A,False
11719354_s_at,1.5448422785463611,SH3BP5,False
11724583_a_at,1.5441333536873554,HDAC10,False
11745909_a_at,1.542984133297201,AKIP1,False
11747907_s_at,1.5428456125967411,PDZK1,False
11747924_a_at,1.5425008870540122,SCML2,False
11724051_at,1.542026897154002,TRIM68,False
11721058_a_at,1.54193870545239,ZNF189,False
11755472_x_at,1.5414064472361908,DBR1,False
11726703_a_at,1.5411601767793122,BCL10,False
11725647_a_at,1.5409594514429739,ASPSCR1,False
11732797_x_at,1.5408269464802182,KIAA1841,False
11726464_a_at,1.5407651192090472,IGFLR1,False
11762231_x_at,1.5407604481183714,BBS1,False
11729722_a_at,1.5407533882278759,PIAS2,False
11726672_a_at,1.540431159106269,ACCS,False
11720909_a_at,1.5403485654510434,TMEM44,False
11725761_at,1.5400971596504742,CNTNAP1,False
11727569_at,1.539918735815984,OTULIN,False
11754294_s_at,1.5399031174741031,STK40,False
11716414_a_at,1.5397623103894367,NDUFB8,False
11722342_a_at,1.539495870978568,PIEZO2,False
11742407_at,1.5394891522453167,NKX6-3,False
11744033_s_at,1.5393752742452753,S100A11,False
11726025_at,1.539159747313419,STAG3L4,False
11723311_a_at,1.5387817764586247,C6orf136,False
11725136_a_at,1.5382608706381726,MYOM2,False
11735971_a_at,1.5381472546706372,ZNF829,False
11724755_at,1.5381318298949775,ALG2,False
11719111_a_at,1.5381266574006764,C11orf1,False
11734405_at,1.5380658483680487,SCRT2,False
11740141_a_at,1.5377398128341053,EPB41L1,False
11751574_a_at,1.5376355463397124,TMEM119,False
11724945_x_at,1.5375862165668197,LIG4,False
11728633_x_at,1.5368890498970087,AP4E1,False
11733388_s_at,1.5368786673875365,ZKSCAN3,False
11748754_a_at,1.536583038002569,LOC728175,False
11727109_a_at,1.5359727845714988,DROSHA,False
11758675_s_at,1.53591340364227,RABL2A,False
11715665_a_at,1.5352763996838852,PSMB8,False
11750400_a_at,1.5350972293215035,GNE,False
11721442_at,1.5346308616717506,RNASEH2C,False
11740078_at,1.5330352193214716,RGS17,False
11715358_x_at,1.5327341341858016,CST3,False
11759819_at,1.5322873392045806,ABCA6,False
11734642_a_at,1.5319666844407593,BDNF,False
11742825_a_at,1.5318570891751597,GTF3C1,False
11733512_s_at,1.5312834604273409,MTMR1,False
11740127_a_at,1.531021275947496,LATS1,False
11764033_s_at,1.5307715652134273,RFC5,False
11722147_at,1.5306355172318047,PAIP2B,False
11736734_a_at,1.5302029063157205,DPY19L3,False
11752664_a_at,1.530012010210512,S1PR5,False
11749974_a_at,1.5290971170023226,PGAP3,False
11715582_s_at,1.528434874739678,SF3B2,False
11725887_at,1.5283024642236784,FAM167B,False
11718434_a_at,1.5281620068824193,NPNT,False
11743235_at,1.52766851213307,PKD1L3,False
11721228_s_at,1.527243501830681,LEMD3,False
11717044_a_at,1.526478693366863,TCERG1,False
11733122_a_at,1.5262780986957194,DAZL,False
11731643_s_at,1.5257640110079176,LOC102724200,False
11746266_a_at,1.5254617532972183,CHRND,False
11760377_a_at,1.5251604087966566,EFCAB11,False
11718424_at,1.5248247648085151,ACD,False
11739137_at,1.5246310419233862,RNF26,False
11716825_a_at,1.5243473968387975,FMOD,False
11748917_a_at,1.5243095966405162,GPD1,False
11717500_a_at,1.5242073108871603,CTSF,False
11732559_at,1.524064913727699,RBM12B,False
11728167_a_at,1.5236839916484013,ZNF264,False
11736515_a_at,1.523337400174878,HTR5A,False
11726062_at,1.523076156907692,PTGIR,False
11719569_a_at,1.5225776928898795,QARS,False
11742922_at,1.5224894760694803,LAPTM5,False
11721271_a_at,1.5223435143883415,LRRC59,False
11728894_at,1.5221859000299256,HES2,False
11745457_a_at,1.5213619522721316,CANX,False
11762323_at,1.521096729560093,HCN3,False
11756353_a_at,1.520432204768107,CLVS1,False
11720318_a_at,1.519841861177561,MROH7-TTC4,False
11754262_s_at,1.5193467263836171,CHD9,False
11741577_a_at,1.519327636267261,LEMD2,False
11743114_at,1.5186984575457878,DHX15,False
11752159_a_at,1.5175505746449358,HDLBP,False
11719388_x_at,1.5174465920437394,MAFK,False
11758812_at,1.5169896410683013,C7orf76,False
11752104_a_at,1.5169339995160727,C22orf39,False
11733096_a_at,1.5165946015353162,UBL7,False
11750844_a_at,1.5159944906348382,SLC17A4,False
11759365_at,1.5151205128885556,GPR157,False
11730689_a_at,1.5151004297104909,FOXP3,False
11726747_at,1.5149995088628043,TMEM57,False
11752401_x_at,1.5149142866360052,POTEG,False
11741703_at,1.5148242580524662,HIST1H1T,False
11736554_x_at,1.514794900126257,ZNF223,False
11734735_a_at,1.514783590099621,FAR1,False
11743043_a_at,1.5146792994778195,FBLN5,False
11746071_at,1.5144544856457187,LOC100288504,False
11726251_a_at,1.5141422745054123,SLC1A3,False
11721016_a_at,1.5139957562386952,USP5,False
11715473_at,1.5139708197721542,SRPR,False
11756577_a_at,1.5136873106960418,PEA15,False
11732254_a_at,1.513288084975508,MED18,False
11758523_s_at,1.5132230701647895,SMC5,False
11739118_a_at,1.513117817007891,CNPY3,False
11742013_at,1.512986298182536,CDCP2,False
11735821_s_at,1.5128777139693887,AQP12A,False
11748916_x_at,1.5126202570245395,PDE4DIP,False
11724569_a_at,1.5126113167712945,USP48,False
11720372_at,1.512349921462499,TESC,False
11738568_at,1.5120861696548538,KRTAP5-3,False
11755560_a_at,1.5118392063237478,PDE6A,False
11734601_at,1.5117232172906376,TAS2R43,False
11751475_a_at,1.5116130560608652,DCTN4,False
11736238_a_at,1.5108310535048297,ABCA5,False
11717856_a_at,1.5101133681940035,PSMG1,False
11729970_a_at,1.5100503119555426,SPTB,False
11748927_a_at,1.5097572736353884,PTPRG,False
11715839_a_at,1.5097259900560436,SDHC,False
11716836_a_at,1.5097177381053397,CTDNEP1,False
11727038_a_at,1.5089526739451626,MAVS,False
11719024_at,1.5084657347819685,ZNF652,False
11718693_at,1.5080760063072016,TMEM60,False
11764234_s_at,1.50776756018487,INTS7,False
11742394_x_at,1.507684900326674,TAS2R46,False
11718624_x_at,1.5076151582537292,PLA2G1B,False
11733091_a_at,1.50748816889356,TSPAN8,False
11718811_s_at,1.5074234520986325,PRKCH,False
11750611_a_at,1.507253345276342,ERBB2,False
11747905_a_at,1.5070352591657121,NID2,False
11762884_at,1.5067571122100307,HSP90AB6P,False
11737767_a_at,1.5063464685337078,BRDT,False
11761878_at,1.5061710486986293,PARD3B,False
11755769_a_at,1.5056401231336822,C1QTNF6,False
11743195_a_at,1.5052907313965094,PRRG2,False
11719652_s_at,1.504835012365858,SPAG6,False
11728048_a_at,1.5045755690778135,SMTNL2,False
11748505_a_at,1.5045665760748639,NCALD,False
11760011_at,1.5044822361807615,LINC00656,False
11756628_a_at,1.5030978700581776,NPFFR2,False
11746473_x_at,1.5030487251124816,CDIPT,False
11751375_a_at,1.5026790704881825,LRP5L,False
11735102_at,1.5026069263795634,FAM228A,False
11732310_a_at,1.5023443902770675,CTU2,False
11724465_a_at,1.5022289244872602,ANLN,False
11738471_at,1.5016382068575158,OR56B1,False
11716770_at,1.5014940752907413,CHERP,False
11715804_s_at,1.5014511884722168,PPP2CA,False
11753257_a_at,1.501391558227185,CXCL12,False
11736775_at,1.5009009145014869,ZIC3,False
11763272_at,1.5008482049365088,UBR5,False
11759376_at,1.5006963441113834,CCL27,False
11755305_a_at,1.5006324602664978,ZNF410,False
11754401_a_at,1.5005591384635673,SHE,False
11743007_at,1.5001855648817637,NFKBIE,False
11759888_at,1.5000961843535496,PGLYRP2,False
11742575_at,1.4992116523136645,OR5B3,False
11754334_s_at,1.499133911281552,EGR1,False
11735178_a_at,1.4986219847960112,C4orf33,False
11761152_at,1.4985499052304474,DENND1C,False
11721740_at,1.4975217702953365,VANGL2,False
11718053_a_at,1.497387792283026,TBC1D23,False
11720956_a_at,1.496944026661422,IKBKE,False
11756400_a_at,1.4967196383540367,QDPR,False
11727575_a_at,1.4962612727576539,TMEM237,False
11741559_a_at,1.4958531997618225,ANXA13,False
11728572_s_at,1.4956652676784494,MBNL1,False
11720523_at,1.4953328209270993,RRP9,False
11731080_at,1.4951632471864236,HCAR1,False
11726899_at,1.4949000177830378,SLC6A17,False
11740703_at,1.494164383273967,CSNK1G2-AS1,False
11743068_at,1.4941482675304048,SIAH2,False
11731513_at,1.49383007496857,XPO4,False
11761683_x_at,1.4935858736033392,PYHIN1,False
11742250_a_at,1.4935541946562014,PDE11A,False
11723126_at,1.493489891996795,NOTUM,False
11716385_at,1.4932290311702936,TGFB1,False
11750740_a_at,1.4931793461198426,ST3GAL5,False
11721173_a_at,1.493010983172272,VPS8,False
11736470_at,1.4924543114415956,SLC35D1,False
11724418_a_at,1.4924294495886208,UNKL,False
11754210_a_at,1.4912278876640126,CACNA2D2,False
11740447_x_at,1.4912097968382043,BTN3A1,False
11729801_at,1.491034789516077,EIF1AD,False
11753359_x_at,1.4909599056990102,PIGA,False
11734655_x_at,1.4909259053618529,ATP5F1,False
11754503_a_at,1.4908887125203332,CEPT1,False
11719463_a_at,1.4908223577395003,LSR,False
11751063_a_at,1.4904185360067392,RAB40B,False
11730519_a_at,1.4903867216701074,ABCA9,False
11719898_s_at,1.49033062578329,HBEGF,False
11724000_a_at,1.4902852407329952,ZNF581,False
11731182_at,1.4895782769622734,ACTL8,False
11730973_a_at,1.48948873621361,CA4,False
11724501_at,1.4894205597269885,SPON1,False
11757587_s_at,1.4893359663393977,SLC39A6,False
11715474_at,1.4892752976552885,DDX17,False
11743764_a_at,1.4890364520388615,RRBP1,False
11722192_s_at,1.4889523145776027,UBE2M,False
11730517_a_at,1.48877622464042,MAST4,False
11721274_a_at,1.4878423363951518,NR2C1,False
11735661_at,1.4876674203605915,PLA2G2F,False
11730175_at,1.4876113921000749,C4orf3,False
11718189_at,1.4875641601702023,FOXJ2,False
11754933_s_at,1.48755678891182,TSC22D2,False
11751981_a_at,1.4871307700368004,ZMYM1,False
11741057_a_at,1.487036087282578,ENOX2,False
11722767_s_at,1.4862353583242842,MBNL2,False
11748678_a_at,1.4861978386993244,F2R,False
11758161_s_at,1.4860451871097664,MAGEH1,False
11734632_a_at,1.4859467123129688,RNF180,False
11750603_x_at,1.4856722001418186,PLEKHG5,False
11730583_a_at,1.485348692523263,VWA5B2,False
11718685_a_at,1.4853446482915131,TXNRD2,False
11742917_a_at,1.4852326488553351,FCAMR,False
11755447_a_at,1.485148922806293,OTOP3,False
11718560_at,1.4849856444174068,RCOR1,False
11730250_a_at,1.484851496892764,LNX1,False
11753351_a_at,1.4843878078336172,SHISA6,False
11746305_s_at,1.4836347324340393,NOP14,False
11740087_s_at,1.4832959754759432,CSNK2A1,False
11762481_at,1.482996070559762,LAMB4,False
11740159_x_at,1.482925936903295,FGFR2,False
11759222_at,1.4828217225651648,KIAA1958,False
11742002_at,1.4822624968446612,OR2H2,False
11760189_at,1.482044709918391,ZSCAN30,False
11738821_a_at,1.4819458995941892,NOX5,False
11757660_a_at,1.4818871360558834,SNRPB,False
11738735_at,1.4818098520187042,VN1R4,False
11719726_a_at,1.481575599476157,POLD4,False
11728392_a_at,1.4812587619245083,LRP12,False
11755474_a_at,1.481214736673549,ADAM15,False
11728913_a_at,1.480499490364339,C8B,False
11761862_at,1.4803849773811184,SCN11A,False
11748591_a_at,1.4802303230065461,COPB2,False
11748177_a_at,1.480113663593613,XYLT2,False
11726970_a_at,1.4800052817237168,USP35,False
11735612_s_at,1.4798381777313891,GOLGA8CP,False
11738458_at,1.4798316455978662,ZIM3,False
11724098_x_at,1.4796880315322563,LRIG3,False
11753352_a_at,1.479439542807073,SLC47A1,False
11738054_a_at,1.479101353511129,ITGB1BP2,False
11758063_s_at,1.478485611041121,DCLK2,False
11757624_s_at,1.4784647986712671,PARP12,False
11741186_at,1.4783807713212138,HIST1H3D,False
11731108_s_at,1.47823903720285,STAG2,False
11735720_s_at,1.4781966715696129,ARMCX5,False
11718363_a_at,1.4781850815028401,ST6GALNAC6,False
11752129_a_at,1.4781527706455635,BIVM-ERCC5,False
11735839_at,1.4779998187102852,STX19,False
11761752_at,1.4778478118254545,CAMKMT,False
11729821_at,1.4778102410443779,IL27RA,False
11720146_a_at,1.4777540129862703,DAPK1,False
11755273_a_at,1.4773274846330178,C16orf71,False
11735700_a_at,1.4773101482542388,SLC13A2,False
11735577_at,1.4772182202090949,IL27,False
11762296_at,1.4769453303607918,PDE7B,False
11723091_s_at,1.4768821972105828,FNIP2,False
11722382_a_at,1.4766372982504832,TXNL4B,False
11743196_a_at,1.4766114621747664,TLR4,False
11722526_at,1.476390453186299,PTPN21,False
11758110_s_at,1.4759592643285295,SIX1,False
11718998_x_at,1.4757497644557278,DHFR,False
11724964_a_at,1.4756859551261445,SAMD10,False
11716930_x_at,1.4756623514488258,DGCR2,False
11754580_s_at,1.475057336345307,CCDC92,False
11722779_a_at,1.4749720772050243,SLC6A19,False
11742402_at,1.4749527621033256,NKX2-6,False
11730388_a_at,1.4748940473148944,RYR1,False
11740868_a_at,1.4747140814776456,LDLRAD1,False
11737034_a_at,1.4746962200369125,RBBP6,False
11727826_a_at,1.4744024151479787,NDUFAF7,False
11735817_at,1.4742676383950182,ALX3,False
11735567_at,1.4737674455373098,MMP27,False
11743914_a_at,1.4736962916197058,PKP4,False
11734558_a_at,1.4735644844245954,ADIPOQ,False
11762327_at,1.4734619826384625,METTL2B,False
11743944_x_at,1.47340301767168,ACSM2B,False
11764192_at,1.473300176382442,LOC105374917,False
11731974_at,1.4729448930986906,SCNN1G,False
11716251_x_at,1.47273639984766,RBFOX2,False
11730867_at,1.4725089230356612,MEP1A,False
11718992_a_at,1.4724218710175834,FKBP2,False
11759419_at,1.472289241777931,GTF2H3,False
11740021_at,1.4721442583698843,ACBD7,False
11756981_s_at,1.471992188449626,HDAC7,False
11732215_a_at,1.4714669749158773,PEF1,False
11743200_a_at,1.4712131760862208,ARMC2,False
11729856_at,1.471189435271373,CNFN,False
11763211_at,1.4709279984057624,LINC00654,False
11730467_at,1.4708541033889282,NTN1,False
11753616_s_at,1.4700278854203932,ARL8B,False
11733377_at,1.469875042950635,DCAF4L1,False
11741701_x_at,1.4698617351964005,HIST1H2BJ,False
11732572_x_at,1.4693793784526976,ZNF582,False
11753498_at,1.4693361834826695,SLED1,False
11719945_a_at,1.4692101006520997,RARG,False
11752118_x_at,1.4689338518262873,TBXA2R,False
11745333_a_at,1.4685472251151888,VPS4A,False
11745633_a_at,1.4678091384973524,TRAPPC8,False
11748009_a_at,1.4677623042555008,RHBDL2,False
11720558_a_at,1.467748064176145,GEM,False
11751197_a_at,1.4672959035952806,PZP,False
11732884_a_at,1.4671639677212571,F7,False
11717595_s_at,1.4671073922752973,ELF3,False
11721723_a_at,1.4669272262257793,GYLTL1B,False
11725747_a_at,1.4669000718241525,ATP2C1,False
11736433_a_at,1.4667184136948852,FBXO44,False
11721242_s_at,1.4667022678974861,FDFT1,False
11735382_at,1.4665969967918342,MARVELD3,False
11754878_s_at,1.4661542017014717,UBAP1,False
11752686_x_at,1.466019013830435,AQP4,False
11757470_x_at,1.4659220895893392,TCF25,False
11760785_s_at,1.4657319904851944,GRK5,False
11729181_at,1.4655310884710886,DHRSX,False
11744867_a_at,1.4653158042288974,LYPD6,False
11763994_at,1.4650513205659357,LOC100507480,False
11749886_a_at,1.4650402037674535,BCL2L13,False
11763250_x_at,1.4643816395701823,CXCL1,False
11755288_a_at,1.4641302379559162,KLHL26,False
11728835_a_at,1.4641213155216355,GLMN,False
11759157_at,1.463649027855255,HIST1H2BF,False
11716927_a_at,1.4633710469962642,TBC1D5,False
11761834_at,1.4632469699218673,EED,False
11719140_a_at,1.4629340931388612,NFX1,False
11734358_a_at,1.462466016196297,RNASEL,False
11721884_s_at,1.4624242235069054,LINC00431,False
11758578_s_at,1.462104331075048,AEBP2,False
11737570_at,1.4613349991146747,S100A5,False
11718846_a_at,1.4612805819203742,SH3GLB1,False
11730563_a_at,1.4612177812851905,STRADA,False
11759707_at,1.461181674191645,ASPH,False
11718885_a_at,1.4609173478871282,ARL5A,False
11754383_s_at,1.4606123954132324,GFOD2,False
11737953_a_at,1.4600648202390365,SLC28A2,False
11715625_a_at,1.459741463950231,SH3BGRL,False
11744120_a_at,1.4594880698063668,RPL8,False
11729730_at,1.4589928656801778,TPD52L3,False
11718880_at,1.4587587962935822,ZCCHC14,False
11738578_at,1.458757911386787,OR10A5,False
11763783_x_at,1.458591440227839,LOC728613,False
11734857_at,1.458469325025324,ERO1B,False
11752280_a_at,1.4582197608530387,RBM5,False
11759997_a_at,1.458146568633396,SLC22A25,False
11745627_at,1.4577173572560231,LOC400661,False
11735215_x_at,1.4574717678377325,CHRNA5,False
11718068_at,1.4574062135536987,MYO1E,False
11723393_a_at,1.4572043283100233,ALPK3,False
11745538_a_at,1.4570289411447563,MAP7D2,False
11742265_a_at,1.4569609114119326,HFE,False
11728600_at,1.456955822583011,FAM24B,False
11761598_s_at,1.4569442558229664,MROH7,False
11744117_at,1.4566669682243187,THSD7A,False
11743032_at,1.4564350844459373,CGA,False
11748297_s_at,1.4563565955397308,PPP2R5E,False
11722610_a_at,1.4563016337889596,CDC42SE1,False
11755994_a_at,1.4560628499183816,ITLN2,False
11721755_at,1.4557681650476735,ALG13,False
11758452_s_at,1.4556350841273666,CENPQ,False
11720662_at,1.4549220526396507,TSR3,False
11731814_at,1.4547341859971898,GATA1,False
11731817_s_at,1.4546717104470166,RAB17,False
11733786_at,1.4545650660492537,EVC,False
11724285_at,1.454514643691977,FRMD4A,False
11735729_a_at,1.4544053439296125,ALG12,False
11735308_at,1.453695570304377,BARHL1,False
11715792_a_at,1.4532683468507903,STOM,False
11760083_at,1.4532585971417373,HYKK,False
11732017_a_at,1.4531267537485333,IL18RAP,False
11749582_a_at,1.452898744611226,WDR37,False
11755650_a_at,1.4522354605038286,MROH2B,False
11757329_s_at,1.4521930504278133,RPL26,False
11716238_at,1.4517971210242049,ARHGAP1,False
11752742_at,1.4512120060066813,LOC729815,False
11750723_x_at,1.4511963090101596,MICB,False
11725668_at,1.4509702857708922,HS2ST1,False
11726156_at,1.450869102597677,POLA1,False
11718257_a_at,1.4508179281988027,CCDC130,False
11750845_a_at,1.4507746401760855,CSPG5,False
11719686_a_at,1.4505065532570633,MICAL1,False
11721268_s_at,1.4500735774848832,TMPRSS4,False
11715167_at,1.4499851337315388,ARHGAP22,False
11722299_a_at,1.449794173624598,RAB29,False
11746811_x_at,1.4495026791847185,KCTD3,False
11750718_a_at,1.449431021409896,RGS22,False
11750088_x_at,1.4493752885395612,BAD,False
11721524_s_at,1.4492510423165357,ZNF706,False
11735630_a_at,1.44888322700898,CLP1,False
11724512_at,1.4486921692638568,SULT4A1,False
11738386_at,1.4482624303091496,ATOH1,False
11744008_a_at,1.4476186551269952,LZTS3,False
11744098_at,1.4476036713323037,NOP58,False
11720615_a_at,1.4471635872856228,TUBG2,False
11735314_at,1.4471245545352989,TMPRSS12,False
11730508_s_at,1.4470367272291975,NR0B1,False
11719096_at,1.4465463745897353,CYB5B,False
11740792_s_at,1.4461013632306474,POU6F2,False
11751105_s_at,1.4457405631555504,WFS1,False
11746551_a_at,1.4456956602352655,SEMA6C,False
11751902_a_at,1.4454801757783535,CDON,False
11761336_at,1.4450166394950295,SEMA4F,False
11761861_at,1.44497296975516,ABHD14A-ACY1,False
11716353_x_at,1.4446646047685554,STARD3,False
11725467_a_at,1.4445716660405878,NOS3,False
11747933_a_at,1.444503913427799,NAPRT,False
11746527_a_at,1.4434919335017498,EIF4ENIF1,False
11730641_s_at,1.4434350163277958,UNC93A,False
11717212_a_at,1.4432215791732947,NEO1,False
11748289_a_at,1.4429881768412305,SLC23A1,False
11744302_a_at,1.4410808959597599,VAV2,False
11721113_x_at,1.44092861325389,RPL41,False
11757712_a_at,1.4408353121699125,L3MBTL4,False
11747334_a_at,1.4405840570651895,DDX39A,False
11732840_a_at,1.4399308043216512,ERC2,False
11753782_a_at,1.4396326536675375,TANK,False
11755553_a_at,1.4395205075355613,WDR1,False
11720884_a_at,1.4393169916450508,HMBS,False
11727439_a_at,1.4388109642730722,RALGAPB,False
11717401_at,1.4385269084198642,ARF6,False
11728432_a_at,1.4383358575812157,FAM19A1,False
11719878_at,1.4379767682696118,UBXN2B,False
11755161_s_at,1.4378193532232622,PLK2,False
11716341_s_at,1.437744504444369,EFNA1,False
11732725_at,1.4372411263560108,GCM1,False
11747258_x_at,1.4372215924417653,LOC100288778,False
11749468_a_at,1.437153407671582,TRIM24,False
11748991_a_at,1.4370889887414646,CDK5RAP2,False
11718204_a_at,1.4369104414003526,REC8,False
11715616_a_at,1.4368291718021755,NDUFAB1,False
11758585_s_at,1.4365163090796378,CEP44,False
11750471_a_at,1.4364189099426818,PRSS16,False
11728604_at,1.4359931610824357,RSPH14,False
11750584_a_at,1.4356413943890172,RNF17,False
11742082_a_at,1.4354335854191709,LCTL,False
11748530_a_at,1.4350832240599518,CACFD1,False
11715765_a_at,1.4350603136184759,DUSP1,False
11717304_x_at,1.4350205330234915,PDAP1,False
11750498_a_at,1.4347099121348026,SLC1A4,False
11729176_at,1.4345789912043867,KLHL4,False
11746213_a_at,1.434147386839522,PAAF1,False
11738051_a_at,1.4339840282808904,MAGEB1,False
11748261_x_at,1.4337191577294108,RINL,False
11744320_at,1.433601849546932,PIGZ,False
11733830_at,1.4333839947132678,GMCL1,False
11741472_a_at,1.433254069475631,RAB11FIP3,False
11748051_a_at,1.432817545225656,DPH7,False
11732624_at,1.4327646383855417,WFDC5,False
11751962_s_at,1.4322433642401067,GPR37,False
11718433_a_at,1.4321045354624815,SASH1,False
11720926_a_at,1.4320409940874002,POLR2G,False
11732273_at,1.4317229646367406,COA7,False
11753481_a_at,1.4307213539201484,SNAPC3,False
11721883_at,1.4305650502903728,TUBGCP3,False
11733401_s_at,1.4303972892205672,TMEM201,False
11748158_a_at,1.430145261936515,PRH1-PRR4,False
11723396_at,1.4296246961968715,B9D2,False
200088_PM_x_at,1.4295590726006449,RPL12,False
11735050_x_at,1.429442074378084,PCDHB3,False
11763944_at,1.428866058266916,OR6W1P,False
11752195_s_at,1.4288105567699527,TAX1BP1,False
11740617_x_at,1.4286137211958414,PARK2,False
11751653_a_at,1.4281183279620981,RNF144B,False
11740496_x_at,1.4278854167417623,ST3GAL2,False
11746601_a_at,1.4275330982799972,GGA3,False
11749500_s_at,1.4271201940637679,SLC4A1AP,False
11731405_s_at,1.4270329348670463,ATP6V1G1,False
11744261_a_at,1.4267157355330207,SLC25A11,False
11763833_at,1.426668328929108,PLIN1,False
11731146_s_at,1.4264965266077494,RGPD1,False
11721859_at,1.4260006092808273,MIPEP,False
11746106_a_at,1.4258136116851323,CDC16,False
11743973_a_at,1.425684876338621,MRPL38,False
11756977_a_at,1.4255593867422862,PHYHD1,False
11732592_a_at,1.4254495590500218,SMC1B,False
11717581_s_at,1.4252214743779243,CD52,False
11719424_at,1.4251584157029455,FAM220A,False
11740381_at,1.4250114597840347,OR1G1,False
11718075_at,1.4246799871589293,IL4R,False
11721081_at,1.4243899274660112,PARVA,False
11722910_s_at,1.424361195707375,CYP2R1,False
11736713_a_at,1.423765917638583,LMOD2,False
11715709_x_at,1.4232191676555102,MB,False
11729465_x_at,1.4223579608355983,ZNF816,False
11759369_a_at,1.422259438875654,MOGAT2,False
11750364_a_at,1.4218710085728565,ANKRD33,False
11724407_s_at,1.4215128566146564,CCNE1,False
11747766_a_at,1.4210786687986954,ARID5A,False
11738195_a_at,1.4205616821659983,FGF1,False
11724557_at,1.4202869899505268,NEUROD1,False
11732431_a_at,1.420043445250047,MFAP3L,False
11715683_a_at,1.4198287246967545,KRT7,False
11727961_a_at,1.4197963059763576,ING1,False
11729481_s_at,1.4196217563391245,GUK1,False
11729183_a_at,1.4192235649589608,RPAP3,False
11731901_a_at,1.4191536431458316,SESN3,False
11727727_x_at,1.4188578360516901,DMRT2,False
11726676_a_at,1.4187475987320575,APOBEC2,False
11762006_at,1.418634039765203,SUFU,False
11762352_x_at,1.4182323742628926,MT1IP,False
11738553_at,1.4177358116317724,KRTAP10-7,False
11748154_a_at,1.41632398634713,ULK3,False
11735792_a_at,1.4162340870427137,THOC5,False
11728212_at,1.416171547075227,TRMT1L,False
11744177_at,1.4158325134436391,PPP1R9B,False
11719690_at,1.4158164249447942,TWSG1,False
11756063_x_at,1.4158039255581365,SRSF5,False
11733090_at,1.4156053267916484,ZNF277,False
11726614_at,1.4150421773341166,CDH2,False
11739520_a_at,1.4147753937167817,CHID1,False
11737383_at,1.414726736102647,IFITM5,False
11729314_a_at,1.414390283635358,PRKAA1,False
11738255_x_at,1.4143621356941083,C7orf57,False
11753144_a_at,1.413359303297216,KLRAP1,False
11723142_at,1.4130436376569715,CARD11,False
11724343_at,1.4126819273890252,ITGA4,False
11762016_at,1.412002611309626,CDK15,False
11740342_at,1.4119520634593858,ZNF491,False
11747477_a_at,1.4116967928427417,MAPK8,False
11738496_at,1.411557956724775,OR13J1,False
11735866_at,1.4113874598898215,OR12D2,False
11754505_a_at,1.4112090913475486,SLC39A4,False
11761484_x_at,1.4112040006921174,CLK3,False
11748781_a_at,1.4110013793995928,FBXO24,False
11741750_a_at,1.4109737982143804,FBXO9,False
11724468_a_at,1.4107551733083026,RPA3,False
11761735_a_at,1.4100255617232258,RXRB,False
11722478_a_at,1.4096586328578835,CUL5,False
11721872_at,1.409391035657066,FAM110A,False
11725658_a_at,1.4091859661309196,MTFR1,False
11744307_a_at,1.4091077745554013,TTC39A,False
11715906_a_at,1.4084219455818954,FAM96B,False
11743303_a_at,1.4083776984217895,ICE1,False
11745147_a_at,1.4074583309660738,ADCYAP1R1,False
11743337_at,1.4067460931394435,PLPP6,False
11732767_at,1.4066439595045828,ALOXE3,False
11725993_a_at,1.406430817911228,SLC22A8,False
11759082_at,1.4063296652544455,DCT,False
11755675_a_at,1.4055525420695085,SYT2,False
11724665_at,1.4051731620003973,APLN,False
11748830_a_at,1.4050923131343336,MKNK1,False
11757004_a_at,1.4046838637936359,KCTD10,False
11731660_a_at,1.404611027780595,VWA3B,False
11715672_a_at,1.4042524189494672,WDR83OS,False
11742425_a_at,1.404248738772552,NR3C1,False
11726279_x_at,1.4041769932933688,RAN,False
11744577_x_at,1.4041650429711228,EVC2,False
11728699_at,1.4040632943598788,BMPR2,False
11752653_a_at,1.4039428372015117,KRT83,False
11725002_x_at,1.4039072664232772,IRX3,False
11756615_x_at,1.403794232018101,SHMT2,False
11742004_at,1.4037391856606019,CELA1,False
11756798_a_at,1.4033787837259464,ZSCAN23,False
11726240_a_at,1.402731490698898,PAX3,False
11737558_x_at,1.4018732645474052,PMS2P5,False
11756949_a_at,1.4017566164432014,PPP2R1A,False
11733946_at,1.4015812003436148,RAP2B,False
11717847_a_at,1.4015645985034095,FARSA,False
11730956_a_at,1.4015205883015545,P2RX1,False
11763770_x_at,1.4013908986549917,TMEM67,False
11758968_at,1.4007888404518947,UNC5B,False
11727412_a_at,1.4007505427218478,CLN8,False
11736225_a_at,1.4005998252660594,SPATS2,False
11733085_a_at,1.399852334375244,ENO3,False
11744029_a_at,1.399492475655981,BBS4,False
11744258_a_at,1.3994875699285647,ATP1B3,False
11728492_at,1.3992854728900195,KANK4,False
11754798_s_at,1.3990200993997763,CD164,False
11727574_at,1.3984358306294056,RBP5,False
11757294_x_at,1.398136546754416,RABGGTB,False
11725496_a_at,1.3980690713147608,GPAT3,False
11733773_at,1.3980342510204284,OSTN,False
11719544_a_at,1.3979630211465488,MSLN,False
11737585_at,1.3979486619651293,DBX2,False
11755362_a_at,1.3978833609168282,IFT172,False
11741803_a_at,1.3975317234433713,FAM76A,False
11727542_a_at,1.3969971487312283,MPDZ,False
11725830_a_at,1.3969038526542439,PLCL2,False
11720496_at,1.396585908982203,GZMA,False
11749613_a_at,1.3961104299845313,OCIAD1,False
11727051_at,1.396036327719248,HOXB13,False
11743576_at,1.3959503272764875,CPE,False
11744194_a_at,1.3959503138611065,ABCC3,False
11717654_a_at,1.3958555136322743,CMC4,False
11718606_a_at,1.3957154262177969,DESI1,False
11758242_s_at,1.3954798839664573,YAE1D1,False
11734361_at,1.3954473788727306,SLC16A7,False
11718232_s_at,1.3952195502261078,KTI12,False
11760714_at,1.3949619573593193,LOC101060445,False
11741904_at,1.3948708828174416,IZUMO1R,False
11750893_a_at,1.3948390904179164,LMOD1,False
11723450_a_at,1.3942384926687656,FTO,False
11737620_a_at,1.3941549474488784,PRR16,False
11754386_s_at,1.3937569362109279,LOC728743,False
11756267_x_at,1.3936221562464026,C14orf166,False
11740479_s_at,1.393413730072714,GALNT8,False
11721695_s_at,1.3932591040061804,DUSP2,False
11747099_a_at,1.393219195467074,ATRNL1,False
11727012_a_at,1.3932002570796114,CELF4,False
11747770_a_at,1.3930943275028829,ARMC5,False
11741158_at,1.3930732580627216,RNLS,False
11746944_a_at,1.3930612954454429,AGXT2,False
11748056_a_at,1.3930230064369604,SOX15,False
11732356_at,1.3929294804720882,ZNRF1,False
11720070_s_at,1.392391490031792,TIMM23,False
11735160_at,1.3923643661341367,KCNAB3,False
11720876_s_at,1.391975655025153,CORO2B,False
11761703_s_at,1.3913537417795732,DNAJA1,False
11738357_x_at,1.3913264138433292,OR4N3P,False
11736459_a_at,1.390474898114684,NOX1,False
11745092_a_at,1.3903691658225739,MYO16,False
11759575_at,1.3900247963482442,UQCRH,False
11718710_a_at,1.3898942799367395,SLC9A1,False
11717848_a_at,1.3897393238758993,QRICH1,False
11719362_at,1.389443325594793,SLF2,False
11726811_at,1.3875265724445889,GPR143,False
11747269_a_at,1.3871980360669234,ALB,False
11756387_x_at,1.3868999974772447,ARL4A,False
11740303_a_at,1.3867661223276506,APITD1,False
11761012_x_at,1.3865216501013409,LOC102724728,False
11757099_s_at,1.386510521948125,FAM207A,False
11724606_a_at,1.3860700605350347,MAP2K6,False
11730671_at,1.385601381469701,OPHN1,False
11736849_a_at,1.385306957572562,FSD1L,False
11746734_a_at,1.3850679486840347,SCN1B,False
11724064_a_at,1.3848015138884162,SLC25A19,False
11721186_a_at,1.3846871190354952,RABGGTA,False
11720751_a_at,1.384295635408541,INPP1,False
11762430_a_at,1.3842819705283835,DAB1,False
11721844_a_at,1.3838212977234936,MFAP5,False
11722154_a_at,1.3834057516486304,SGMS2,False
11761791_x_at,1.3832305715659823,ZNF417,False
11746965_a_at,1.3832113988235053,ANPEP,False
11731984_at,1.3825800938053139,CERKL,False
11735072_at,1.3825298740550527,PCDHB9,False
11735378_a_at,1.3822561830554827,CEP162,False
11718979_a_at,1.3822343148262002,HTATIP2,False
11725497_a_at,1.3820009956102637,RAP1GAP,False
11716589_x_at,1.3818371637169231,TMEM165,False
11722875_s_at,1.3817896683305357,LRBA,False
11762175_at,1.3817236201238243,HSP90AB2P,False
11741770_a_at,1.3816385025554807,NOXRED1,False
11752343_a_at,1.3815825054317814,XKRX,False
11725654_at,1.3811983723682497,GTF2H5,False
11744873_a_at,1.3809629396092553,KLKP1,False
11730339_a_at,1.3807774623546258,SMAD6,False
11759468_x_at,1.3807262103759967,LCE1A,False
11744978_a_at,1.3796008080713458,ORC4,False
11747088_a_at,1.3795866809102344,GRID2,False
11738738_at,1.3794671993326029,OR13G1,False
11738676_at,1.3784943199185602,OR6K2,False
11725503_s_at,1.3782528650614432,TJP1,False
11735972_at,1.377888310955849,VN1R2,False
11758524_s_at,1.3771732144264117,GRIK2,False
11724320_x_at,1.3769601608967255,C11orf54,False
11737812_a_at,1.3762488167865115,NNT,False
11744250_a_at,1.3761136162839778,TTLL10,False
11736240_a_at,1.376045254692981,AAED1,False
11754749_a_at,1.3760072323917976,TEX35,False
11727407_at,1.3756981891352615,PLEKHA3,False
11731771_at,1.3756944335685253,PCDHB15,False
11749144_s_at,1.3755884278209347,ETFDH,False
11719165_s_at,1.3751221355250913,DAB2IP,False
11723462_a_at,1.3750684942587525,PHKB,False
11726718_a_at,1.3749554072258137,GEMIN7,False
11756990_a_at,1.3745157380607413,ZNF550,False
11730762_s_at,1.373820727860171,CRIPT,False
11741552_x_at,1.3737403575544482,GOLGA6D,False
11730149_at,1.3734796059110257,PAX1,False
11737854_at,1.373387308722251,P2RY1,False
11722508_a_at,1.3733367645762358,CLIC5,False
11727806_s_at,1.3732126341258253,UBE2W,False
11722536_x_at,1.3731417660483654,CCNYL1,False
11734846_x_at,1.373116243889603,TAF1B,False
11716114_x_at,1.3729445033964163,POR,False
11718039_at,1.3728264625781281,DCAF12,False
11732055_s_at,1.3725156894584525,CC2D2B,False
11721264_a_at,1.3724352709946093,GRIA2,False
11738046_a_at,1.3719731411906273,LRAT,False
11734244_a_at,1.3713152746221466,ATG10,False
11720937_a_at,1.370884823611466,YARS2,False
11729513_x_at,1.370863730823828,CSF3,False
11735449_at,1.3702051544393525,NEUROG2,False
11723363_at,1.3700273059918584,L1TD1,False
11751937_s_at,1.3700209813768975,KIF27,False
11724936_a_at,1.3699299028851666,C10orf76,False
11731596_a_at,1.3698747719835664,ZNF503,False
11722442_a_at,1.3698238700414085,NUF2,False
11756941_a_at,1.3694907642662515,CCDC151,False
11745515_a_at,1.3686644443958969,A1CF,False
11721094_a_at,1.3686391467071104,SLC39A7,False
11738791_at,1.3684166217435745,DEFB110,False
11753936_x_at,1.3676537923071639,TRPM2,False
11744470_x_at,1.3676162407894759,MIF,False
11725007_at,1.3675348947407588,DACT3,False
11751214_a_at,1.3672444112682005,RGS7,False
11761713_at,1.3669458064686895,TCTE1,False
11738177_s_at,1.366844426546451,NKX3-2,False
11744093_a_at,1.3665884186545254,EEF1A2,False
11753086_x_at,1.366386934470091,PGK1,False
11721597_a_at,1.3663582686296687,MDFI,False
11717091_s_at,1.3662793662115815,CDKN1B,False
11741929_at,1.3661922307208676,HTR3C,False
11737833_at,1.366153015460526,IL12B,False
11734709_x_at,1.3651950115621805,CSH1,False
11752361_s_at,1.365080859466463,NEXN,False
11718695_a_at,1.3642507943830817,YIF1B,False
11742747_a_at,1.3642071560693634,SPPL3,False
11724386_a_at,1.3640236032432917,C20orf196,False
11725918_a_at,1.36392635025346,SOGA1,False
11731325_a_at,1.363914189796199,CAPN8,False
11732972_at,1.3633804607363178,TAS2R8,False
11723622_a_at,1.3631990657680024,PHYHIP,False
11753294_a_at,1.3630245881657852,COL1A2,False
11729269_a_at,1.3627802174596628,ZNF414,False
11718806_a_at,1.3624354140827193,PUM2,False
11739673_at,1.3623974592933787,PDP2,False
11760532_a_at,1.3621427643700368,SLC34A1,False
11715794_x_at,1.361817477101468,ACTG2,False
11733541_a_at,1.3609381281588864,C10orf53,False
11755238_a_at,1.3609200928343095,AFMID,False
11716984_a_at,1.3599807768962877,PNKD,False
11737391_at,1.3593582795333274,OR2L13,False
11723268_at,1.359274656234085,KPNA6,False
11729380_a_at,1.359177803467103,CASK,False
11722445_a_at,1.3590833138389105,TRAPPC5,False
11718801_a_at,1.3590673359527567,C1orf216,False
11726574_a_at,1.3587440503239407,BAIAP2,False
11745268_a_at,1.3579651017014243,TNS1,False
11752725_at,1.3579056067599058,GNB2L1,False
11727317_at,1.357450341595168,KCNE5,False
11748748_x_at,1.3571742545790562,LOC645202,False
11730755_a_at,1.356887147377078,TXNDC12,False
11719982_a_at,1.3566287018816852,INPP5A,False
11752376_a_at,1.356151953286608,GHR,False
11720339_at,1.355751278992892,FIBIN,False
11759501_at,1.3556798738305604,PIN4,False
11759562_a_at,1.3554694524003925,PPP4R2,False
11755929_a_at,1.3551770152878615,THOP1,False
11762087_a_at,1.3551328637754525,EVX1,False
11758887_at,1.3546618942540858,RHBDD1,False
11739664_at,1.3539718051922969,RIMS3,False
11734693_a_at,1.3539650374390864,NECAB1,False
11727249_at,1.3539332498266043,ZSCAN22,False
11733917_x_at,1.3538526251477114,OGDH,False
11733622_x_at,1.3536429337576354,NCMAP,False
11740679_at,1.353435507036465,OPRD1,False
11727161_a_at,1.353339963277928,NFIX,False
11744126_a_at,1.3533122458950435,PRKCSH,False
11716775_a_at,1.3531956026386351,RAI14,False
11728142_a_at,1.352505058173455,ZBTB32,False
11760798_at,1.352412213522568,CIB2,False
11763139_at,1.352399656592539,KRTAP22-2,False
11720094_a_at,1.352272449676166,CUL4B,False
11757188_a_at,1.3521943858855088,TMEM254-AS1,False
11735242_s_at,1.3516199976394079,ZC3H12C,False
11750892_a_at,1.3509179924848802,SLC5A7,False
11750163_a_at,1.3502413856583375,NLRP2,False
11716910_x_at,1.3501923579995638,NR2F6,False
11743742_at,1.3499454517424436,ATP11A,False
11736293_a_at,1.3496461801870596,SPATS2L,False
11732071_at,1.3494387503860696,SLC16A8,False
11734538_a_at,1.3494216548290034,TEX36,False
11744717_a_at,1.3490019760964036,C18orf8,False
11737492_a_at,1.3484759346581394,CCL23,False
11757415_s_at,1.3484454791792932,SLC5A3,False
11748703_a_at,1.3470866833755895,C1D,False
11742972_x_at,1.3469790067492249,CCAR1,False
11749077_x_at,1.346924841002575,HDGF,False
11762508_x_at,1.346868320735631,SLC35A3,False
11752551_a_at,1.34680535449031,AMOT,False
11720197_a_at,1.346091748998783,TOMM40L,False
11756516_a_at,1.345852264825505,PISD,False
11741353_a_at,1.3456652811276204,ESM1,False
11739953_at,1.3456472180666046,ZNF14,False
11721636_a_at,1.3455407649872682,DERL1,False
11736871_s_at,1.3455269940929733,TRPC6,False
11715571_a_at,1.3454894317739705,CLSTN1,False
11759860_at,1.345442163589707,GRIK1-AS2,False
11718803_a_at,1.3453054396529627,PDCD10,False
11715676_s_at,1.345231511283729,NCSTN,False
11725788_a_at,1.3451973079352573,CENPN,False
11728153_x_at,1.3449668099543184,HIST1H2BD,False
11754384_x_at,1.3448277705456784,COG4,False
11733866_a_at,1.3447860103573719,RARS2,False
11757052_x_at,1.3447596279651706,TWF2,False
11757041_x_at,1.344619408638098,CNP,False
11748455_a_at,1.3445516578206809,SLC46A1,False
11746376_a_at,1.344440243819145,IL16,False
11749443_a_at,1.3444201244989495,PYCRL,False
11750973_a_at,1.3442278972987494,ALAS1,False
11743837_a_at,1.3439080242097878,NCBP3,False
11730608_at,1.3438873396707642,HNF4G,False
11730833_a_at,1.3435459708564024,RANBP10,False
11722962_a_at,1.3425319648254859,LINS1,False
11760882_a_at,1.3423759662572414,SIVA1,False
11757736_s_at,1.3423745169036336,APCDD1,False
11715328_at,1.3423481680155427,SPATA31D3,False
11715219_s_at,1.3423376876850504,HIST1H2AI,False
11742089_at,1.3422313918260884,KRT76,False
11722315_a_at,1.3422091209879399,PLAC1,False
11759445_at,1.3413161765956356,SNAPC5,False
11733535_a_at,1.3413078117341675,NUDT7,False
11718262_a_at,1.341209323147495,ERF,False
11730856_s_at,1.3410058641359748,HMGN3,False
11733254_a_at,1.340346465196728,FXYD3,False
11719707_a_at,1.3402208851892456,DHRS13,False
11756947_a_at,1.339909930195277,CTSB,False
11731792_x_at,1.339549558483474,SLC27A6,False
11726712_a_at,1.3394879818307124,TFIP11,False
11749027_x_at,1.3392317728881737,HERPUD2,False
11745349_a_at,1.337993811781803,PROC,False
11726716_at,1.337635921326306,DDX59,False
11726713_a_at,1.337627088325044,COG1,False
11731747_at,1.337394281973387,HEPACAM,False
11740859_a_at,1.3367675658364018,G6PC2,False
11734297_s_at,1.3364788214224161,ZXDA,False
11743489_a_at,1.3360303352757552,C14orf93,False
11744371_s_at,1.3357895835642626,CLDN4,False
11757248_s_at,1.3357474631817237,RPSAP9,False
11730097_at,1.3355043040361403,DUSP21,False
11740148_x_at,1.3347176703359522,ZNF429,False
11738197_x_at,1.3347095584081676,SLC13A4,False
11754370_x_at,1.334190623943665,SYTL1,False
11745870_a_at,1.3339549716741275,MTHFD2,False
11715774_s_at,1.3338557287455886,IMP3,False
11731259_a_at,1.3336635766015528,SCUBE1,False
11717221_s_at,1.3334790730291768,PPP3CB,False
11732227_a_at,1.3333967795077217,PEX10,False
11723167_at,1.3333086276789865,EPHB2,False
11756141_s_at,1.3322715699679142,KDELR2,False
11756439_a_at,1.3319765054431938,ADHFE1,False
11729624_at,1.3317618701573422,DCAF7,False
11750083_at,1.3314603442194897,FAM195A,False
11748943_a_at,1.3310215975323345,CHD4,False
11729575_a_at,1.330770523945906,XBP1,False
11745850_a_at,1.3306954731867708,SCP2,False
11718939_s_at,1.3303814798827234,TNFAIP3,False
11758986_at,1.330260535280287,ZNF48,False
11756163_a_at,1.33024505445716,MRPS34,False
11727601_a_at,1.3301951119859063,WFDC1,False
11726031_a_at,1.3300486776707237,CSNK1G3,False
11719603_a_at,1.329963173878891,PTPN9,False
11733985_at,1.3296060878928986,SLC5A8,False
11737673_at,1.3289788127158593,PABPC1L2A,False
11763581_a_at,1.3289542731857567,SLC30A6,False
11722564_at,1.3288239073969819,CYP51A1,False
11754773_a_at,1.3287638907623545,WWC2,False
11736416_s_at,1.3284302303412936,CCDC82,False
11729911_a_at,1.3282965548338654,IBA57,False
11717150_s_at,1.3280611161842912,USB1,False
11734640_at,1.3276954164733736,PTH2,False
11743821_x_at,1.32644763146532,NTPCR,False
11737766_at,1.3263296885763571,TIGD1,False
11727798_at,1.3262233418118883,CHRM1,False
11716606_s_at,1.326194770091492,STOML2,False
11740488_x_at,1.3261725316661856,DSC1,False
11759415_at,1.32588161644783,SLC51B,False
11757933_s_at,1.3257757460440063,BTG2,False
11752223_x_at,1.3257492194923863,POLH,False
11738612_at,1.3256238536923184,OR2B2,False
11758212_s_at,1.324631664829611,EFCAB14,False
11723689_at,1.324574641346076,CREBL2,False
11718995_at,1.3244297913022722,DDX20,False
11724943_at,1.3243314852139279,CLSTN2,False
11740730_a_at,1.3243010357321408,FUOM,False
11740655_at,1.3240984307141832,GRIN2C,False
11730361_at,1.3240838169885578,CCDC126,False
11755594_a_at,1.3237325998544653,KRT71,False
11737137_a_at,1.3235503338524963,EQTN,False
11727976_a_at,1.3234038328321407,KLK1,False
11728366_a_at,1.323364735399719,LBP,False
11731345_at,1.3232580964152474,UFSP1,False
11742019_a_at,1.3231888646357535,ARID1A,False
11750655_a_at,1.322999853968613,CDHR1,False
11730537_a_at,1.3229966261319601,LTA,False
11716508_at,1.3229166673959885,CUL3,False
11754203_a_at,1.3224341168154734,PNPLA8,False
11723755_x_at,1.3222182677295884,TCF21,False
11729784_a_at,1.32197560893346,CMTM2,False
11746703_a_at,1.321858434930352,FAM219A,False
11724913_s_at,1.3214255651279279,ILK,False
11724999_a_at,1.3211554327404116,GLTSCR1,False
11722728_a_at,1.3209524515046163,EGR2,False
11759126_a_at,1.3208867448613142,THRA,False
11721335_x_at,1.320725927844693,PLOD2,False
11749988_x_at,1.3206661024156,AUH,False
11729025_a_at,1.32017875304005,ILDR1,False
11734851_at,1.3198386033597391,KIAA0226L,False
11758739_at,1.3192482719363436,TMEM258,False
11733692_a_at,1.318073693297737,TSSK4,False
11730922_at,1.3180579537867778,NHLRC4,False
11738817_a_at,1.3179788821324008,ERVW-1,False
11744222_a_at,1.3178470710801515,ATP5D,False
11731785_at,1.3177446004342415,IL9,False
11735375_at,1.317594983178791,MIXL1,False
11753608_a_at,1.3174260292578868,GPER1,False
11735080_at,1.31687730116286,AHDC1,False
11730603_a_at,1.3167530229884388,FAM13C,False
11753323_a_at,1.3163957148417476,WBP2NL,False
11724486_at,1.3160982313515543,BFAR,False
11737420_a_at,1.316094901718898,WNT16,False
11715612_s_at,1.3156187218309658,TMX2,False
11719011_at,1.315541957542548,TMEM99,False
11735077_a_at,1.3154868830761892,CYP2C18,False
11740560_x_at,1.31536193246754,NSMAF,False
11719349_at,1.3153581136312034,PIK3R4,False
11740519_at,1.3152636341035582,PSMB11,False
11727338_a_at,1.3152600891680852,CARNS1,False
11726009_a_at,1.3151691439214812,CBR4,False
11755399_a_at,1.3149927509844512,COL18A1,False
11728730_at,1.3148747269449474,DSCC1,False
11721188_a_at,1.3146264913618926,ARHGEF9,False
11747267_x_at,1.3143239392733386,TNNC2,False
11746723_a_at,1.3142658693851443,NPC1,False
11718765_a_at,1.3135988972287527,NDUFA6,False
11728187_at,1.313365151492108,SLC35D3,False
11757182_a_at,1.3129574842487852,UHMK1,False
11717452_x_at,1.3126221325785297,NEK7,False
11723743_a_at,1.3125837386523949,CADM3,False
11737252_a_at,1.3121665480213869,SLC16A11,False
11721922_at,1.3120966716071163,PRKCB,False
11742380_at,1.3116637843321142,OR52A5,False
11726222_a_at,1.3115051629652692,GCK,False
11733605_a_at,1.3114168926403929,RNF148,False
11760428_at,1.3113200607921716,CCNG2,False
11739307_s_at,1.3113097124912394,ZNF770,False
11740245_a_at,1.311181107506457,PTHLH,False
11730965_a_at,1.3103182374690872,MAPK11,False
11746600_a_at,1.3097640522457703,MCOLN3,False
11757994_s_at,1.3097242850428867,ZNF674,False
11733833_a_at,1.3095110876004867,MAP2,False
11763592_a_at,1.309134990998561,TARID,False
11748838_a_at,1.3090823809594168,C20orf27,False
11716017_at,1.3089972548614925,MAL2,False
11724959_s_at,1.3085887018709954,CDK14,False
11755510_a_at,1.3082060224961347,PCCB,False
11752062_a_at,1.3081933062850026,SUN2,False
11727445_a_at,1.3075913914869715,TMEM255A,False
11735038_a_at,1.3075485140915812,SORCS1,False
11738767_at,1.3074508903810005,OR8B4,False
11725034_at,1.3070330175496903,SYP,False
11761953_at,1.3064677709862136,FXYD2,False
11762095_at,1.306411233767294,HLA-DPB2,False
11728345_a_at,1.3060593011420194,GTF2E1,False
11738722_at,1.3053879994044135,OR6X1,False
11720091_a_at,1.3052050269483666,MINPP1,False
11755496_a_at,1.305187605730793,RITA1,False
11749528_a_at,1.3051640736398888,CDCA7,False
11753171_a_at,1.3051053893384825,PGC,False
11739354_x_at,1.3049901835851299,CHDH,False
11734252_at,1.3048963738402235,TMEM87A,False
11719433_at,1.3048580385716035,HECA,False
11740918_a_at,1.3046521305563066,PHYHIPL,False
11745805_a_at,1.3043909340213762,AMMECR1L,False
11718256_a_at,1.3043851220095413,URGCP,False
11723923_s_at,1.304286452867554,IPO13,False
11740561_at,1.3040352578864927,HTR1F,False
11748812_s_at,1.3037292601424646,SLC30A8,False
11741133_s_at,1.3035389031469609,HNRNPF,False
11725533_at,1.3033126525199656,ZNF618,False
11762392_at,1.3032466147757897,MYO9A,False
11724924_a_at,1.3025832021329204,PPP1R9A,False
11726096_s_at,1.302286745340946,RBMXL1,False
11730697_at,1.3022209157413869,DCAF12L1,False
11742495_x_at,1.3022055417288618,SFTPA1,False
11760948_at,1.3016397246421962,ANAPC2,False
11757173_x_at,1.3014554384192498,SNORD94,False
11726442_a_at,1.301162885204101,YBX2,False
11740555_at,1.300536729194425,POU5F2,False
11731687_at,1.3004661229129562,SLC25A31,False
11722775_a_at,1.3001294291379277,DIDO1,False
11724383_at,1.3000504197401301,ST6GAL2,False
11720647_a_at,1.29953401535763,BUB1B,False
11729935_a_at,1.2990961954764497,PITX2,False
11715530_a_at,1.2983603709380322,CCT6A,False
11745459_a_at,1.2982765211371843,FADS1,False
11735269_x_at,1.2974679453035967,SLC41A2,False
11754462_a_at,1.297277303256571,RSPRY1,False
11759993_at,1.2971700150003158,ORAOV1,False
11751584_a_at,1.2970661920049846,TATDN3,False
11732157_x_at,1.2970609892150449,UFM1,False
11763292_at,1.2970404166235467,ENDOV,False
11734502_a_at,1.2962161047592256,NUP98,False
11740653_a_at,1.2961508805423136,HCRTR1,False
11755570_s_at,1.2959190856645821,HSFY1,False
11758709_s_at,1.2958062268330244,RDH11,False
11755100_a_at,1.295414472619962,COL16A1,False
11749699_a_at,1.2954121751185883,SGSM3,False
11755432_a_at,1.294683133624134,AGO1,False
11759535_at,1.293902280027986,MRPS12,False
11756946_x_at,1.2938283507216133,TBC1D10C,False
11735300_a_at,1.2938196383785772,FANCB,False
11752411_a_at,1.2937933283902765,CCDC8,False
11727819_at,1.293772499449096,DDX46,False
11761183_at,1.2937603859968017,ZNF250,False
11721566_s_at,1.2936506512301478,KBTBD11,False
11753196_a_at,1.2935845479007033,CDC40,False
11725148_at,1.2935517333008133,C9orf40,False
11749888_x_at,1.2935132900965758,ORAI3,False
11757586_a_at,1.2934791201915907,SLC27A5,False
11759622_s_at,1.2934742324579858,DDX21,False
11752773_a_at,1.2934364458959533,PAX4,False
11754560_s_at,1.2929494353337296,POM121L8P,False
11757057_x_at,1.2927648038956296,PLA2G2A,False
11740379_s_at,1.2925917875768542,RHOT1,False
11756682_x_at,1.292045491930635,INO80B-WBP1,False
11728107_a_at,1.2920312334185682,SLC23A3,False
11744075_at,1.2919493656569367,UBE2QL1,False
11731201_at,1.2917440140880532,FIGN,False
11745252_at,1.2916951511332466,LINC00346,False
11745572_s_at,1.2910352676520844,DPY19L1,False
11763527_at,1.2906782767175982,MAP2K5,False
11743947_a_at,1.290631877413548,GGACT,False
11723892_at,1.2901001326010573,MTL5,False
11759492_at,1.2900669938243772,RPS27L,False
11719248_a_at,1.2899098576311017,AIM1,False
11754405_s_at,1.289872316101972,CLIC4,False
11730961_a_at,1.2895157693759083,TPM1,False
11719644_a_at,1.2894310015993629,GATAD2A,False
11716618_at,1.28924432769428,SS18L2,False
11755852_s_at,1.2892348945850403,PRRC1,False
11732551_at,1.2889516025603913,PTGER2,False
11715595_a_at,1.2889011455194181,PSMB7,False
11741809_at,1.2884657359510225,HIST1H3J,False
11761468_at,1.2880876184385324,TFAP2A,False
11720895_at,1.2879719081763923,SOS1,False
11736974_a_at,1.2878058559869532,SMURF1,False
11725228_a_at,1.287452207407685,P2RY6,False
11756389_a_at,1.2872398280375958,HAPLN2,False
11733526_a_at,1.28704321600467,GABRR1,False
11753976_a_at,1.286986952035944,ZMYM3,False
11741935_at,1.2869735338593689,LBX1,False
11734764_at,1.2867068568028948,FGFR1,False
11752407_x_at,1.286620177776109,EMX1,False
11734289_at,1.2862469473470695,DLGAP2,False
11724275_s_at,1.2856834790688147,TMEM158,False
11763133_x_at,1.2854881842796302,RAB6A,False
11723698_a_at,1.285252166946024,OAS2,False
11761934_at,1.2847762922410622,NANOGP1,False
11759130_at,1.2845430021240514,UNC5D,False
11731864_at,1.284519740020305,NKX2-2,False
11733280_a_at,1.2842603901873118,ACHE,False
11727490_x_at,1.2842020202198605,KIF11,False
11737461_at,1.2840840003335154,LINGO4,False
11717496_a_at,1.2840771089985634,IMPA2,False
11737677_at,1.284071126165443,BTBD18,False
11740506_at,1.2837940463105606,FRRS1L,False
11733179_a_at,1.2837734250187796,SH3GL3,False
11747083_a_at,1.283534125022146,AMACR,False
11743159_x_at,1.2833634896042379,FGG,False
11731087_a_at,1.283291041766047,TM9SF1,False
11744614_x_at,1.2831654260067975,SLC6A13,False
11741469_a_at,1.2831109984526725,NPC1L1,False
11743259_at,1.2826415738770576,PHF13,False
11752418_a_at,1.282604829490019,AFAP1L1,False
11729424_s_at,1.282066485134068,CCRL2,False
11760359_at,1.2818151320769284,PIK3C2A,False
11738346_at,1.2817582190136212,ZNF713,False
11761415_at,1.2812391266912277,CTHRC1,False
11719146_x_at,1.2808302878304354,TMEM54,False
11736461_at,1.2805261113081283,RAB3B,False
11719918_s_at,1.2803018159327282,PELO,False
11740323_at,1.2802142276567392,TCTEX1D1,False
11721067_s_at,1.2799625340514742,MGRN1,False
11720619_a_at,1.279660783686467,C19orf25,False
11748912_a_at,1.2796343611704972,LMF1,False
11757644_a_at,1.2796328633560972,PASD1,False
11742130_a_at,1.2796175277677861,HTR4,False
11741950_at,1.279551116550005,GRM6,False
11752835_a_at,1.2794530811883618,AKT1S1,False
11728101_at,1.2793792392835421,ZNF367,False
11743172_a_at,1.2792933170428582,SLCO4A1,False
11762081_at,1.2792407158853967,DMC1,False
11735086_x_at,1.2792109173316808,CUBN,False
11723487_a_at,1.2789172094577217,LAMB1,False
11756769_a_at,1.2785586779519966,IL12A,False
11741415_a_at,1.2784691093502536,IQCH,False
11750670_a_at,1.27793348695662,ZNF214,False
11742995_at,1.2777660983645054,RAB10,False
11754549_a_at,1.2777282585242429,AGTPBP1,False
11722474_a_at,1.277034654356958,DGKQ,False
11755334_s_at,1.2770050456667914,TNPO2,False
11750156_a_at,1.2769675611296838,GABRG2,False
11723673_a_at,1.2768145180873232,PSEN2,False
11736848_a_at,1.2763486640074275,B4GALNT3,False
11723471_a_at,1.27574193016927,CHM,False
11760370_x_at,1.2751089311149786,HLA-H,False
11744823_s_at,1.2750198736477794,GPR89A,False
11742926_at,1.2749315963947179,CPT2,False
11746619_a_at,1.2748399727186572,RTEL1,False
11729282_x_at,1.2747287652088604,PTP4A3,False
11723114_s_at,1.2746927988032626,CENPC,False
11744385_a_at,1.273718873439833,C16orf91,False
11718060_a_at,1.2736691026238196,TTYH2,False
11732476_at,1.273186357837576,NAT2,False
11732040_x_at,1.273105114085293,SSX4,False
11743224_a_at,1.2729615328601098,IQSEC3,False
11725324_x_at,1.2729036842533168,TSPAN31,False
11734314_at,1.2725734555538506,SPTA1,False
11727406_a_at,1.2718134598719928,TEK,False
11731382_a_at,1.2711736428602411,BEST3,False
11752042_a_at,1.2700600521238405,BRINP2,False
11740058_at,1.270024421957925,TMPRSS11A,False
11738978_x_at,1.2699580920542042,KRTAP23-1,False
11761347_at,1.269468672139852,CLCN2,False
11748506_a_at,1.2694655121173293,HTR2C,False
11735960_at,1.269068399596307,FGF6,False
11735849_at,1.2690520269022176,CSNK1A1L,False
11748230_a_at,1.2690216273861377,CORO1A,False
11743564_x_at,1.2688410928729537,MAP7D3,False
11757947_s_at,1.26828461400022,PSMD5,False
11761935_at,1.2673804092384142,HNRNPLL,False
11738429_x_at,1.267229462627124,POU1F1,False
11720723_at,1.2670590472526657,ZNF408,False
11757030_at,1.2670456038443425,ECH1,False
11757447_s_at,1.2668587459660836,CYTH3,False
11749413_a_at,1.2666443994935774,ABLIM3,False
11749160_a_at,1.2663081544628538,SPHK2,False
11718783_a_at,1.2662740935457313,HPX,False
11738678_at,1.265971020722437,OR8G5,False
11756303_a_at,1.2657237249816078,SH3TC1,False
11727920_a_at,1.265537371533879,OSTF1,False
11758714_s_at,1.2653913715243756,ITIH2,False
11723681_a_at,1.2651619726297054,USP34,False
11753410_a_at,1.265060451552685,RHOA,False
11757895_s_at,1.2650307574250341,TULP4,False
11731078_a_at,1.264984826954398,SLCO5A1,False
11741635_at,1.2645821102555561,GPR6,False
11736706_a_at,1.2645318421863023,HPS5,False
11754277_a_at,1.2643738158441822,ADH4,False
11739016_a_at,1.2640516742530146,ERMN,False
11731181_a_at,1.2634884737875707,EPSTI1,False
11747934_x_at,1.263442260097528,DTX2P1-UPK3BP1-PMS2P11,False
11733678_at,1.262771885722215,C4orf50,False
11758368_s_at,1.2625454701439107,SGTA,False
11758087_s_at,1.2617631608627846,DPYS,False
11716740_a_at,1.261615728056979,SLC6A8,False
11726953_at,1.260955841404622,ADAMTS14,False
11723019_at,1.2609012376540978,SUSD2,False
11716856_a_at,1.2608057168484128,B4GALT3,False
11725240_at,1.26077735502334,RTP4,False
11747825_a_at,1.2607509814578488,ACAD11,False
11750755_a_at,1.2605439910640628,OLFM3,False
11746488_a_at,1.2604639758257639,B9D1,False
11763927_at,1.2602849112774501,SNORD12B,False
11759532_at,1.2600457051380685,FIP1L1,False
11736481_at,1.2599015687847812,TREML2,False
11758131_s_at,1.2598353287531094,NDNL2,False
11744074_a_at,1.259482967709341,GLI4,False
11735944_x_at,1.2594668435411507,TTC21B,False
11731635_a_at,1.2594595613708564,GAB1,False
11726926_s_at,1.2591144897242332,CT47A1,False
11749497_a_at,1.258916436791483,DHX58,False
11741901_x_at,1.258659798753358,KIR2DL5A,False
11735468_at,1.2586326282491533,MC4R,False
11726773_a_at,1.2585213085815878,PRKCI,False
11751892_a_at,1.2581073115824555,NWD1,False
11734879_a_at,1.2580379903922452,TTLL2,False
11758266_s_at,1.2577214902033491,PSMD2,False
11736746_a_at,1.2574062208320227,ADAM28,False
11737329_at,1.2568611235422402,SLC26A4,False
11754654_a_at,1.2561386668798813,KCTD2,False
11734823_a_at,1.2555234902027754,APBB2,False
11742739_a_at,1.2551754051635657,MIOX,False
11746470_a_at,1.2549589391519207,MAP4K4,False
11754874_a_at,1.2546592597126822,LGI1,False
11736231_at,1.2545280061648894,ZNF362,False
11728081_s_at,1.2542829331049645,BARX1,False
11722541_a_at,1.2540662577046653,HIVEP2,False
11754507_a_at,1.25348976904116,ZCCHC11,False
11724259_at,1.2533819977824934,COQ10B,False
11715711_a_at,1.2532077149587082,AKR1C3,False
11728569_at,1.252920146296915,GSTCD,False
11732110_a_at,1.2528626977754418,IL4I1,False
11754636_a_at,1.252541093977277,ZNF708,False
11754858_a_at,1.2524096509075457,ZNF383,False
11718917_a_at,1.252335252716837,PAK4,False
11739418_at,1.252289412743173,IRGQ,False
11746448_a_at,1.2521602486830774,ARHGAP35,False
11755312_a_at,1.2517587822637495,FBXO25,False
11756694_a_at,1.2517535331821534,RNF44,False
11723097_a_at,1.2514561476893828,VTCN1,False
11750189_s_at,1.2512606817212129,CD44,False
11723328_a_at,1.250800574320628,PTRH1,False
11747405_a_at,1.2506958143321392,EPDR1,False
11721569_a_at,1.250220684363412,ANG,False
11725121_x_at,1.2500746574378931,GATAD1,False
11722133_a_at,1.2497772169469379,MGAT3,False
11726414_a_at,1.2495661527053001,EPM2A,False
11720821_x_at,1.2494198403126877,FUNDC2,False
11720898_a_at,1.2491634549317863,MTM1,False
11761019_at,1.249129517320965,LINC00525,False
11732734_a_at,1.2489369331696099,IL36RN,False
11749239_s_at,1.2486563518516431,ZNF672,False
11740521_a_at,1.2482148665840438,ALDH1L2,False
11719327_a_at,1.2480594768251747,CRELD2,False
11732860_at,1.2480044969638626,LINC00518,False
11745258_s_at,1.2479136522776382,RBM14,False
11737400_s_at,1.2476213381113936,EPPIN-WFDC6,False
11728963_a_at,1.2473848697340806,P2RY11,False
11739598_a_at,1.2472499961019772,ZNF398,False
11724651_a_at,1.2471818379281734,LMBR1,False
11755379_a_at,1.2471677936701462,SMPDL3B,False
11753810_a_at,1.2471612602408857,CCL5,False
11738749_at,1.2467656447877014,OR52E4,False
11745044_x_at,1.2462878637214354,PCYT1B,False
11737367_a_at,1.246232849264864,DYDC1,False
11745654_a_at,1.2460837900641522,ST6GALNAC3,False
11715952_a_at,1.2459342308183126,MBTPS1,False
11754651_a_at,1.2456851333394587,KRBA1,False
11731057_s_at,1.2456623749812747,CLCNKA,False
11729922_a_at,1.2454599913108222,RENBP,False
11735525_a_at,1.2446360574298228,CLDN14,False
11736301_at,1.2445417951533608,HM13,False
11738702_at,1.2442483892516187,OR11H4,False
11741864_at,1.24423341464172,OR7C1,False
11738406_x_at,1.2440442442037856,KRTAP1-1,False
11725367_at,1.2440305029395966,IER5L,False
11740982_at,1.2440020619519412,C1orf68,False
11755479_x_at,1.2436727772212977,ZNF528,False
11737326_a_at,1.2436647350145766,SLC6A9,False
11740477_a_at,1.243523180897271,SP8,False
11759185_at,1.2434581265835,GPR153,False
11749270_a_at,1.2434448472482464,GPRC5B,False
11749418_a_at,1.2427908685223688,BAIAP3,False
11758398_s_at,1.2427110265685428,LYSMD3,False
11716449_a_at,1.2425154106278182,DDX56,False
11721089_a_at,1.242347476492531,YLPM1,False
11746194_x_at,1.2423239175648595,METTL3,False
11737207_at,1.2422482847116403,C1orf189,False
11753042_x_at,1.2421252575539794,KREMEN2,False
11733737_at,1.2421141891885539,IL22,False
11749650_x_at,1.2420876399243845,A2ML1,False
11739136_at,1.2420343212450915,COL5A2,False
11727650_a_at,1.2419286331364874,MFSD7,False
11725200_a_at,1.2417604754345581,PTH1R,False
11757135_x_at,1.2415603939682978,SNORA49,False
11757487_x_at,1.241321118254352,ESRRA,False
11757071_s_at,1.2405302474698738,STEAP1,False
11762222_at,1.2403987387732647,GOLGA6L7P,False
11754389_x_at,1.2403268034666814,LRRC57,False
11723274_a_at,1.240103346608091,SLC35F2,False
11749796_a_at,1.2399237866609527,ERGIC1,False
11738666_at,1.239556891629401,CD300LD,False
11756610_a_at,1.2394758573918228,CD226,False
11724786_s_at,1.2393800071112269,GSKIP,False
11761144_a_at,1.239332060813921,DDX39B,False
11754053_x_at,1.2392774404915095,TPI1,False
11750840_s_at,1.2378220885876887,TGFBR2,False
11757957_s_at,1.2376338793717825,SOX6,False
11757974_s_at,1.2374903045337289,POLK,False
11723975_x_at,1.237456736689424,APOL3,False
11735786_at,1.2371617490830629,BARX2,False
11721176_at,1.237117103613482,PPP1R26,False
11727473_at,1.2369163852891545,CLC,False
11742847_a_at,1.2369105693165112,PPP1R13B,False
11757139_x_at,1.236752298647991,SNORA5A,False
11721687_at,1.2365088616040267,ID4,False
11716757_a_at,1.2360105132294172,DHX30,False
11717009_s_at,1.2358060396195225,MCFD2,False
11715349_a_at,1.235775322721342,COX7C,False
11754800_s_at,1.235700163439155,GFM1,False
11733442_x_at,1.2353659460180282,SAA1,False
11717463_x_at,1.235317910835924,NSUN2,False
11762186_x_at,1.235268270658919,SLC39A3,False
11750692_s_at,1.2350101934389175,TCAF1,False
11725476_at,1.2349969876331415,ACAP1,False
11727114_a_at,1.234711253305087,MARK2,False
11751760_s_at,1.234544820092875,LSM12,False
11728147_s_at,1.2337155157349644,AQP11,False
11754870_x_at,1.2333172902065261,MB21D1,False
11715394_s_at,1.2328068785268678,CD81,False
11760955_at,1.2327095160240253,NDUFA8,False
11719102_at,1.2324623342082877,SENP6,False
11763019_x_at,1.2321992198373883,PNRC1,False
11760890_x_at,1.2320228560192883,LOC220729,False
11740729_x_at,1.2318288727547835,KRTAP5-8,False
11760677_at,1.2317311780007845,JPH3,False
11731601_a_at,1.2316243085297558,SHCBP1L,False
11718086_s_at,1.231568083784395,SHKBP1,False
11741780_at,1.231500629139257,C10orf91,False
11726282_s_at,1.2313493029475129,BCR,False
11719198_s_at,1.2311095731604107,CCND2,False
11759055_at,1.2309473235009512,TMEM72,False
11753365_a_at,1.230916543158134,DCSTAMP,False
11720869_a_at,1.2306290302708587,SMG6,False
11718049_s_at,1.2304621524522374,GLRX,False
11743213_at,1.2292452259278284,TAAR6,False
11735149_at,1.2291936737729234,ANGPTL6,False
11754079_s_at,1.2285961035356205,NDUFA5,False
11725124_at,1.2284564247679564,CST7,False
11748185_a_at,1.2281050714535893,CCDC57,False
11746455_a_at,1.227937526713722,JAM2,False
11735882_at,1.2278845781444723,KCNH4,False
11740696_a_at,1.227084995688068,ACSM1,False
11754950_a_at,1.2270328638503563,SSR4,False
11752701_s_at,1.227010152628063,RHCE,False
11748978_a_at,1.2269114047950274,FAM109A,False
11752389_a_at,1.226893918615768,HTR3E,False
11754098_a_at,1.2264716184889872,AGO2,False
11729825_at,1.226274260698461,BMPER,False
11720051_at,1.2260452774521489,SPOCK1,False
11725119_a_at,1.226021392892071,BORCS5,False
11742159_at,1.2259322862180904,OR2M4,False
11730085_at,1.225821565758731,C10orf62,False
11746022_s_at,1.2258193965816744,TDGF1,False
11729232_s_at,1.2257756557742305,KLF3,False
11763914_a_at,1.2256556138048913,SNHG17,False
11732061_at,1.2250979005403717,RPA4,False
11751788_x_at,1.2250912258525122,DBF4B,False
11718658_s_at,1.224526744609601,CD34,False
11761510_at,1.22439283824113,KIN,False
11719372_s_at,1.224376365851912,NGFRAP1,False
11736038_x_at,1.2240768869926508,TADA3,False
11719679_a_at,1.2240622831354435,EPN2,False
11727124_s_at,1.2235324910465983,LRP2,False
11738675_at,1.2235050090305726,OR5AU1,False
11724621_a_at,1.2234183048784897,WDR78,False
11731947_at,1.223360921141815,PAQR9,False
11747230_a_at,1.2229604319132992,BUB1,False
11761369_at,1.22282387572794,RAPGEF5,False
11756582_a_at,1.2227433692222796,TRNAU1AP,False
11753981_a_at,1.2225203895923042,VEPH1,False
11751946_a_at,1.2215504561319308,ARHGAP21,False
11721460_s_at,1.221341609607597,TAPBPL,False
11759136_at,1.2208641760537058,PABPC3,False
11724650_a_at,1.2205800412310792,MEIS2,False
11723566_a_at,1.2201356431266392,CAPN7,False
11729573_at,1.2199097905679233,KHDC1L,False
11743839_a_at,1.2196719735586001,ST3GAL6,False
11735655_at,1.2196176487536494,ATOH7,False
11728561_a_at,1.219400098909174,TSNAXIP1,False
11762247_x_at,1.2193558158575541,PGAM1P4,False
11737033_a_at,1.2190082554316206,SLC41A3,False
11724142_s_at,1.2186450674159581,RAB11FIP2,False
11751916_a_at,1.2185541287530335,KIAA0586,False
11752552_a_at,1.2180190821663957,MCCC1,False
11725538_a_at,1.2179752182635488,FAM199X,False
11738800_a_at,1.2177821747637505,BRWD3,False
11725756_at,1.2175661814357461,LRRC47,False
11761754_x_at,1.2175512431628295,MST1P2,False
11721895_x_at,1.2170728293417405,GAS1,False
11740437_a_at,1.2169126828366263,MYOM1,False
11716328_a_at,1.2165767355916188,GJA1,False
11738443_at,1.2163729693075915,OR6B1,False
11735236_x_at,1.2157366184846192,SNX7,False
11739512_a_at,1.215681788031891,TIMM50,False
11744230_s_at,1.2154084940656533,RASL11B,False
11728819_x_at,1.2150807381649127,HAUS2,False
11749863_a_at,1.2149800686469874,TBP,False
11724309_s_at,1.2146645388229735,PHOX2A,False
11715985_x_at,1.2143572861217975,HTN3,False
11757109_s_at,1.2143475188797719,GSTTP1,False
11760429_at,1.214138838738665,CHCHD3,False
11731438_x_at,1.2141303854904308,MED6,False
11742070_at,1.2138529881863396,CYP11B2,False
11715746_a_at,1.2134009003902173,MINOS1-NBL1,False
11729734_a_at,1.21321034932704,VIL1,False
11750877_a_at,1.2131366521046703,ANKS3,False
11756346_a_at,1.2124865969139347,FAM102B,False
11751179_a_at,1.2124839047040712,TMPRSS5,False
11744991_a_at,1.212126319561762,ACACB,False
11757836_s_at,1.2115954992869107,SEC24A,False
11737373_at,1.2115917579149857,TCP11L2,False
11732229_a_at,1.2115312131683242,NEUROD6,False
11750963_x_at,1.2113999605961636,JPH2,False
11719132_s_at,1.2113854637999808,FAM49B,False
11745985_s_at,1.2111004071613602,SRRM1,False
11722662_a_at,1.2110634587136972,HPSE,False
11750305_a_at,1.2107254211692933,PPFIA2,False
11716886_a_at,1.210309052795297,VPS45,False
11735723_s_at,1.2101848941407616,RBCK1,False
11753625_a_at,1.2101666725404518,TMEM9,False
11730103_at,1.2099750263050821,SCN9A,False
11731691_at,1.2096879876409465,TTC30B,False
11724855_at,1.209222032163212,RND2,False
11734383_a_at,1.2090558015550095,AQP10,False
11752915_a_at,1.2080625698572651,RYR2,False
11757116_x_at,1.2078828929689225,SNORA26,False
11742446_s_at,1.2077209298447318,FOXD4L5,False
11734146_at,1.2076889674306661,NAALADL2,False
11715194_s_at,1.2068784861529434,ZNF835,False
11738439_x_at,1.2067352666501643,IFNA7,False
11734209_at,1.2067324858855775,CNTF,False
11738019_at,1.2066220690201512,RTP2,False
11718709_a_at,1.2066171075521777,TBC1D9B,False
11753395_s_at,1.206324268131266,CDKN2B-AS1,False
11716319_at,1.2062223921050188,IGBP1,False
11738231_at,1.206068096308234,MYH13,False
11755963_a_at,1.2058154247145827,TTLL13P,False
11756890_s_at,1.2054266391799058,ATP5A1,False
11751668_a_at,1.205266084464667,AGPAT1,False
11721887_a_at,1.204949705290153,CRYM,False
11746933_a_at,1.204026973586004,ATP6V0A2,False
11729002_a_at,1.2037122702369465,CDK13,False
11720938_a_at,1.203591292193365,TIMM17B,False
11722891_s_at,1.2033460758465244,SLC17A7,False
11726361_a_at,1.2032350750823464,ATXN3,False
11756651_a_at,1.203101919712208,TAF12,False
11732031_at,1.2029691510244183,OTOS,False
11734233_at,1.2028567489989894,TMEM253,False
11724127_a_at,1.2024645569193246,MID2,False
11751583_at,1.2023594753602451,LOC100288162,False
11733358_a_at,1.201918446311535,PDE1A,False
11760033_x_at,1.2017014077285046,CRB1,False
11715731_at,1.20166017929141,CYP19A1,False
11739779_a_at,1.2014991175959326,HFE2,False
11731716_at,1.2012133472195532,ACKR2,False
11724905_a_at,1.2010744514065148,MAP4K5,False
11716538_x_at,1.20093347681483,SZRD1,False
11750705_a_at,1.200469332617922,OSBP2,False
11716667_a_at,1.2003911109043237,MTHFD1,False
11725222_a_at,1.2000770469444966,SNTB1,False
11719864_a_at,1.2000352129962828,SMAGP,False
11760901_at,1.1999818859766311,NAPSB,False
11717954_s_at,1.1995613390814568,MOGS,False
11758455_s_at,1.1995109155105836,THAP6,False
11735212_at,1.199194861592649,STYK1,False
11733425_at,1.1989612617712755,PMCH,False
11728575_a_at,1.198776277410548,CWH43,False
11724043_a_at,1.1986331607363592,PDZD4,False
11735714_a_at,1.1985999420332232,OARD1,False
11741426_a_at,1.1982767429462606,ISLR2,False
11740628_s_at,1.1982374642491422,CARD14,False
11733050_a_at,1.1981578555392325,HP1BP3,False
11717261_a_at,1.197750231509715,AMFR,False
11725946_a_at,1.1968563945557247,MPP2,False
11737875_x_at,1.1968268973064489,KIR3DS1,False
11753895_x_at,1.1965866751475374,MPST,False
11762059_at,1.1964159361114293,PDGFA,False
11731739_a_at,1.1962391501585685,PROX1,False
11728070_at,1.1953458097959533,LHFPL4,False
11722713_a_at,1.1953335471956013,XPA,False
11716168_s_at,1.195086867735057,MRFAP1L1,False
11731171_a_at,1.195043190056445,GLDN,False
11742277_at,1.1945646413171225,ASIC5,False
11737165_at,1.1941999893233501,RBPJL,False
11729556_a_at,1.1940665348768773,EYA2,False
11734170_at,1.1931530050948636,LINC00632,False
11755611_a_at,1.1923201736944364,PFKFB3,False
11728808_at,1.1922851591465653,CHAC2,False
11740712_at,1.1922672039647855,ZNF483,False
11740567_a_at,1.1918307259451233,C16orf46,False
11742209_a_at,1.191791951172299,PDE8A,False
11717218_a_at,1.1912824851753552,STK10,False
11716700_at,1.1910971382827416,SNAPIN,False
11733798_at,1.1908253552661598,DDX5,False
11742745_a_at,1.1907466152746875,PLIN2,False
11733282_s_at,1.1903366906564607,KRBOX4,False
11759906_x_at,1.190325374179227,EXD3,False
11744441_a_at,1.190185161300553,BASP1,False
11727735_a_at,1.1901477974839942,TMEM91,False
11759679_at,1.19013071749771,TRPM1,False
11717067_a_at,1.1897499526465798,GREM1,False
11758821_x_at,1.1896078383861257,HLA-DQB1,False
11731982_a_at,1.1895963488521248,LYPD4,False
11719098_a_at,1.1894054612103164,MVK,False
11719741_a_at,1.189357852034665,DCP2,False
11759716_x_at,1.1892438314860323,NPIPA5,False
11761276_x_at,1.1890607872225072,CES4A,False
11755484_a_at,1.189050518645058,NUP107,False
11730513_a_at,1.1889934299490013,LSMEM1,False
11763388_at,1.1882683388672646,LOC100996345,False
11733432_at,1.1881383600673754,AK7,False
11749593_a_at,1.1879130471484503,PPP1R3C,False
11730623_at,1.1876087707821896,DSEL,False
11755822_a_at,1.1870514585936502,TDO2,False
11723970_at,1.1867398492788859,MAPKAPK5,False
11722836_a_at,1.1861804693168008,FUBP1,False
11743615_s_at,1.1861225588813822,USP47,False
11729324_s_at,1.1857810277292165,ASB5,False
11734293_a_at,1.18562175312412,KCNJ11,False
11742486_s_at,1.1855665880531585,PRAMEF19,False
11739404_at,1.185551779609772,KMT5B,False
11758569_s_at,1.1855026067376828,HIST2H2BF,False
11741996_at,1.1854862318162096,VN1R10P,False
11743291_a_at,1.1853959540463843,GALNT1,False
11743000_at,1.185074482814982,CD83,False
11729807_a_at,1.1845820443313242,COX6B1,False
11721664_a_at,1.1843733523044653,TP53I13,False
11725127_at,1.18414239658827,EP300,False
11753327_a_at,1.1840491092548537,ZNF274,False
11721453_at,1.1838309438973469,MRPL44,False
11728685_at,1.1836052395912533,FAM83A,False
11727277_a_at,1.1835025870284372,TMEM169,False
11740104_at,1.1834866408226359,APOBEC4,False
11745082_x_at,1.1830918745676362,CLEC4M,False
11718025_at,1.1827727517081905,IL1R1,False
11722149_a_at,1.1826007086709867,YTHDC2,False
11754702_x_at,1.182109731623222,ZNF493,False
11756662_a_at,1.181954809037487,ERAL1,False
11762635_at,1.1817154462976536,IGF1R,False
11739797_a_at,1.181586881593023,RFX2,False
11750567_a_at,1.1815353626438925,MTOR,False
11744072_at,1.180900129295599,MXRA5,False
11740789_at,1.1807971827041979,CDH12,False
11759954_at,1.1807922831142985,PCDHB17P,False
11736241_a_at,1.1805211497291686,ORMDL2,False
11718155_a_at,1.1803996193045367,THTPA,False
11719570_at,1.1802140156624499,RCHY1,False
11718316_at,1.1799420495295723,SLC25A10,False
11719304_a_at,1.179399644086952,EMC8,False
11734638_at,1.1793552066525166,OR51B4,False
11753955_a_at,1.1793469637556633,C16orf13,False
11732089_a_at,1.1793424877385414,ISX,False
11734997_at,1.1791549361846405,SKI,False
11756791_s_at,1.1789719966190706,RFK,False
11716857_at,1.1789655027377965,SUPT7L,False
11744035_x_at,1.178809619012818,ZNF358,False
11754683_x_at,1.1787150034806537,ALS2CL,False
11727645_a_at,1.1787134840974267,MECOM,False
11725203_a_at,1.1787102948290795,ESCO1,False
11717820_a_at,1.1786312487220283,SLC4A4,False
11763947_at,1.1784999550081516,HPVC1,False
11746159_a_at,1.1784790166371353,PBX3,False
11718721_x_at,1.1783391495894853,BRD8,False
11738330_at,1.1781865666424922,IL17REL,False
11762467_at,1.178185003305809,ASB11,False
11753200_a_at,1.1781189204476064,SEC24C,False
11724124_a_at,1.1778499384366525,PIDD1,False
11728404_at,1.1776958882886652,SHCBP1,False
11760388_a_at,1.177254864087426,WDR20,False
11728131_at,1.1771114849801771,EXOC8,False
11747443_a_at,1.1770512340500514,PRPF3,False
11761872_at,1.176925348466204,RAB3GAP1,False
11764134_at,1.1765348476087425,LOC101928743,False
11749516_a_at,1.17587631327069,PAF1,False
11761238_at,1.175438149631047,LOC100506417,False
11759266_at,1.1754216181484336,OR6B2,False
11742832_a_at,1.1751430821789537,ASPM,False
11762358_at,1.1750045731764893,CHD2,False
11732619_at,1.1746264957729098,CD164L2,False
11758728_at,1.1743292409356,FGB,False
11746225_at,1.174186832459232,GAS6-AS1,False
11743872_a_at,1.1741486107263777,SOX17,False
11755758_s_at,1.1737242703479465,NLRC5,False
11755516_a_at,1.1736274303937726,KIF16B,False
11730471_a_at,1.1731368663125064,SCGB2A2,False
11723632_a_at,1.1731239933377227,IRF2BPL,False
11715933_a_at,1.1729380922522818,PPP1R7,False
11761488_at,1.1728221247822541,SDF4,False
11719728_s_at,1.1726299285678814,SIRPA,False
11745426_a_at,1.1719315501788468,UHRF1BP1,False
11735475_at,1.1718723811454579,HBQ1,False
11729536_a_at,1.1717298895790844,SYCE2,False
11725468_a_at,1.1717201082809103,LIPG,False
11717075_a_at,1.1713656087778017,ZFAND6,False
11715171_at,1.1704228838094082,DEPDC5,False
11762897_at,1.1702880377067373,TMEM80,False
11723430_a_at,1.1702254876930043,ZFP91,False
11718178_a_at,1.1698544033090252,CMTM4,False
11748826_a_at,1.1695187768853557,PACSIN3,False
11738965_x_at,1.1691965166212306,ANP32D,False
11743042_a_at,1.1688305359560784,STIP1,False
11727236_a_at,1.1686399907165765,C18orf25,False
11734174_a_at,1.1686171862438242,MEIOB,False
11741040_x_at,1.168394167131615,DAP3,False
11715120_s_at,1.1683827795649022,HIST1H2BE,False
11752191_s_at,1.1683065881847585,SALL2,False
11716344_a_at,1.1682806641313945,ZCCHC3,False
11744012_at,1.1682667633440298,WIZ,False
11718011_a_at,1.1680559918168363,MRPL4,False
11723458_x_at,1.1676719260614463,RBM48,False
11740492_a_at,1.1676596604144893,AGAP1,False
11720828_a_at,1.1676124207034584,S100PBP,False
11739921_a_at,1.167047121003194,AMER2,False
11757588_a_at,1.1667528221873544,ALG5,False
11742515_at,1.1662032877383723,OR51T1,False
11744067_s_at,1.166032973069419,SYNGR2,False
11728309_a_at,1.1659732661221813,ARPP21,False
11748660_a_at,1.1658431052398983,SPG20,False
11738929_at,1.165759846743084,OR9G1,False
11745017_x_at,1.165487249017833,C1orf43,False
11725312_a_at,1.1652767371487218,TMED7,False
11749540_x_at,1.1648464785656256,DLD,False
11756541_x_at,1.1646676889114536,ABHD12,False
11763392_at,1.1646039393472907,LOC100132005,False
11730022_a_at,1.1645270004005719,PILRB,False
11749422_a_at,1.16444475535406,FAM65A,False
11730848_at,1.1643783545118767,ABHD13,False
11739926_a_at,1.1643267504571926,ANK3,False
11745053_a_at,1.1639566149532714,C14orf105,False
11760365_x_at,1.163918721493659,DPAGT1,False
11721651_at,1.1638832900473197,CDH5,False
11717968_at,1.1637987914821817,TMEM216,False
11719790_a_at,1.1637781090192274,MYL3,False
11751638_a_at,1.1636256076313825,NT5C,False
11759028_at,1.1634062304430655,BRI3BP,False
11731724_a_at,1.1633370667161156,B4GALT7,False
11724469_at,1.1632046557628146,SLU7,False
11763647_at,1.1619969803672408,APOC1,False
11750808_a_at,1.1619228694197021,ALOX15,False
11759189_at,1.1615685453517006,NKX3-1,False
11716023_s_at,1.1615215145536322,ADRBK1,False
11723148_a_at,1.1614704189115304,SLC19A2,False
11759085_s_at,1.1614398336533118,KIAA1715,False
11740105_x_at,1.1612643419987827,TMEM17,False
11733137_a_at,1.161003763915102,ETNPPL,False
11721129_at,1.1608211410622404,HCFC1,False
11749577_x_at,1.1607625613092274,PAQR6,False
11762420_at,1.1598804734845665,FBXO11,False
11735918_a_at,1.1596406193418698,FBXL6,False
11721403_s_at,1.159452533367553,NCOA3,False
11760722_at,1.1592087605192631,HCRP1,False
11718116_a_at,1.1589852159563863,METTL13,False
11747814_a_at,1.1588088127655622,IDH2,False
11759722_at,1.158741060421122,XRCC4,False
11758444_s_at,1.1584412997073519,DHTKD1,False
11729793_at,1.1581471514307307,MAN1A2,False
11740471_s_at,1.1580581305416644,CLIP1,False
11752231_s_at,1.157505934570103,TBC1D3P5,False
11721905_a_at,1.1571481286330911,PSMA4,False
11759387_at,1.1567118147421536,OR10H5,False
11741840_a_at,1.156595269968522,PIWIL3,False
11717131_a_at,1.156483979932599,AHNAK2,False
11741859_at,1.1564603417381938,ZAR1,False
11761273_at,1.1561906877330037,ANKRD19P,False
11731885_a_at,1.1558163082523958,COX4I2,False
11718213_a_at,1.1558030222175562,SLC27A2,False
11733817_s_at,1.1551532633535386,FHL1,False
11725794_at,1.1549193717731874,PTGER4,False
11725597_a_at,1.154909818889619,SULT1C2,False
11727083_a_at,1.154641747934431,MINA,False
11720297_at,1.1543154373713833,PLEKHF2,False
11743415_s_at,1.1541861083148348,NDRG4,False
11743558_a_at,1.1541855243917267,NOA1,False
11740793_a_at,1.153975742026734,TTLL9,False
11730087_at,1.1536266721980786,DLGAP3,False
11757978_s_at,1.1535023024727429,FAM103A1,False
11720749_a_at,1.1531553402589823,INMT,False
11729289_a_at,1.1528222005666617,BMX,False
11720009_at,1.1527259210896919,ZNF174,False
11719562_at,1.152255472590967,SOX4,False
11745261_s_at,1.1517129797050583,KCTD8,False
11754234_a_at,1.1516599932333045,KLHDC10,False
11732744_at,1.151423379647702,C17orf107,False
11752727_a_at,1.151406856915343,INPP5E,False
11757858_s_at,1.1512328842359687,EIF2S3,False
11748117_a_at,1.1511925072008176,FDXR,False
11731193_at,1.1494599728791401,UNC13C,False
11736321_a_at,1.1494507404795122,ANKRD26,False
11753666_x_at,1.1493577678180116,PTN,False
11745496_a_at,1.149231204378571,SPINT2,False
11729893_a_at,1.1484516980334252,ZNF569,False
11744656_x_at,1.1482270806227814,AZIN2,False
11724703_a_at,1.1481967160409372,ELF5,False
11758740_at,1.1478676204590574,EFTUD2,False
11743240_a_at,1.1475914060202048,LY6G6D,False
11756808_a_at,1.147355953226236,ZNF225,False
11737782_a_at,1.1472017982461498,PROSC,False
11729251_at,1.146773330710631,MNDA,False
11717081_a_at,1.1467546101091428,VPS52,False
11740151_at,1.1467492970772177,CYP7B1,False
11729754_at,1.1467197700893261,ULK2,False
11721384_at,1.1464895065478662,ATG2B,False
11720388_s_at,1.1461477486979563,C1QC,False
11737162_at,1.1459169207864075,FAM83B,False
11726304_x_at,1.145673326623219,MFSD4,False
11729916_s_at,1.1456696177347372,ARL5B,False
11735521_x_at,1.1449872983749048,LOC102723728,False
11762272_x_at,1.1449633814046354,CKMT1B,False
11720930_s_at,1.1447627489679044,DLST,False
11720163_at,1.1447413183440316,VEGFC,False
11735563_s_at,1.1446744125459791,ACR,False
11733163_at,1.144577257400369,CAPN11,False
11740402_at,1.1442512272427205,SMCO3,False
11723286_a_at,1.1442485067135697,FIS1,False
11744127_at,1.1438535279217499,CXCL2,False
11740952_at,1.1438374202760135,OTUD7A,False
11738873_a_at,1.1438009961141904,KIF25,False
11759311_a_at,1.1437505407685362,IGFBPL1,False
11734958_s_at,1.1434620103297162,PCNXL4,False
11728783_a_at,1.1433637119354907,ING3,False
11721533_at,1.1433336290338807,TAF2,False
11718440_a_at,1.1432021131198682,NSUN4,False
11753960_x_at,1.1430152770073536,PPIE,False
11728936_at,1.1427793469113237,KIAA1549L,False
11723170_at,1.1427537257872122,FOXN2,False
11746100_a_at,1.1426360118330912,ZCCHC17,False
11737071_at,1.1425041726713123,DIRC1,False
11763004_x_at,1.1421530849439105,NPHP3,False
11746726_a_at,1.1419208531294636,SUPT6H,False
11761364_a_at,1.1413677562483682,NPLOC4,False
11734151_at,1.1411073059352779,ABRA,False
11717629_at,1.1410145708578467,KIF1BP,False
11717745_s_at,1.140797377387455,MARCH6,False
11743685_a_at,1.1405741317334024,GPR21,False
11737546_at,1.1405226316649228,ZNF648,False
11744025_a_at,1.1404781024661907,EGLN2,False
11736963_x_at,1.1404386131781665,FLCN,False
11754402_a_at,1.1403358719023928,ZNF488,False
11732991_at,1.1401310733196857,DCHS2,False
11721899_x_at,1.1399683771481774,FAM216A,False
11722215_at,1.1399431832911484,POLE4,False
11730118_a_at,1.1394904731266686,RPP38,False
11754483_a_at,1.1393556144093757,PXDC1,False
11750369_x_at,1.1392858430604467,KRTAP5-2,False
11715147_at,1.1391633634268306,MAATS1,False
11715437_at,1.1389825595000285,TIMP3,False
11742573_at,1.138982523257814,OR5D13,False
11739593_a_at,1.1387349139233307,USH1C,False
11737458_at,1.1381540948275461,USP29,False
11716462_a_at,1.1380064701880377,RFXANK,False
11742206_a_at,1.1378551145380982,CLLU1,False
11738600_at,1.1376796373693,KRTAP5-6,False
11728382_s_at,1.1376592991644991,CRX,False
11733441_s_at,1.1376042695839288,SGK2,False
11728580_x_at,1.1375194372930306,ADRA2C,False
11722077_a_at,1.1369546712150698,SEPT3,False
11743922_at,1.136727928223399,NUDT11,False
11756149_x_at,1.1358361954286096,PSG6,False
11735934_at,1.13562382309089,WNT9A,False
11755765_a_at,1.1355393899673027,TUBGCP6,False
11715852_at,1.135355501615311,PDGFRB,False
11715636_a_at,1.1352116276789943,SERPINE1,False
11717092_s_at,1.1351485182402998,EIF4G2,False
11725594_x_at,1.135059944527874,SPATA2,False
11737285_at,1.1349529394245825,SDR9C7,False
11759352_a_at,1.1346107430170038,FCRL3,False
11715291_s_at,1.13442309522752,TBX5,False
11750036_a_at,1.1343789822516885,DDIAS,False
11715181_x_at,1.1343612604980686,KRTAP10-9,False
11761875_x_at,1.1342386612673196,ROCK1P1,False
11735954_at,1.1341205024237306,MRGPRD,False
11755465_x_at,1.1340790174077358,ZNF517,False
11734912_s_at,1.1337066148752915,ZNF443,False
11739834_s_at,1.1336730452543395,HSPE1-MOB4,False
11725837_a_at,1.13347623666681,C1orf112,False
11720322_a_at,1.1333234282944962,AK2,False
11716754_a_at,1.133071205249977,TPGS2,False
11716313_x_at,1.1326184311791676,MRPS21,False
11715836_x_at,1.1325884693527926,PSMA3,False
11724436_a_at,1.1324649673019196,FLJ10038,False
11755063_a_at,1.1322764928050333,NKAP,False
11746555_x_at,1.1322344043714567,SPARC,False
11755276_a_at,1.1321601048425354,GPX2,False
11743876_at,1.132053275613889,CETN1,False
11750295_a_at,1.131710933038936,CLEC11A,False
11747473_a_at,1.1315828692443812,ITGB8,False
11763716_x_at,1.1305650742787643,ARL6IP4,False
11722792_a_at,1.1305545998415552,APLNR,False
11751021_s_at,1.1300936787512577,LRRC15,False
11741877_s_at,1.1300015996997308,IL9R,False
11748334_x_at,1.1295647253885495,RPAIN,False
11760558_at,1.1295270924422047,COL4A1,False
11733486_a_at,1.1292191517676329,CACNA1C,False
11715308_s_at,1.129139115700645,MLXIPL,False
11721589_a_at,1.1287623357189278,TRAF1,False
11729748_a_at,1.128741931120523,IL10RA,False
11742444_a_at,1.1285421420999602,PIP4K2C,False
11732428_at,1.1284116556060437,ADRB3,False
11726275_a_at,1.1281718681557975,ATG101,False
11731898_at,1.128162668954379,ACTL10,False
11744231_a_at,1.1274764194640539,MAPK7,False
11727702_at,1.1272626165829853,C9orf152,False
11719763_a_at,1.1271482009563414,VPS13C,False
11738766_at,1.1269719730987136,OR5D18,False
11755085_x_at,1.126565949142505,KIR3DL2,False
11763590_x_at,1.1265538575239604,ZNF213,False
11734460_s_at,1.1261445017199463,RFPL2,False
11760477_a_at,1.1258409258099702,EP400NL,False
11753894_a_at,1.1257068880070171,CNPPD1,False
11726724_a_at,1.1250715606724049,CKAP2L,False
11741444_s_at,1.1249871686929231,RBMY1A1,False
11716950_s_at,1.1248293366096926,SRXN1,False
11722285_a_at,1.1247015968146787,SLC30A7,False
11732674_at,1.1246244962408052,C1orf53,False
11738887_s_at,1.1244609965929735,MICA,False
11724453_a_at,1.124407892133528,KCNJ1,False
11754983_s_at,1.1243150979330563,DAZAP1,False
11719969_a_at,1.124266684327315,NVL,False
11753101_a_at,1.1242122507286183,FAM180A,False
11731277_a_at,1.1241886006969752,LYZL6,False
11757598_s_at,1.1238142903727881,SWAP70,False
11736157_a_at,1.123706702098838,TBC1D2B,False
11744863_a_at,1.1236870455069516,VPS29,False
11733086_a_at,1.1233428313774816,MAF,False
11752307_a_at,1.1232582730114762,ITGA9,False
11743826_at,1.1232402307703047,FSTL5,False
11734232_a_at,1.12317389669192,CSAD,False
11724735_a_at,1.1229785898535825,PDPN,False
11737721_x_at,1.1220090030304537,COL25A1,False
11719630_a_at,1.1219087561821859,BRD2,False
11718631_at,1.1217713376790104,SERTAD1,False
11729287_x_at,1.1210530172780016,MSL3,False
11726495_a_at,1.1208210187642664,ARMC12,False
11730165_at,1.1208170941185973,GSC,False
11729194_s_at,1.1205623992766798,MYNN,False
11737141_a_at,1.1204744865346707,RSPH1,False
11759432_a_at,1.1201924031762631,TDRP,False
11734339_at,1.1201481438180336,POU3F1,False
11733648_at,1.1194392183547726,CCDC116,False
11736875_a_at,1.1194037432738018,ZNF514,False
11759166_at,1.1190198574502594,DDX53,False
11755921_a_at,1.1190137820894175,GTF3C5,False
11761921_x_at,1.118805656593401,PYY,False
11738737_at,1.1186613330519561,OR2A12,False
11761613_at,1.1185202797528215,SHANK2-AS3,False
11720082_at,1.1181377277077944,CBX6,False
11750649_at,1.1176768478303343,SMCR5,False
11747531_a_at,1.1172846930697593,AIFM3,False
11736096_a_at,1.1172747278606174,GGA1,False
11760571_at,1.1164417367345625,LOC100506766,False
11730837_x_at,1.116413868023504,WDR55,False
11718341_s_at,1.1163249237453887,RPS9,False
11730564_a_at,1.1160860843702576,ZC2HC1B,False
11726463_a_at,1.116022716562023,ZCCHC10,False
11725249_at,1.115971265810043,LY75,False
11715483_s_at,1.1159207618650973,MCL1,False
11731208_at,1.1157623437648017,PTPRH,False
11724925_at,1.1154153883800857,LTN1,False
11729519_x_at,1.1153354088065068,PPIL2,False
11747954_x_at,1.1152223757951336,PYROXD1,False
11753968_a_at,1.1146859966657372,SVEP1,False
11730836_a_at,1.1145419622987576,ZDHHC4,False
11751180_a_at,1.1145103115907198,ADAM10,False
11727410_a_at,1.1144830355733886,MRPL19,False
11716437_a_at,1.1143677387191526,RAD21,False
11723257_s_at,1.1141825322781045,PKMYT1,False
11754710_s_at,1.1141448847319,ZNF185,False
11719628_a_at,1.1139437634732574,PUDP,False
11749449_s_at,1.1138610831878646,HNRNPH2,False
11755190_a_at,1.1138156370297576,POLR1D,False
11724847_a_at,1.1136804969170417,GBA3,False
11735133_at,1.1133892304476036,TLL2,False
11738696_at,1.1133207821075983,OR10G2,False
11744481_s_at,1.1130187431468321,OPN3,False
11756023_a_at,1.1128906193771946,GDNF,False
11718956_a_at,1.1128651053335352,PRKAB2,False
11747671_x_at,1.1128502017794688,CRIP2,False
11745111_a_at,1.1125435754389168,DLGAP1,False
11762276_at,1.1123696501558187,GINM1,False
11722319_a_at,1.1122480133144792,EFNB3,False
11741517_s_at,1.1119803554317576,FCGR2B,False
11718887_x_at,1.1119269033263364,TPRKB,False
11724850_a_at,1.111486704650127,DIXDC1,False
11726787_s_at,1.1111570634643386,TMEM100,False
11730950_at,1.1111528171248137,TMEM151B,False
11754626_a_at,1.1110721895895503,ZIC4,False
11724928_at,1.1110523422924712,PPP1R3D,False
11716432_a_at,1.1110471962994926,MNAT1,False
11752947_a_at,1.1105522618549097,CHRNG,False
11743234_at,1.1105065950750108,NPBWR1,False
11726424_x_at,1.110149197942233,SCN3B,False
11737414_at,1.1097720214891218,KIF6,False
11760935_x_at,1.1094161436815004,KRT6B,False
11737369_a_at,1.1087480303336053,HOXC5,False
11760664_at,1.108008657319596,TINAG,False
11726233_a_at,1.1077362899110397,DRC3,False
11718882_x_at,1.1077352668753266,PSMC4,False
11733684_a_at,1.1076109892559776,FRMD7,False
11734009_a_at,1.1074349887527537,KDM8,False
11758725_at,1.1073457512381601,H1FX,False
11715762_s_at,1.1070869656737035,AP1M1,False
11721836_x_at,1.1068752077946722,TMEM14B,False
11748637_a_at,1.10683335943442,REEP4,False
11746517_a_at,1.1067542970774804,ZNF484,False
11740754_a_at,1.1066830655111333,LAIR2,False
11731951_at,1.1066176049881282,B3GNT4,False
11762286_at,1.1063484532018233,WISP3,False
11727871_at,1.1061277424854843,PPM1K,False
11735579_at,1.1058953243093756,TSSK1B,False
11757652_x_at,1.1051829248397558,P3H1,False
11732050_at,1.1051388583428259,PRR20A,False
11735952_at,1.1049356377117059,CPO,False
11745716_s_at,1.1046503006282,CAV1,False
11757640_x_at,1.1039990648693856,ART3,False
11747928_x_at,1.103956347922904,POSTN,False
11719991_x_at,1.1038742560169894,TNKS1BP1,False
11721751_s_at,1.1035986360775327,FZD7,False
11728921_at,1.1035418786071196,CTTNBP2,False
11728226_a_at,1.1035314746360565,CASP7,False
11743208_at,1.1031161288135056,GPRC5D,False
11722439_x_at,1.1031037181293106,FLYWCH2,False
11737182_at,1.1030873104884662,SLC22A13,False
11746503_a_at,1.1021159582713673,EHF,False
11729076_x_at,1.101867215589938,LTC4S,False
11719715_a_at,1.1017946998704158,FXR1,False
11728175_x_at,1.101729604853842,BMP8A,False
11750878_a_at,1.1015994373418265,ISM2,False
11719144_a_at,1.1012833702642517,C2CD2,False
11731355_at,1.1012203954308082,IGFL3,False
11742960_a_at,1.10075782357932,MEPCE,False
11754571_a_at,1.1006521492022914,GMDS,False
11716087_s_at,1.1002620769438018,AKT1,False
11760844_a_at,1.1001005618192035,RPN2,False
11729344_at,1.0999524790435617,BPI,False
11761682_at,1.0998085276869156,CD5L,False
11717742_a_at,1.0997186881490075,GPRC5C,False
11723292_at,1.0994540763184568,ORAI1,False
11742971_s_at,1.0993261072834135,COLEC12,False
11754424_a_at,1.0987389164000503,ST5,False
11755087_a_at,1.0984300117573362,C4orf47,False
11717206_a_at,1.0970304170542227,GOLGA2,False
11735747_a_at,1.0970294164513599,PSG7,False
11728419_at,1.0969699342881267,KIF7,False
11721505_a_at,1.0964286169766806,SARS2,False
11735498_x_at,1.0961364752556872,ANKAR,False
11755776_a_at,1.0960358375346713,C9orf84,False
11761346_x_at,1.0959527922347574,ZNF812P,False
11726840_a_at,1.0955591338614932,AVL9,False
11719225_at,1.0955212194595316,NXN,False
11726022_a_at,1.0954849396613606,FAM177A1,False
11723304_a_at,1.0954532835353625,TRAPPC1,False
11728141_at,1.0947622938666663,SHISA2,False
11730606_at,1.094133837670664,CNNM1,False
11762705_at,1.0939055025470474,LOC100128226,False
11759389_at,1.093725784286226,OR10A2,False
11762270_at,1.0937081388122296,MAPRE3,False
11716772_at,1.0936353899796738,C11orf68,False
11747919_a_at,1.0925314571617917,YTHDF2,False
11751775_a_at,1.0925304649126877,DCD,False
11735558_a_at,1.0923520624830316,TBC1D28,False
11735459_at,1.0922515081117927,FBXO39,False
11740876_at,1.0921207215901592,ZBTB12,False
11746405_at,1.0919914429032946,CCDC177,False
11742093_x_at,1.0919766213440973,FBLN1,False
11729841_a_at,1.0918885574584947,GRM2,False
11729701_x_at,1.0918820454088818,STXBP1,False
11724941_a_at,1.0918576987455806,ZNF343,False
11716965_a_at,1.0917272245811345,ATN1,False
11764255_at,1.0915399662976368,LOC105375268,False
11723235_a_at,1.0915067473998052,IFI44L,False
11718202_a_at,1.0910798376386655,BTD,False
11748881_x_at,1.0910081232255846,DPPA4,False
11729457_a_at,1.0905212880291395,BCL6B,False
11745420_a_at,1.089861570544594,C3orf35,False
11753339_x_at,1.0896561712449806,BNIPL,False
11723648_at,1.0896168525630767,DNAJA2,False
11745002_a_at,1.0894507023731752,FEZF1,False
11716717_a_at,1.0893847054961734,NINJ1,False
11723712_x_at,1.0893700425693698,MLXIP,False
11735532_at,1.0893216310139422,C3orf84,False
11732060_a_at,1.0890292625934435,LEMD1,False
11762100_at,1.0888187202034856,NRP2,False
11736737_at,1.088592703307818,RASA2,False
11756317_a_at,1.0885869901579222,ZNF276,False
11754601_s_at,1.0885797748266515,SPON2,False
11757079_s_at,1.0882040237472288,CCDC166,False
11715875_a_at,1.0882027508999368,COMMD7,False
11722800_a_at,1.0880903648283542,SS18,False
11723979_s_at,1.0880787688415432,PHKA2,False
11745548_a_at,1.0877103991312282,CHRD,False
11753941_x_at,1.0877074040099186,SFR1,False
11760361_x_at,1.0876972158412017,SULT1C4,False
11746721_a_at,1.0874025248966688,TREM1,False
11757163_at,1.087203028879589,SNORA54,False
11734978_at,1.087017643090166,BTNL3,False
11741081_a_at,1.0868834278216595,HTR1A,False
11722328_a_at,1.0856578503523644,PGBD5,False
11720504_s_at,1.085456360935942,RAB6B,False
11723675_a_at,1.085425745750838,CASQ1,False
11731280_x_at,1.0851533300508793,IGFN1,False
11756639_a_at,1.0850269997820885,NFASC,False
11747588_a_at,1.084446247504933,HDAC9,False
11726766_x_at,1.0844051856400727,TIPRL,False
11723025_at,1.084174906375417,FAM26F,False
11728294_at,1.0841177687049983,ICT1,False
11737486_s_at,1.083603924365091,SRF,False
11763047_x_at,1.083602523148074,AMELY,False
11719257_s_at,1.083476473544267,LRP6,False
11746758_a_at,1.0831315804930988,KANSL3,False
11731682_at,1.0829797109229775,CD70,False
11751595_a_at,1.08291546810899,PAPSS1,False
11731226_a_at,1.0826511368726033,TDRD6,False
11721123_a_at,1.0825602615241372,MMP11,False
11724265_x_at,1.082178977779376,IFT22,False
11754948_a_at,1.0818347390902459,HECTD3,False
11764247_s_at,1.0818219425819198,WISP1,False
11760713_at,1.0816976447088864,TMEM126B,False
11721978_a_at,1.0815695958971159,PLCE1,False
11733789_a_at,1.0814664646629364,HSDL1,False
11727177_at,1.081345028540561,TMCO2,False
11754112_a_at,1.081059863750345,UBE2V2,False
11721743_a_at,1.0809632170635455,TMEM150A,False
11735444_a_at,1.0807540910886992,NEU3,False
11722161_s_at,1.0805163196538277,TAF4,False
11730121_a_at,1.0804948454312229,ATP8B4,False
11741118_a_at,1.0799242080426177,GRM1,False
11753136_a_at,1.0797067075062403,ADGRB2,False
11745634_a_at,1.0794591418884063,EDRF1,False
11732496_a_at,1.0792923629935633,AP1S3,False
11738230_at,1.0791497416873863,FOXR2,False
11717912_s_at,1.0791370823290152,CXCL14,False
11716789_s_at,1.078993367986204,TARS,False
11724403_at,1.0787377835386722,NOS2,False
11721440_at,1.0785524500839174,TOR1AIP1,False
11762180_x_at,1.078514518139085,LPO,False
11738501_at,1.0784917331385115,LY6G6F,False
11743539_a_at,1.0783587071838323,ACAD9,False
11744112_a_at,1.0783246439750398,COQ5,False
11749731_a_at,1.0776654521987516,SH2B3,False
11723066_a_at,1.0776172866523785,NAIF1,False
11761948_at,1.0774648636769364,LOC100133286,False
11729164_a_at,1.0773858106383483,XPO5,False
200090_PM_at,1.0773839040336426,FNTA,False
11742391_at,1.0771582186344182,OR1L4,False
11755158_a_at,1.0771216895509046,CATSPERG,False
11742443_a_at,1.0763661457349252,PRDM13,False
11728870_at,1.075724485858784,ELAVL3,False
11735263_s_at,1.075291599199857,SCN2A,False
11736727_at,1.074761311048865,GEN1,False
11720648_a_at,1.0744466955639962,IP6K2,False
11735240_a_at,1.0728192451841592,ACYP2,False
11728552_a_at,1.072559571758755,MMP25,False
11727312_at,1.0721925626266,BHLHE22,False
11733660_a_at,1.0721709253239522,CHIA,False
11733393_a_at,1.0719738570954125,KCNMB3,False
11734773_x_at,1.071241073918427,SFTPB,False
11750837_a_at,1.0711744035556543,SCYL3,False
11756231_a_at,1.0710549872822401,TAF6L,False
11737985_s_at,1.0708457188461757,TENM1,False
11733264_a_at,1.070815891570177,EML1,False
11715754_at,1.0705975610326053,PRL,False
11754433_a_at,1.0704011139539302,CLRN3,False
11745891_x_at,1.070229101062195,PTPRN,False
11734634_at,1.0699399410421386,GPR152,False
11724327_a_at,1.069673794069641,FASTKD3,False
11760153_at,1.0695983265365843,LOC730098,False
11717416_a_at,1.069175046508692,RHOU,False
11732691_at,1.069151004282497,TLDC2,False
11752819_at,1.067866196659429,UXT-AS1,False
11733771_s_at,1.0677032593144278,RNASE9,False
11748493_s_at,1.0676698927995067,FAM230A,False
11743307_a_at,1.0676417230075665,COPS4,False
11718390_x_at,1.0676301806642507,TRIM26,False
11745352_a_at,1.0675193296261418,KIF19,False
11730042_a_at,1.0671868067799544,C19orf45,False
11755217_a_at,1.0671113635005047,ZNF142,False
11747552_a_at,1.0668011518091232,TRIP10,False
11741385_a_at,1.066786018068523,IP6K1,False
11752222_s_at,1.0666084258759747,ZNF137P,False
11750225_a_at,1.0665964554082314,RNF215,False
11745305_at,1.0665761198505561,BIN3-IT1,False
11729058_s_at,1.0665743436275343,NR4A3,False
11727725_x_at,1.0664245617941448,SCNN1D,False
11738765_at,1.0657725999115,OR2G3,False
11739286_at,1.0654723733473948,KMT2A,False
11762954_at,1.0653262911140022,KLRC2,False
11717491_a_at,1.0652599411005046,DYNLRB1,False
11721413_at,1.0652121018716114,MBTD1,False
11723146_a_at,1.0650111044285238,RANBP17,False
11756329_a_at,1.0649075605948637,EEFSEC,False
11740399_a_at,1.0648905997859968,MCTS1,False
11746569_x_at,1.0645830361658772,SLC35C2,False
11761957_x_at,1.0645266677422829,ABCA11P,False
11761355_a_at,1.0641767013846641,PQBP1,False
11724634_s_at,1.064089923387547,ABCB10,False
11737615_at,1.0639963992181694,ERICH6B,False
11758579_s_at,1.0639234185348339,FLVCR1-AS1,False
11715806_a_at,1.063856296100157,SEPW1,False
11746374_a_at,1.0636595014135426,CCDC25,False
11724742_a_at,1.063644836736813,ZBTB17,False
11730654_at,1.0636306342666255,C15orf62,False
11750795_a_at,1.0635462420652733,KLHL1,False
11716220_x_at,1.0634909249921245,EIF2S1,False
11756888_a_at,1.0634434377582171,TFCP2L1,False
11735198_at,1.063372233836762,FAM104B,False
11722682_at,1.0633326952739774,IRAK1,False
11741028_a_at,1.0632197886250356,NDST4,False
11750376_a_at,1.0630416933731826,KCNMA1,False
11728139_a_at,1.0629361138633804,ADAMTS13,False
11728178_at,1.062924489430238,SIRT4,False
11716831_at,1.0626803888832888,XPOT,False
11730489_at,1.0625539207727352,DOK6,False
11722172_a_at,1.062530598000253,TOLLIP,False
11752888_a_at,1.062360775994524,ACSBG1,False
11738190_a_at,1.062177453681241,STPG2,False
11760598_at,1.0613564531645572,ATP5L2,False
11720030_a_at,1.0612191477062856,SCG2,False
11724629_at,1.061177677691549,TUSC1,False
11742179_at,1.0610859538359265,HIGD1C,False
11741072_a_at,1.0604438202332116,PRDM8,False
11762258_at,1.0599647324651345,SPOCK3,False
11754946_a_at,1.0598181565121871,C7orf49,False
11762960_at,1.0597625302187477,C3orf67,False
11761013_at,1.059528558473826,PCNA,False
11757811_s_at,1.0592940050849653,CHURC1-FNTB,False
11737795_a_at,1.0591923537337622,KIAA1524,False
11724664_a_at,1.0587503244688965,TMEM120B,False
11735207_a_at,1.0586605980969175,MDGA2,False
11728881_at,1.0586183386310186,PPP3R1,False
11737827_a_at,1.0584841100071465,ZKSCAN8,False
11735168_a_at,1.058475808428169,QPCTL,False
11719703_a_at,1.0583279401451846,CD2BP2,False
11724455_a_at,1.058110502416371,ZDHHC1,False
11728197_at,1.0580915309805312,PMP2,False
11737560_a_at,1.0579775491190015,XKR9,False
11737376_at,1.0578336698339803,CFAP46,False
11736863_a_at,1.0574461875682206,EMC6,False
11730995_a_at,1.0573743206196593,ACTN3,False
11723952_at,1.0570413136426449,KRT1,False
11733247_a_at,1.0569849455426243,SPG21,False
11742137_at,1.0567361713667742,OTOL1,False
11720337_a_at,1.0566955452332214,C19orf43,False
11715148_s_at,1.0561472405127625,HIST2H2AB,False
11747967_a_at,1.0556347568566449,SNX13,False
11747692_a_at,1.0555874668951144,IQUB,False
11759447_at,1.0554645567616077,GJC3,False
11735545_at,1.0552337831905392,FAM177B,False
11753107_a_at,1.055055093196258,MOGAT3,False
11741418_a_at,1.055036006555265,KCNQ1,False
11737686_at,1.055022483825436,C2orf48,False
11753019_a_at,1.054947913314178,EWSR1,False
11718320_at,1.0546393053482348,CD93,False
11747514_a_at,1.0544779604673167,GABARAPL2,False
11752912_x_at,1.0543570283672339,EIF3M,False
11748808_a_at,1.054029821352873,ARID3B,False
11742342_at,1.0533611061306147,OR4A16,False
11742329_at,1.053267531489028,OR51D1,False
11738067_x_at,1.0529581706299902,C1orf101,False
11716405_a_at,1.0526301348519862,HTRA1,False
11717173_a_at,1.0525138932818723,RNF31,False
11749249_a_at,1.0517682156167485,PI4K2B,False
11759129_at,1.051730768201058,ZNF677,False
11730617_at,1.0516022972061267,ULBP1,False
11753642_x_at,1.0513706150869921,TTTY6,False
11724399_a_at,1.0511520765405966,DDX60L,False
11742574_at,1.0511472752607127,OR4D9,False
11716581_a_at,1.0507619588623305,G3BP2,False
11754538_x_at,1.0503606808682484,SLC9A5,False
11744460_a_at,1.050279215156584,PI4KB,False
11758711_x_at,1.0501226552170548,YWHAZ,False
11755487_a_at,1.0500486879563165,KIF13A,False
11719721_x_at,1.0500307939968632,LSM7,False
11740162_a_at,1.0498217478054885,ARAP1,False
11748866_x_at,1.0496918830869197,RPH3AL,False
11754052_a_at,1.0496898161569481,NUP85,False
11732104_a_at,1.0495571517614364,TMEM208,False
11739729_a_at,1.048996950199653,RECQL,False
11736230_a_at,1.0488175668991897,CRIM1,False
11720627_a_at,1.0487277885929447,ATP6V1D,False
11748431_a_at,1.0483420942827193,VPS33B,False
11720580_a_at,1.048319399534907,TCF12,False
11733588_a_at,1.0482985773890556,RAX,False
11727877_a_at,1.0482545864748416,MIA-RAB4B,False
11762212_at,1.0482344654397457,TRAIP,False
11720967_a_at,1.0479390765779282,GPSM2,False
11752398_a_at,1.0475596304283306,C1orf228,False
11721869_at,1.0475088342080734,HIF1AN,False
11718410_at,1.0474305198293903,CRYBA1,False
11730693_a_at,1.0470449670311033,FAM217A,False
11734131_a_at,1.046906213654954,SLC2A4,False
11761810_at,1.0466895507859224,FUK,False
11726431_a_at,1.046663195594059,OSBPL3,False
11721245_s_at,1.0464165175530413,BGN,False
11719169_s_at,1.0464030938193039,BRI3,False
11720217_a_at,1.046111626469537,TMEM176A,False
11741115_s_at,1.0460890469211082,CYP3A7,False
11731551_x_at,1.0457480626976066,AP5S1,False
11744111_a_at,1.0456989460077366,TMEM94,False
11732042_a_at,1.0454831574638885,MMD2,False
11729028_at,1.0454377816544265,CAPZA3,False
11727159_a_at,1.0453706375733238,LRP5,False
11748237_a_at,1.0451959616859867,GLTSCR1L,False
11722845_s_at,1.0451812357954104,UBE2R2,False
11741074_s_at,1.0450117597523798,METTL18,False
11719859_a_at,1.0449583958171118,SLC2A4RG,False
11756176_a_at,1.0449081466824575,EIF4A3,False
11749298_a_at,1.0448235952101925,LINC00663,False
11720332_a_at,1.0446457626716557,SLC5A6,False
11730888_a_at,1.0446018259120309,USF2,False
11722796_a_at,1.0445788767788262,MAPK6,False
11757490_s_at,1.0445061780623952,TSPYL1,False
11750161_a_at,1.0444581332574714,PLEKHA2,False
11762101_at,1.0443675210873045,CLEC12A,False
11757527_a_at,1.0442267753170753,ANAPC7,False
11752608_x_at,1.0441464264897122,ST7,False
11761936_a_at,1.0440466550474028,MLIP,False
11742167_at,1.043989131260914,BSX,False
11728462_at,1.0435541132162642,DNLZ,False
11737170_a_at,1.0434882942545327,LRFN1,False
11744625_x_at,1.043320400993084,NABP2,False
11736450_x_at,1.0428435860832703,GIN1,False
11717930_x_at,1.042777371306815,FOLR1,False
11728096_a_at,1.0427679154227214,STPG1,False
11743901_s_at,1.0427013344173477,NARS,False
11720031_a_at,1.0426772761755014,TRIM29,False
11740418_at,1.0425528787446041,PLA2R1,False
11724047_a_at,1.042270552700463,TAF1C,False
11716024_a_at,1.0421163702284058,GOLGA7,False
11742121_a_at,1.041949810758127,ANKRD53,False
11720527_at,1.0416625676264113,LTBP2,False
11749628_a_at,1.0416468845501452,ARHGAP33,False
11734833_s_at,1.0413960714272559,TAF9B,False
11743643_a_at,1.0411175608759224,DHODH,False
11746122_s_at,1.0410756278550888,LOC441155,False
11725738_at,1.0407260272830896,MARCH3,False
11742088_at,1.0404799606955064,ANKK1,False
11761826_x_at,1.0402727269074703,LOC101929819,False
11734951_at,1.0401543476344162,MTMR7,False
11719471_at,1.0400484132415395,DCP1A,False
11730643_s_at,1.0394184022551496,CT55,False
11718474_a_at,1.0393997814192224,IDH1,False
11729116_at,1.0393253392060804,PRKCG,False
11759817_at,1.0391287625529921,MCPH1,False
11725130_s_at,1.0389420822787312,TCEAL3,False
11762636_at,1.038700489338207,EXOG,False
11738705_at,1.0386484333840658,OR4K2,False
11748726_s_at,1.0384959869054375,FAM107A,False
11717516_s_at,1.0383462726136765,EFHD1,False
11759793_x_at,1.0383368485021225,FAM71D,False
11744017_at,1.0383005004435113,FERMT3,False
11718554_a_at,1.0382941613028391,MCOLN1,False
11723507_s_at,1.0380769627624296,ZNF609,False
11737510_at,1.0380086260061303,ZNF695,False
11753597_s_at,1.0377362603709233,SRP9,False
11754736_a_at,1.0375838034587064,EIF4E1B,False
11732803_at,1.037517202471271,VSX2,False
11746561_a_at,1.0373634626924695,ZFP36L1,False
11753285_a_at,1.037227961021335,SETD3,False
11728400_at,1.0371763192781918,MDFIC,False
11747481_a_at,1.0368705071034208,BRD9,False
11729335_a_at,1.0366404477511326,ART4,False
11732829_at,1.0366290439121484,CCL16,False
11721527_a_at,1.0365675877117844,PROSER1,False
11742341_at,1.0359111817000082,OR8K1,False
11730626_at,1.0356571470392921,KLB,False
11763781_a_at,1.0356184752041204,EZH1,False
11729527_a_at,1.035497696267625,POMT2,False
11738540_a_at,1.0349253325414616,HHIPL1,False
11751736_a_at,1.034673036136648,GPR12,False
11737076_a_at,1.0343713446036167,PPP2R5C,False
11729739_at,1.0341859765126418,SIGLEC5,False
11738448_a_at,1.0340222746880976,RUNX2,False
11716430_a_at,1.0339966514899788,SLC39A13,False
11740289_at,1.033703953214707,RGS9BP,False
11738874_a_at,1.0336917882224967,WNT8A,False
11718464_s_at,1.0335331066339295,NEURL1B,False
11759641_at,1.0334629323118298,CSTF2,False
11741031_a_at,1.0331909863834612,HAX1,False
11727264_at,1.032606076744886,LRRC8E,False
11729057_at,1.0325063468426772,ERICH4,False
11726421_a_at,1.031830073290565,APBB1IP,False
11715334_s_at,1.0316965452112739,NXNL2,False
11736188_a_at,1.0316030022107323,ORMDL3,False
11728714_a_at,1.0312624422109784,THOC6,False
11762716_at,1.0308396148304249,MEIS3,False
11746175_a_at,1.0303860569819578,APOL4,False
11740759_a_at,1.0302656237584893,VPS13D,False
11724296_a_at,1.0302268316501284,BMP7,False
11723361_a_at,1.0300971020016212,MED12,False
11729524_a_at,1.0300874507275934,ASIC2,False
11732934_a_at,1.0299871313799203,DPPA5,False
11730326_x_at,1.0299438505107124,LOC105375355,False
11733784_at,1.0297033540216312,PPP2R1B,False
11748299_a_at,1.0296199640392933,SHC4,False
11732416_a_at,1.0294372857662601,TIAM1,False
11716636_a_at,1.0294364258658428,AARS,False
11758724_x_at,1.0290872452393847,YWHAQ,False
11756929_a_at,1.0289889084954413,CXXC1,False
11761105_at,1.0289242320024266,GABRE,False
11737403_at,1.0287593386227938,TMEM89,False
11733693_at,1.0283840752667983,PATE3,False
11756894_a_at,1.0280755292072012,SPIN3,False
11739689_x_at,1.0278096808910213,DCAF11,False
11759267_at,1.0277375401968867,OR2L3,False
11732666_s_at,1.027519670815171,PSMB5,False
11752909_s_at,1.027259990766357,FAM66B,False
11732843_a_at,1.0267529132116946,KCNS2,False
11723362_s_at,1.026675011229135,SOCS6,False
11729357_x_at,1.02664675569134,PAPD4,False
11734923_a_at,1.0258302048144425,ATHL1,False
11744041_s_at,1.0257887828595493,MGAT4B,False
11737853_at,1.0255179670286427,TNFSF18,False
11742519_at,1.0252973941292214,OR11G2,False
11720949_x_at,1.0248823855353197,PFDN4,False
11762493_at,1.0247540797721222,GPR135,False
11730061_at,1.0247199538071377,KRT77,False
11746672_s_at,1.0247129339968717,ZNF8,False
11733821_a_at,1.024238267183086,CHRNA2,False
11738024_a_at,1.0241933565865902,CRACR2A,False
11734113_a_at,1.0239928821850308,ADAMTS19,False
11719916_at,1.0239164202128144,IL1B,True
11754893_a_at,1.0234640031399167,KCTD19,False
11758722_at,1.0233200845401487,DCTN2,False
11735218_at,1.0231666344677708,COL10A1,False
11720188_a_at,1.0231598611258477,NDUFA7,False
11758019_s_at,1.0230592740445157,NEURL1,False
11757147_s_at,1.0230428106599816,SNHG15,False
11725013_at,1.0228244811281828,MMACHC,False
11724289_at,1.022782658301386,TMEM256,False
11723331_at,1.0224018617756974,VAT1L,False
11745045_at,1.0221569133601394,PERM1,False
11717642_a_at,1.0220411571869572,CSTF3,False
11725167_at,1.021934392987043,MOB3B,False
11743077_s_at,1.0216481598840548,CEBPB,False
11744271_a_at,1.0213181365356447,ULK1,False
11727427_a_at,1.0212270147530211,ACSM3,False
11715500_s_at,1.0209650284650518,TARDBP,False
11729618_s_at,1.0209523078585034,UBE2J2,False
11735424_a_at,1.020683262373267,MAPK8IP2,False
11719811_a_at,1.0204544707504077,TRIB3,False
11726283_s_at,1.0204244343756734,ENPP5,False
11724357_a_at,1.0204054148531643,MYO5A,False
11728766_a_at,1.0203479280451497,KLHL5,False
11757923_s_at,1.0203384212511104,VPS41,False
11755234_a_at,1.020083342657899,CIDEA,False
11758489_s_at,1.019906680660474,SHROOM3,False
11741399_a_at,1.0198718835116678,CLUL1,False
11732981_at,1.0198710989789932,USP26,False
11753644_a_at,1.0197724665153556,ADM2,False
11735847_a_at,1.0196147344749849,CPA5,False
11738719_s_at,1.0191016585554844,OR5K1,False
11722758_at,1.0188349819793772,NPR3,False
11727681_a_at,1.0187790380533426,ACVR2B,False
11723792_at,1.0186784531304551,OSBPL11,False
11756564_a_at,1.017365808748203,AUP1,False
11742022_s_at,1.0172111652139486,IKZF1,False
11738774_a_at,1.0171925963675104,CLEC2A,False
11734563_s_at,1.0168194373602935,FRMPD2,False
11751556_a_at,1.0167525448380714,NUDT13,False
11754174_a_at,1.0165679971976407,SNX12,False
11742251_s_at,1.01624227050593,CYP2A13,False
11732846_at,1.0160484015382567,PTCHD1,False
11738951_a_at,1.015737746261099,SPRED3,False
11724288_a_at,1.0156321956354983,PRMT9,False
11715273_at,1.0154518960542331,TPM2,False
11742593_at,1.0154232741573694,OR14C36,False
11751442_s_at,1.0153027944816602,SLC25A44,False
11731445_at,1.0151606395330726,ANKRD1,False
11761339_s_at,1.0150340974116954,TCAF2,False
11730357_at,1.014935207836633,KCNE4,False
11737260_a_at,1.0148411054612676,BICC1,False
11745193_a_at,1.0147695977805389,SERPINA12,False
11743954_a_at,1.014672758355216,EHBP1L1,False
11723162_a_at,1.0142552474817055,ZNF776,False
11750095_a_at,1.0140377905131683,FAM65C,False
11761309_x_at,1.0137529897840007,PIH1D1,False
11754595_s_at,1.0137086368242458,SLC26A2,False
11759857_at,1.0131883054653559,HLA-V,False
11717113_a_at,1.0131372680232735,ETHE1,False
11731672_a_at,1.0130365981873086,PHLDB3,False
11738436_x_at,1.0129170696756906,IFNA4,False
11748232_a_at,1.0127611210707117,DIS3,False
11757059_x_at,1.0125972637804743,RPL36A,False
11735732_a_at,1.0125357356349671,RPP14,False
11727256_a_at,1.0124821883861885,ZNF20,False
11722963_a_at,1.0123688081015876,COPZ2,False
11747904_a_at,1.0123469924313286,PIP5K1C,False
11716875_at,1.0122830262525797,C14orf142,False
11729789_at,1.0122245113791426,DOHH,False
11728669_a_at,1.012158572216733,UBE2H,False
11751011_x_at,1.011897013514818,SHMT1,False
11755837_a_at,1.0117636738000637,ARHGEF5,False
11731353_s_at,1.0115079447101312,RIMBP3,False
11717223_a_at,1.0113386133623552,EXTL3,False
11752994_a_at,1.011114374554627,COL8A2,False
11746985_s_at,1.0106759773470766,TBX3,False
11742003_at,1.0105909233513033,TAS2R39,False
11741259_at,1.010505088957406,GREB1L,False
11738229_at,1.0104103892242144,DCAF8L2,False
11758956_at,1.0103454216817827,WWP1,False
11716424_a_at,1.0102799519862633,PCDHGA1,False
11760570_at,1.0102335606033113,SNX14,False
11727204_a_at,1.00994469638444,CBX4,False
11737200_a_at,1.0099325589277326,PRRX1,False
11728478_a_at,1.009715894423937,CCDC181,False
11729500_a_at,1.008646949038076,HHATL,False
11731773_at,1.0086172041796084,KIAA1161,False
11740590_at,1.008296827247912,RPS24,False
11724676_a_at,1.0081560868362724,KLHL2,False
11727952_at,1.0078364276065148,CBX8,False
11741462_a_at,1.0077052182825705,PRKAG1,False
11742736_at,1.0076541637787515,MCEE,False
11759353_at,1.0074804482830888,ZNF157,False
11747448_x_at,1.0073974229239009,BTN3A2,False
11755683_a_at,1.007241737659632,TNFRSF8,False
11757234_at,1.007113463288457,KCNIP4-IT1,False
11730786_a_at,1.0069587961440642,KLHL20,False
11721557_a_at,1.00674759389091,ABCA8,False
11722450_a_at,1.0064943398103787,POLR2D,False
11737321_a_at,1.0064765175094479,RREB1,False
11747206_a_at,1.0062979399841507,C7orf43,False
11751738_a_at,1.0062022803742803,PPP1R3E,False
11756187_s_at,1.0057632260641924,RPA2,False
11737809_at,1.0056262226011923,KCNH7,False
11761104_at,1.005512397500902,C12orf10,False
11757562_s_at,1.0050104762606973,CLEC18A,False
11745289_a_at,1.004956330532457,LIMA1,False
11747442_a_at,1.004954907250061,NAPB,False
11724065_at,1.0048621973316891,IBSP,False
11743106_a_at,1.0047324456107292,DHX9,False
11727084_at,1.0047051933109514,GJB2,False
11747421_a_at,1.0045144190785793,TG,False
11725883_at,1.0043349197958287,ERVFRD-1,False
11756728_a_at,1.0042457163673717,GAS2,False
11735649_at,1.003871647439916,LOC284009,False
11729928_a_at,1.0038076373574756,AQP2,False
11742765_at,1.0036619435935277,RGS1,False
11754573_a_at,1.0036051638138037,LPIN1,False
11738716_at,1.0035958520428636,OR6C1,False
11728302_at,1.0032863713621478,TGFA,False
11721618_a_at,1.0032689552160747,LRRC75B,False
11763391_at,1.0032386257947807,COPE,False
11738220_x_at,1.0031226182838826,SLC50A1,False
11738299_at,1.0029341129009326,HUS1B,False
11716369_x_at,1.0026059266127672,SUMO2,False
11731415_a_at,1.0023683115762512,PSMD6,False
11728339_at,1.001809791658497,CENPBD1,False
11726547_at,1.0016528145502428,PITPNM3,False
11733200_s_at,1.0015543532290523,CCDC14,False
11715717_s_at,1.0014287877619619,MSN,False
11742552_at,1.001264042495913,OR13C8,False
11719466_s_at,1.0010996775834213,C1QB,False
11762097_at,1.0009931529633715,WNK4,False
11738338_at,1.000966174542757,GCNT7,False
11725010_a_at,1.0007755611096865,SCTR,False
11744588_a_at,1.0001384750286577,CCDC17,False
11731361_a_at,0.9998827081020021,TREH,False
11758995_at,0.9997228278558988,LOX,False
11756608_s_at,0.9995655595416132,STARD9,False
11725143_s_at,0.9994069446276469,ATOH8,False
11723871_a_at,0.9991418795275556,DOCK2,False
11741141_x_at,0.999073935005343,NEDD4L,False
11736507_s_at,0.9988067149469876,FRMD6,False
11745360_a_at,0.998645540017558,CSAG2,False
11739914_a_at,0.9983466837952113,CRELD1,False
11723295_a_at,0.9982278034676682,PIGB,False
11723933_a_at,0.9982073748856081,PNMA3,False
11752079_x_at,0.9981493854995807,ADAMTS4,False
11727717_at,0.9980969866016781,ZBTB42,False
11747554_a_at,0.9979139399217748,TANGO2,False
11738317_a_at,0.9970456006803204,RLN2,False
11718630_s_at,0.9970407072243436,BOK,False
11740911_x_at,0.9966869054446804,LDHAL6A,False
11731872_x_at,0.9965484362378235,CD209,False
11720602_at,0.9963751721363677,SYT11,False
11730109_a_at,0.9955805884456955,NLRC3,False
11725011_a_at,0.9955162493458726,CEP78,False
11750850_a_at,0.9954586427056451,FAM83F,False
11723395_a_at,0.9947691992137117,SNX33,False
11721040_a_at,0.9946051893453387,TRAPPC11,False
11718908_s_at,0.9945417566946501,CHST2,False
11757854_s_at,0.9941053162899468,PLEKHA5,False
11755454_s_at,0.9940986798818742,BRD7P3,False
11737277_x_at,0.9939853154836701,HTR7,False
11740763_x_at,0.9939464332069602,RGPD3,False
11742222_x_at,0.9939150542659397,ZNF99,False
11725003_s_at,0.9935408513727108,C8orf58,False
11758851_x_at,0.9934715267879209,EMC1,False
11727189_x_at,0.9934187006335764,WNT5A,False
11728598_a_at,0.9934107809652256,ALLC,False
11728067_at,0.9932835854067418,PTGDR2,False
11735833_a_at,0.9931908323432982,CEMIP,False
11728898_at,0.9931286895948925,CDH15,False
11761408_at,0.9930082999952602,RBM42,False
11751103_at,0.9929683130106459,TTTY10,False
11744647_s_at,0.9926776828666132,PROM2,False
11738156_a_at,0.9924857022978476,ZBTB26,False
11760250_at,0.9924813488053158,SDHA,False
11758991_at,0.9923908743382571,FAM171A2,False
11749111_a_at,0.9921593344741289,MTTP,False
11755935_a_at,0.9920923754885098,MYL5,False
11730994_at,0.991722037774247,S1PR4,False
11719881_s_at,0.9914565699199231,OSTM1,False
11728017_a_at,0.9914439995300109,RHPN1,False
11718749_s_at,0.9912825162827833,C1QL1,False
11749284_at,0.9912210895269041,LOC100287685,False
11761424_at,0.9910595332594911,RAG1,False
11743430_at,0.9909286511236529,RBM27,False
11733367_x_at,0.9909227604192827,C19orf60,False
11734936_a_at,0.9909008812521971,CNOT2,False
11756601_a_at,0.9908382658954713,FAM8A1,False
11744203_a_at,0.9907842975777408,PRPF6,False
11731958_s_at,0.9905936374035871,FOLH1,False
11733391_at,0.9905843632104776,AGTR2,False
11727979_a_at,0.9903618537978298,MAN2B2,False
11737375_x_at,0.9903081850925701,RUNDC3A,False
11751744_a_at,0.9899022645498743,MMD,False
11718910_s_at,0.9898660358309248,OTUD5,False
11742711_at,0.9898280451588756,THBS2,False
11718544_s_at,0.9897974369053788,ZBTB44,False
11725964_a_at,0.9897929365310532,CAV2,False
11730427_a_at,0.9896814136565776,AP1B1,False
11724579_a_at,0.989594069942536,L1CAM,False
11720449_a_at,0.9895683888191213,RNF43,False
11760566_at,0.9891484022263485,LINC00260,False
11725656_at,0.989147745421692,MAGOHB,False
11760918_a_at,0.989103727185848,MRRF,False
11735473_x_at,0.9890023902159154,CCDC169,False
11757420_s_at,0.9889349121562353,ZFP36L2,False
11731806_a_at,0.988800800804893,CHRM3,False
11740989_a_at,0.9887344936546226,HYAL1,False
11743818_a_at,0.988702208035194,CILP,False
11719843_a_at,0.9886069045043983,ABI3BP,False
11739315_at,0.9882339366255428,KDR,False
11749558_a_at,0.9880262522835774,CYP4F8,False
11739227_a_at,0.9879452144118056,FBXW11,False
11726958_at,0.9877980140059572,TMEM81,False
11746970_at,0.9873891384978268,NPY6R,False
11750142_x_at,0.9870985238198146,YY1AP1,False
11739133_a_at,0.9868223714730117,NOL10,False
11740694_a_at,0.9866589611675888,FAM83C,False
11727967_x_at,0.9864666810198929,MSMB,False
11748236_a_at,0.9861823359184098,GRIA1,False
11716552_a_at,0.9859873278992678,LRRC49,False
11730609_a_at,0.9859868786097924,EFCAB5,False
11726193_at,0.9859088427933406,MARCH4,False
11762242_x_at,0.9858543100715844,PTK6,False
11725827_s_at,0.9857474826939367,CD1D,False
11746945_a_at,0.9857268756286711,UBL4A,False
11749271_a_at,0.9856655867499858,DNAH9,False
11755793_a_at,0.9852097420211177,WDR27,False
11756410_a_at,0.9851452453189756,KANSL2,False
11733705_at,0.9851237111285981,TMEM229A,False
11726041_x_at,0.9850451064131203,STK17B,False
11741110_at,0.9850031476112306,ZNF57,False
11720308_x_at,0.9844636205088282,SERP1,False
11759150_at,0.9843734652529791,CNOT4,False
11758222_s_at,0.9842484450367247,SLC20A1,False
11751440_a_at,0.9841741760646301,MTUS2,False
11732332_at,0.9841720350536233,NRIP2,False
11757006_s_at,0.9840099733633417,RNF4,False
11717572_a_at,0.9835927456387416,NECAP1,False
11727754_a_at,0.9835227922503185,PLA2G4A,False
11741485_a_at,0.9833866258131064,SLITRK3,False
11754295_a_at,0.9832723780262821,FAM107B,False
11746638_a_at,0.9828685198999235,DHRS11,False
11719539_a_at,0.9825789490506862,NEMP1,False
11748705_a_at,0.9825404575435919,PCMT1,False
11737937_x_at,0.9824329136123294,RANBP3L,False
11749444_a_at,0.9820830189403175,CPA4,False
11737595_at,0.9819523421077708,LINC01588,False
11735745_a_at,0.981948964127702,SERPINA10,False
11758030_s_at,0.9819084259717669,FOXG1,False
11737448_x_at,0.9818232956978997,DNAJC22,False
11724516_s_at,0.9817254026058483,GPD1L,False
11764171_s_at,0.9814398047761465,DCUN1D1,False
11757319_x_at,0.9811414362388667,HINT1,False
11749661_a_at,0.9809433670310349,PODN,False
11738921_at,0.9807625235954743,NFE4,False
11733323_a_at,0.98026772871416,TRDN,False
11720596_at,0.9801663162096479,CSRNP2,False
11745623_s_at,0.9800010626064223,FRMPD4,False
11735622_a_at,0.9799460675770812,TM6SF2,False
11730017_at,0.9799348891066275,EPHA10,False
11734883_a_at,0.979757305165384,ARID2,False
11729606_a_at,0.9797474028357852,PGM2,False
11736642_a_at,0.9797408761059337,SLC4A3,False
11735204_a_at,0.9797001460167217,MMAA,False
11738583_s_at,0.9795467326405028,OR8G2,False
11758921_x_at,0.9794999213818956,MRPS17,False
11747295_a_at,0.9794561943503621,PRF1,False
11736252_a_at,0.9794234601950408,MUC21,False
11748401_x_at,0.9793316308760212,TPM4,False
11737540_at,0.9792210366279596,LIPJ,False
11738969_at,0.9791946853570904,DEFB116,False
11730130_at,0.9790952626777534,HOXD10,False
11725128_a_at,0.9789078969310683,GNG4,False
11722697_x_at,0.9788509701581801,SFI1,False
11734980_a_at,0.9787407063407975,RALY,False
11716120_a_at,0.9784693158128944,WDR34,False
11727234_at,0.9775933487820765,EPG5,False
11728448_a_at,0.9775596408737569,ADCK5,False
11742117_a_at,0.9771598196147863,LYSMD1,False
11732722_x_at,0.976872721967414,MAP3K10,False
11759530_s_at,0.9767421145764585,NUDT22,False
11736894_x_at,0.976497782191258,STAG3L1,False
11737445_a_at,0.9763601294010629,SYT16,False
11750984_a_at,0.9762378428560359,MGAT2,False
11721829_at,0.9760710018107607,C9orf78,False
11751669_a_at,0.9759094580095461,ADH6,False
11743466_at,0.9757537579907906,MPHOSPH6,False
11728780_a_at,0.9756804838008777,ZAP70,False
11738522_a_at,0.975580992953847,TRPV1,False
11721812_a_at,0.9752854863027075,VWA1,False
11752019_a_at,0.9747218931608452,MAP3K19,False
11720058_a_at,0.9746771264600039,ATG16L1,False
11757187_a_at,0.9746158216868727,PLD2,False
11737135_a_at,0.9745737616934982,HOXC6,False
11754454_s_at,0.974237239202553,RAB13,False
11737158_at,0.9737115269962815,SLC9A2,False
11723598_x_at,0.9736199151013138,MAP2K7,False
11752219_a_at,0.9731735857753636,CDH6,False
11726717_at,0.9730714468307183,C1orf74,False
11730746_s_at,0.9729970399641947,PAIP2,False
11729535_at,0.9728433171446513,TNMD,False
11745313_a_at,0.9726083588676974,SYNRG,False
11734246_a_at,0.9725938915248072,SLC5A11,False
11748960_a_at,0.9725719816096028,DDX3X,False
11730607_at,0.9722354698505975,SERTM1,False
11730084_x_at,0.9718356360116118,MINK1,False
11734700_a_at,0.9717905497519789,TBRG4,False
11716488_x_at,0.9717132397753636,PIGT,False
11721758_at,0.9716839199084485,TMEM47,False
11733248_a_at,0.9715880955892181,DBNDD2,False
11727067_a_at,0.97158152292752,SLIT3,False
11743288_at,0.9710076036816225,PEAK1,False
11759947_at,0.9703614723448591,KU-MEL-3,False
11761522_at,0.9694924133705646,CHURC1,False
11726510_a_at,0.9693908109968148,SMPD3,False
11719118_a_at,0.9692460666912754,TPBG,False
11734253_at,0.9691382740306302,ZNF572,False
11729077_at,0.9690436760317549,AKAP5,False
11718380_s_at,0.9688332892693248,DGKZ,False
11722054_a_at,0.9685871023073118,CYP4X1,False
11758059_s_at,0.9683479878827607,ANKRD49,False
11747699_a_at,0.9683095480578525,ADORA1,False
11763335_a_at,0.9681114105586701,MDH2,False
11755019_s_at,0.9680643957394478,SCUBE3,False
11724390_x_at,0.9680137111592413,ZDHHC16,False
11737917_at,0.9678851927853,PDLIM2,False
11751648_a_at,0.9678550231450986,HGS,False
11737310_at,0.9673568204532946,RHOXF1,False
11718941_a_at,0.9667849800710409,LSM14B,False
11756870_a_at,0.9667338888922425,MYO3A,False
11747397_x_at,0.966466706652958,CCHCR1,False
11759760_s_at,0.9664541531038121,HIST1H2BC,False
11736976_at,0.9660813353301704,ZBED9,False
11720253_s_at,0.9658769329307606,TOB1,False
11744736_at,0.9658011837285067,PYY2,False
11736339_a_at,0.9657792707104035,PCSK1,False
11742518_at,0.9656692426075144,OR7G2,False
11718854_a_at,0.9656499723707098,MRPS30,False
11754335_a_at,0.9650629443536759,TXNRD3,False
11739010_a_at,0.965033990573367,MYH9,False
11733670_at,0.964910935043143,ZCCHC13,False
11727836_a_at,0.9648582400485214,CPZ,False
11760891_s_at,0.9642036075813089,GPAT2,False
11751632_a_at,0.9641001383987204,TFAP4,False
11732451_a_at,0.9640073220035936,AGRN,False
11756489_a_at,0.9638302150201661,NUDT8,False
11724197_at,0.9634815650479397,STC1,False
11743412_at,0.9633944964091984,OTUD1,False
11737901_a_at,0.9633272200656388,METTL5,False
11728468_at,0.9632456042768186,MAST1,False
11732064_a_at,0.9631342408485869,C2orf82,False
11720715_at,0.9629447971014279,NIPA1,False
11744056_at,0.9629314654335088,MNT,False
11759871_at,0.962845096076387,TWIST2,False
11716876_a_at,0.962746940458416,TSTA3,False
11737657_a_at,0.9627386107141961,NRG4,False
11763251_at,0.9626435418144726,GYPA,False
11748346_s_at,0.962577780747211,FKBP9,False
11733329_a_at,0.9621795709032432,CEP57L1,False
11727934_at,0.9620224494914362,ACTR5,False
11736945_a_at,0.9619779994132386,HIPK4,False
11726891_a_at,0.9617596033645588,SFTA3,False
11730935_a_at,0.9616456283963045,AKNA,False
11750250_a_at,0.9615640379368959,PPP1R13L,False
11735291_s_at,0.9610524362307324,LOC653513,False
11737979_a_at,0.9608996679881138,ZNF570,False
11761024_a_at,0.9604492978296512,CCDC12,False
11723821_a_at,0.9603772545456336,SMURF2,False
11744068_x_at,0.9600905364806306,APOE,False
11749608_a_at,0.9598666412090298,RNF11,False
11754057_x_at,0.9598208294251268,CRABP2,False
11754331_a_at,0.9597056784301277,SYDE1,False
11724066_s_at,0.9592425140171255,HCFC1R1,False
11728742_a_at,0.9588027401775806,ARAP3,False
11731372_a_at,0.9588009370726155,NODAL,False
11739738_at,0.9587273643816153,DCUN1D2,False
11748124_a_at,0.9585315589902647,CIRBP,False
11756042_x_at,0.9584211590163926,ESR1,False
11725937_a_at,0.9581511932331156,LGALS3,False
11755597_x_at,0.9579781212020905,SLC25A47,False
11754876_a_at,0.9578074819505557,PCDH20,False
11741414_a_at,0.9575217581553528,RECQL4,False
11731283_a_at,0.9573563667088911,KLK8,False
11758823_a_at,0.9573443120873791,PINX1,False
11715422_a_at,0.9573406875610785,BCAP31,False
11737302_at,0.9569460345428219,CHST5,False
11740840_a_at,0.9566922075297366,ABL2,False
11742762_at,0.9565853589198136,GCG,False
11729831_a_at,0.9564452651800329,CLDN8,False
11727354_x_at,0.9556392665098575,CALN1,False
11748306_a_at,0.9555104043914089,M1AP,False
11760420_a_at,0.9552145827381342,GALNT16,False
11728034_a_at,0.9551848354210495,TBC1D7,False
11716832_s_at,0.9551710372159352,TM7SF3,False
200069_PM_at,0.9549690128153135,SART3,False
11720271_at,0.9548742491961656,RIMS4,False
11754231_at,0.9546523707017593,TMEM185B,False
11744206_at,0.9546393625553273,PAH,False
11756380_s_at,0.9545560032789888,TRMT112,False
11717124_at,0.9544496976829911,SH3PXD2A,False
11738993_at,0.9541703374263313,SYT4,False
11755167_s_at,0.9540813333051713,LINC00847,False
11756238_s_at,0.9537867701311142,SLC2A1,False
11747504_a_at,0.9536717694715151,ZNF510,False
11760286_at,0.9535569203208659,EIF2AK4,False
11726052_s_at,0.9533595143090399,FAM35A,False
11736050_s_at,0.953353522449166,FAM229B,False
11734115_at,0.9532533871479911,SLC10A1,False
11759277_at,0.9531617354670107,OR2T34,False
11735736_a_at,0.9530481833081894,CREB3L3,False
11738223_a_at,0.9530218757541912,IL17F,False
11720657_x_at,0.9529899769851975,HLA-DRB5,False
11759242_at,0.9528025415688017,FCN2,False
11722960_a_at,0.9525214969582807,CYB561D1,False
11738334_x_at,0.9524024087159637,TMPRSS11BNL,False
11760590_x_at,0.9523854553288901,OGFRL1,False
11753441_a_at,0.9521540030322257,HILS1,False
11735864_a_at,0.9520274996834451,CD160,False
11716873_a_at,0.9518897633806744,WDR46,False
11732964_a_at,0.9517696557491209,RIT2,False
11757522_s_at,0.9514364397054228,C6orf47,False
11725562_at,0.9512986743015512,C20orf85,False
11716451_s_at,0.9510094190293742,RFTN1,False
11748108_a_at,0.950661820776935,TEX9,False
11763023_at,0.9504198810104991,OR5G5P,False
11733948_at,0.9503546343733542,PAX9,False
11742336_at,0.9502635543705504,OR13D1,False
11718400_a_at,0.9501325163904912,PNP,False
11727618_a_at,0.9500890509678914,EFNA3,False
11739517_x_at,0.9490053057062756,DFFA,False
11722213_at,0.9489404348038403,NPM3,False
11753952_a_at,0.9489192030768014,GALT,False
11745118_a_at,0.9487920302499998,SLC45A2,False
11747841_a_at,0.948730628689087,ACVR1,False
11726390_a_at,0.9486485658879488,MZF1,False
11744055_a_at,0.9485893652834176,METTL1,False
11744880_a_at,0.947920209832357,ZNF165,False
11741567_x_at,0.9478914974349353,SLCO2B1,False
11756212_x_at,0.9477318673064221,ELP3,False
11727745_at,0.9473367061345698,METTL21C,False
11757078_s_at,0.9469916320065577,LOC101929373,False
11739370_a_at,0.9466991143767953,PPM1D,False
11729153_at,0.9466297546598397,CEACAM6,False
11763221_x_at,0.9464708706403185,IGLV8-61,False
11756846_a_at,0.9463862770871063,PRAM1,False
11728930_at,0.9462651511154715,RNASE11,False
11727875_at,0.9462503711330036,DLX3,False
11734622_at,0.9462275027821525,KRTAP1-3,False
11729740_a_at,0.9459180446901951,FAM151A,False
11756574_x_at,0.9455143774103748,RNF167,False
11740594_s_at,0.9453555803273276,HIST1H3E,False
11725405_a_at,0.9451255315617376,GMPR2,False
11757523_s_at,0.9446671292727458,WDR35,False
11730530_at,0.9442745293692887,ZNF684,False
11743793_a_at,0.9439320780444401,ZNF280B,False
11724669_a_at,0.9438678984588141,MRPS22,False
11743966_a_at,0.9438268412652716,CERCAM,False
11737339_at,0.9438055031102502,ABCG8,False
11741060_a_at,0.9436080036450255,HVCN1,False
11746808_x_at,0.9430389114375181,LOC100630923,False
11715444_at,0.9428485267651924,CPB1,False
11753907_a_at,0.9428148450154196,POFUT2,False
11760963_x_at,0.9427948406249613,LOC102724250,False
11757618_a_at,0.9427465193380467,IFT43,False
11755869_a_at,0.9426760140776105,JAM3,False
11732003_a_at,0.9425982214221782,CRHR1,False
11748601_a_at,0.9423531247634993,APBB3,False
11722053_a_at,0.9423095120273731,NQO2,False
11757969_x_at,0.9420005096194077,JUND,False
11725603_a_at,0.9419344288742046,HOXA10-HOXA9,False
11755939_a_at,0.9417796521769568,BCAM,False
11730136_x_at,0.9416447085100003,C2orf27A,False
11727639_a_at,0.9415694648384333,MPHOSPH9,False
11735988_at,0.9415399291094362,DEFB136,False
11720324_a_at,0.9414741316054387,POLR2F,False
11725246_a_at,0.9413374200730933,SDK1,False
11748328_s_at,0.9410079201758818,KRT16,False
11724449_at,0.9407327670489447,ZDHHC22,False
11757445_s_at,0.9406087062570998,PTEN,False
11741124_a_at,0.9405203270581528,SAR1B,False
11734107_a_at,0.9402719514788662,LSM11,False
11716366_s_at,0.9400944909274086,CELA3A,False
11731783_a_at,0.9400121154090988,RASAL3,False
11739120_a_at,0.9399601747140917,XPO7,False
11731018_at,0.939598619141251,SIX6,False
11742914_at,0.9394119861322454,GLOD5,False
11761322_s_at,0.9393824991402847,ANXA8,False
11741595_at,0.9390939049307608,TSHB,False
11742978_at,0.939008946399204,CHMP4C,False
11763571_at,0.9385132756855353,LOC105379783,False
11739282_a_at,0.9384121613126676,TRIM23,False
11715105_at,0.9382501281582153,C17orf78,False
11735958_at,0.9380984597321389,WFDC12,False
11734688_at,0.9378752960737081,MBD2,False
11749173_a_at,0.9377487246140069,PPP2R5D,False
11725833_a_at,0.9376773422178742,ALKBH1,False
11745031_at,0.9374148898164586,PPP1R2P9,False
11762450_at,0.937411959650799,KLF14,False
11716067_at,0.9373171876050272,VAMP2,False
11748741_a_at,0.9367847577126599,SCNN1A,False
11751379_s_at,0.9365052695481523,USP17L1,False
11730064_at,0.9364801348101861,INSM2,False
11753450_s_at,0.9363514606334472,SPATA3,False
11715600_a_at,0.9356935736998598,PPP1R11,False
11737547_a_at,0.9355866484602819,CDH9,False
11763270_s_at,0.935425318419926,IKZF5,False
11728543_a_at,0.9353285816836673,MRO,False
11755108_a_at,0.9352601548443125,LVRN,False
11749120_a_at,0.9352281172995269,SCUBE2,False
11738697_at,0.9351019294868153,OR1N2,False
11732835_at,0.9349862680631186,MBD3L1,False
11716242_a_at,0.93430373993398,PES1,False
200085_PM_s_at,0.9340570675685304,TCEB2,False
11760943_at,0.9339630868955352,TPCN1,False
11759659_at,0.9336896737073084,LOC100130428,False
11721433_a_at,0.9333852136989982,CRBN,False
11721024_a_at,0.933357944108111,IL11RA,False
11763847_a_at,0.9333122116628589,LINC01119,False
11719780_at,0.9332699151251967,TNFAIP8L2,False
11755767_a_at,0.9332337136392403,RUSC2,False
11731804_s_at,0.9329135733409283,DCUN1D3,False
11723389_a_at,0.9328756726077124,C16orf74,False
11718008_a_at,0.9328389789226796,CPNE2,False
11728857_at,0.9328223741140012,CEP19,False
11749502_a_at,0.9321470841744686,RELN,False
11724605_a_at,0.9319488908245004,HS6ST2,False
11732379_a_at,0.931924376522989,DXO,False
11750321_a_at,0.9319043580608961,F2RL2,False
11723857_at,0.93144734399589,TXNDC16,False
11721297_at,0.931270859704066,ABRACL,False
11751257_a_at,0.9312601861942277,UPF3B,False
11741675_s_at,0.9309638768239613,GBP7,False
11741588_a_at,0.9308417044145783,RTEL1-TNFRSF6B,False
11732019_a_at,0.9305673690980989,IL15RA,False
11721179_at,0.9301412922539749,FAM175B,False
11720638_a_at,0.9299487508590738,ACBD6,False
11726109_at,0.9298947249467827,HOMEZ,False
11744521_x_at,0.9296654283293592,USP39,False
11731414_at,0.9295657996261046,GALM,False
11752948_a_at,0.9295338902448828,PRCP,False
11729156_a_at,0.9294603504779976,SLC25A32,False
11762765_at,0.9292952796281864,DAOA,False
11742174_x_at,0.9292625083571959,LCE3E,False
11761966_x_at,0.9291570272914331,TMC2,False
11737779_a_at,0.9289279253999987,KITLG,False
11726599_a_at,0.9286687883189157,PLPPR1,False
11735238_a_at,0.9280390789542604,SEC22C,False
11716063_at,0.9280355635624735,TNC,False
11736108_at,0.9275905337227496,ARL8A,False
11730041_a_at,0.9271447931952407,SMARCC2,False
11727074_at,0.9270995021314136,PLAC4,False
11756560_a_at,0.9265476269980698,NDP,False
11722123_a_at,0.9263855408014136,CYP27B1,False
11731051_at,0.9263556255398951,CEP126,False
11746836_a_at,0.9261629611540624,TMEFF2,False
11744208_a_at,0.9255869372633947,MRPL28,False
11721849_x_at,0.9255354299270621,REEP2,False
11726128_at,0.9253087642316105,EPYC,False
11728551_a_at,0.9250171619674848,TULP1,False
11720347_s_at,0.9248264105897702,GGNBP2,False
11727330_a_at,0.9247971321970347,C7orf61,False
11743813_a_at,0.9246661137621323,EVI2B,False
11717403_a_at,0.9246631301978149,SCAMP3,False
11757679_s_at,0.9242742336863807,SMAD5,False
11715691_s_at,0.9242300445332305,ZFP36,False
11741454_a_at,0.9240383014374134,JAKMIP1,False
11717307_s_at,0.9236264059993295,IARS2,False
11764251_s_at,0.9229422264302504,MOSPD1,False
11760424_x_at,0.9228365852640394,TACC3,False
11721989_a_at,0.9224728880785215,FAM131A,False
11719719_at,0.9224629377336924,LAD1,False
11736978_at,0.9224449334498431,PADI3,False
11756071_x_at,0.9224006458692073,ACTB,False
11760893_x_at,0.92188550742807,SERGEF,False
11717419_a_at,0.9217377566747508,DNAL1,False
11763345_x_at,0.9217100003879051,C1orf174,False
11744288_at,0.9216669043148377,ZNF622,False
11755604_x_at,0.9214314507988135,RPL7A,False
11763081_a_at,0.9214274164911498,ZNF578,False
11719136_at,0.9212361865699503,THOC1,False
11719538_at,0.9208195375176665,BBOX1,False
11738037_at,0.9207079699181019,PDE6C,False
11749025_a_at,0.9205355756025082,PPP1R12C,False
11733735_x_at,0.9205081469493517,AAMP,False
11753055_s_at,0.9205063683412329,RAP1B,False
11741618_a_at,0.9203947257057861,ATP2B3,False
11732289_at,0.920153295514652,TRMT61A,False
11717647_at,0.9201158887987608,MCMBP,False
11723273_at,0.9200571480104315,FEM1C,False
11756098_a_at,0.9199608296270146,SYTL5,False
11737730_s_at,0.9199133363667779,ZNF705A,False
11751457_a_at,0.9198452429002878,MAT2A,False
11750592_a_at,0.9198144898422247,TSHZ2,False
11719827_a_at,0.9194289904452273,QPCT,False
11750340_s_at,0.919371158663211,ADGRD2,False
11755629_a_at,0.9193140457889912,OGFOD2,False
11741653_a_at,0.9185788681123169,ABCG4,False
11762657_x_at,0.91839133236999,C6orf141,False
11722065_at,0.9183487156580543,C12orf49,False
11719962_s_at,0.918255450152182,AOC1,False
11752586_a_at,0.9181799890114455,C19orf47,False
11735932_x_at,0.9180933432644636,FRG2C,False
11721701_a_at,0.9176100138921064,MAP1LC3A,False
11718143_a_at,0.9175584845840303,LOC81691,False
11755400_s_at,0.9174130530878549,STK39,False
11728442_x_at,0.9170981597652137,CHD5,False
11738869_at,0.9170628974971519,TBX1,False
11732975_at,0.9170552735306211,OR1A2,False
11759698_at,0.9170540132771352,STEAP1B,False
11730572_at,0.9168981977888145,CEP97,False
11719089_a_at,0.9168677898542112,PCK2,False
11724456_a_at,0.9166650425924465,FBXW4,False
11717551_a_at,0.9165436142755797,LOXL1,False
11734491_a_at,0.9165172113942823,SPATA24,False
11740545_a_at,0.9162196757371323,ADAM22,False
11750887_a_at,0.9161941544146128,BIRC2,False
11741633_a_at,0.915990477469398,HEATR9,False
11721762_a_at,0.9158879130997559,PIK3R5,False
11762639_at,0.9156923358192253,DNAJA1P5,False
11738167_x_at,0.9156661454299714,CBX2,False
11746764_a_at,0.9155073087831085,SCEL,False
11757739_s_at,0.9153013828567532,RAB3GAP2,False
11735440_a_at,0.9152179316303479,RBM11,False
11756605_x_at,0.9151330020132624,PCDHB2,False
11727261_a_at,0.9148683869546343,ENTPD7,False
11740591_x_at,0.91468197784868,DTNB,False
11726456_at,0.9143571019870764,MYO5B,False
11762176_at,0.9141989892178045,AGAP11,False
11722803_s_at,0.9140743165671211,GNAI1,False
11743622_a_at,0.9133553696571592,TM9SF2,False
11736745_a_at,0.913244550793602,ZBTB20,False
11763087_s_at,0.9131755471450733,C5orf17,False
11760853_a_at,0.9125907938070809,LOC105376033,False
11746184_a_at,0.9124908732019974,DHDDS,False
11738499_at,0.9117982853886354,OR9A2,False
11758504_s_at,0.9117275329884066,FAM216B,False
11744555_at,0.9115872908293948,CYP2B7P,False
11745587_x_at,0.9115285485251104,TUBD1,False
11741167_at,0.9114921206921632,PCDHB8,False
11726385_a_at,0.9107336433886749,MT1X,False
11759446_at,0.9105147350578805,ACOXL,False
11716637_at,0.9104027001375844,EMC7,False
11752878_a_at,0.9101547132175204,ZNF750,False
11729429_a_at,0.9099500855669467,KIF26A,False
11738750_s_at,0.9099211827317183,OR13C2,False
11716729_a_at,0.9097426918826995,EMC3,False
11734336_x_at,0.9096053303501506,SIGIRR,False
11732697_s_at,0.9095811178239089,COL24A1,False
11717073_a_at,0.909455538953582,AEBP1,False
11724041_at,0.9094306543385947,SPESP1,False
11731085_a_at,0.9093097697500353,CAPN3,False
11720124_at,0.9088889378980336,SRD5A3,False
11725758_at,0.908752170330717,ISL1,False
11737895_x_at,0.9085055624753997,PCDHB11,False
11735964_at,0.9084588848195745,GNG8,False
11718919_a_at,0.908000097331152,ATP6V1B1,False
11715299_s_at,0.9079062932764604,PRAMEF8,False
11758758_at,0.9073018402419148,SPINT1,False
11759451_at,0.9062871641132705,TRPC7,False
11738242_at,0.9060676652525719,TLX1NB,False
11745138_s_at,0.9060588891026319,FAM223A,False
11731538_a_at,0.9059683830099164,ADGRF1,False
11756504_s_at,0.9059562757826117,LOC728715,False
11715490_s_at,0.9058573783334215,AMY1A,False
11748443_a_at,0.9057707065115783,WNT7B,False
11728385_a_at,0.9057010598958254,SIX5,False
11758869_at,0.9053897439417321,ACTA2,False
11722334_at,0.9052972169424933,FNDC5,False
11746757_x_at,0.9046497778803165,KY,False
11730947_at,0.9045741579727993,IFNG,False
11724741_at,0.9042830237964905,HMGN2,False
11736520_at,0.9041526042836914,KCNA4,False
11730594_at,0.904048609067963,EBLN2,False
11725767_at,0.9040291865235611,CLCF1,False
11745291_a_at,0.904018011769434,AFF2,False
11736586_at,0.9039455365566632,KCTD4,False
11729406_a_at,0.9037476680879943,IFNGR1,False
11761037_x_at,0.903678382015153,ARL16,False
11741317_a_at,0.9033240588582138,NHLH2,False
11722776_at,0.9033109765563193,PRKD1,False
11726668_at,0.9032464913100243,MFSD8,False
11743938_at,0.9027868018828615,SLC7A14,False
11742605_at,0.9027502845779936,OR52J3,False
11726679_a_at,0.902539127958353,AFAP1L2,False
11731028_a_at,0.9023349161607608,MYOM3,False
11723717_a_at,0.9022867929402351,FTSJ2,False
11734470_x_at,0.901229176156664,C8orf31,False
11758586_s_at,0.9009787096620959,GGT6,False
11725009_a_at,0.9009624252627038,EPB42,False
11735796_a_at,0.9007952191398712,SIGLEC12,False
11724086_at,0.9007375592040746,FIZ1,False
11737951_a_at,0.9003753509441209,ZNF623,False
11728065_a_at,0.900309940906402,SALL4,False
11732176_a_at,0.9002816620228435,ALG8,False
11747874_x_at,0.8999397403366811,BTN2A1,False
11739849_x_at,0.8998823257219521,POLR2J3,False
11740816_a_at,0.8995873486796416,IL5RA,False
11742452_s_at,0.8994803481101453,MAGED4,False
11721030_a_at,0.8993178422655553,PIP5K1B,False
11742576_at,0.8992410423756313,OR5B17,False
11724195_at,0.8990856680591022,SERF2,False
11758269_s_at,0.8989410471273808,MAT2B,False
11724888_a_at,0.8989104089672595,CARD10,False
11726434_at,0.8988613912462694,CHL1,False
11724985_a_at,0.8986299907053478,EXPH5,False
11730531_at,0.8984637772498489,ZGLP1,False
11721359_a_at,0.8981024260088003,ITIH1,False
11734644_a_at,0.8978297157608618,PWWP2B,False
11737587_at,0.8978296068326185,KCNA7,False
11757056_x_at,0.8977427701879811,LOC728026,False
11742751_a_at,0.8974541874197487,ITIH3,False
11731629_a_at,0.897248842887521,MIOS,False
11716698_s_at,0.8971182259222993,HBP1,False
11739125_x_at,0.8969343165146751,CPNE1,False
11722771_at,0.8968702313887816,PSD2,False
11723931_a_at,0.8967980676017288,CCT5,False
11736530_at,0.8967939956904843,KCND2,False
11732197_s_at,0.8967937757130652,PLAGL2,False
11752937_a_at,0.8963188121166623,NOL4L,False
11736250_a_at,0.8961184816049056,KIAA0101,False
11759131_at,0.8958698732144226,HIST1H2AG,False
11717888_s_at,0.8958325096157814,CHAMP1,False
11756833_a_at,0.8955402873659112,TRIQK,False
11735754_a_at,0.8955057759070404,EPHB4,False
11758549_s_at,0.8954203983128314,POM121L2,False
11727318_at,0.8953299005769979,PURG,False
11753038_a_at,0.8950606434569678,BBS9,False
11737453_a_at,0.8947102819879519,LRGUK,False
11732542_at,0.8946486104694682,TRIM7,False
11747957_at,0.8945785677008518,LOC100287931,False
11759467_at,0.8942806849038551,VSTM5,False
11741154_s_at,0.8939217517775829,LIMS1,False
11732147_a_at,0.893783263988639,CAT,False
11739111_at,0.893760395061906,MASP1,False
11758530_s_at,0.8937315260072147,KCNJ16,False
11761757_at,0.8935397178851935,FXYD7,False
11719335_a_at,0.8934669374699453,DCP1B,False
11734033_at,0.8934603124725495,C15orf61,False
11743182_x_at,0.8930291510163457,C16orf59,False
11736066_x_at,0.8928040868703956,HYPK,False
11760167_a_at,0.892754986118205,STK25,False
11720879_a_at,0.8927501397020702,CABIN1,False
11725041_at,0.8926989529785807,FGF2,False
11748122_a_at,0.8925442358641537,KCNAB1,False
11728133_a_at,0.8921999980808172,ARVCF,False
11750208_a_at,0.8921567593914923,DCX,False
11734481_at,0.8920448714657232,RTP1,False
11755481_a_at,0.8905362671573686,HELB,False
11722250_s_at,0.8902928321486515,MBD6,False
11744378_a_at,0.8902843019690184,KRT4,False
11727887_a_at,0.8901829745111585,ZNF25,False
11719315_a_at,0.8900299471533846,PIBF1,False
11730160_s_at,0.8897162959600459,RBM20,False
11727752_at,0.8897033249050877,GRIK3,False
11731267_at,0.8893329692343991,NXPH2,False
11716318_x_at,0.8893201680140074,MAP2K2,False
11755559_a_at,0.8891092157738769,ADCK4,False
11749014_a_at,0.888881414845839,SEMA3F,False
11751450_a_at,0.8886135972414655,ALKBH5,False
11716659_a_at,0.8884018525638049,HNRNPH3,False
11750445_a_at,0.8883132303552528,SLC22A24,False
11735814_at,0.8882832039858122,RAD21L1,False
11736372_at,0.8882510973755874,MUC17,False
11755984_a_at,0.8878882154950508,TRIML2,False
11756367_x_at,0.8878133907965596,SLC25A4,False
11745639_a_at,0.8877362368421152,GRIK4,False
11716440_s_at,0.8873649834256513,USO1,False
11718097_a_at,0.8868332671987756,MEF2A,False
11756542_a_at,0.8867957120858013,GPR87,False
11720691_at,0.886492752595118,DIRAS1,False
11761479_x_at,0.8863321467809878,HSP90B2P,False
11742465_x_at,0.8862276204348569,PTP4A2,False
11729865_x_at,0.8861761572191741,SPATA2L,False
11732065_a_at,0.8857723507651875,RIPPLY2,False
11746307_s_at,0.8856738949430335,LINC00494,False
11738637_a_at,0.8853475066201997,CTBP1,False
11740249_at,0.8852908854136977,CFHR5,False
11718162_a_at,0.885240834881325,MCRS1,False
11739742_x_at,0.8851240242718467,B3GNT6,False
11718522_a_at,0.8849209580243086,SMG7,False
11729266_x_at,0.8848413848478593,SPRR2D,False
11715724_s_at,0.8847441334525132,ITM2B,False
11739045_a_at,0.8846093494703868,SLC15A2,False
11718183_at,0.8844527215496584,CDCA5,False
11735175_at,0.8843097722092664,NOS1,False
11735158_a_at,0.8842091042905874,ZNF501,False
11757126_x_at,0.8840415982842292,SNORA74A,False
11722191_at,0.8839414141623207,TTC37,False
11725572_at,0.8837603699226277,TAOK2,False
11727548_a_at,0.8836797008413051,NOL4,False
11753270_a_at,0.8831168394015029,HABP2,False
11727896_a_at,0.8830065924252831,LSM8,False
11755052_s_at,0.8829740735119586,GYPE,False
11760922_a_at,0.8827498076778293,HAND2-AS1,False
11758320_at,0.8827456279653573,GATSL2,False
11755770_x_at,0.8827286461398911,HEATR5B,False
11736376_a_at,0.8826674330985727,MPP3,False
11748532_a_at,0.8823458284873085,IST1,False
11727320_at,0.8818778931066217,IGFL2,False
11741336_at,0.8817930177485894,CACNG7,False
11741613_at,0.8816762822970129,KCNB2,False
11758482_s_at,0.8815717127074431,HS3ST3A1,False
11722338_at,0.8814583225829203,PEX7,False
11723734_s_at,0.8812990744661942,OTUD6B,False
11720699_at,0.8812710054423136,CPA2,False
11734555_a_at,0.8812202564940872,NRBP1,False
11733640_a_at,0.8803666146574477,C6orf10,False
11749674_a_at,0.8801956417575096,SHTN1,False
11726749_a_at,0.879951266430181,GTF3C4,False
11762163_at,0.8796215394869554,RNF5,False
11732400_x_at,0.8795785197182834,GSG2,False
11726410_at,0.8790352595860489,GID4,False
11724499_at,0.8790063266051394,MFNG,False
11757776_s_at,0.8789705305844038,ARG2,False
11758280_s_at,0.878926131125716,HSD17B6,False
11726014_at,0.8787636636691798,GPC6,False
11760624_at,0.878755669764193,CHMP5,False
11754496_x_at,0.8787331018263712,FMO1,False
11721114_a_at,0.8787229197259332,DERA,False
11746759_at,0.8786547574016643,HSD52,False
11729806_a_at,0.8784581561265195,UBXN11,False
11725470_at,0.8781138042673134,IRF2BP1,False
11753950_a_at,0.8780714833156116,ENTPD4,False
11731671_at,0.8779991213208237,FUNDC1,False
11733192_a_at,0.8779262528244679,GAPDHS,False
11734372_at,0.8778508089420951,MBLAC1,False
11724533_at,0.8778433634886129,CCDC184,False
11719871_a_at,0.8778218200268337,TMEM176B,False
11747006_a_at,0.8778177275673569,INSC,False
11717253_at,0.8775055295124602,PRM1,False
11737037_x_at,0.8773802349000636,TCEAL6,False
11729453_s_at,0.8773744433342202,CYP2B6,False
11744685_a_at,0.876976408734414,B4GALNT1,False
11727228_at,0.8764358530100982,FBXL8,False
11755845_x_at,0.8762526628573776,MARS,False
11741838_a_at,0.8760175030423291,NPB,False
11720799_s_at,0.87590562838814,RAB8B,False
11719527_a_at,0.8757822398169932,FBXL16,False
11731929_at,0.8756858188548253,DEFB127,False
11742508_a_at,0.8756610296394388,MSANTD1,False
11716178_s_at,0.8755191033346033,C5orf15,False
11744436_a_at,0.8751384244802713,CIT,False
11729882_at,0.8748952197192653,KNDC1,False
11751975_a_at,0.8746835117072058,SGIP1,False
11721573_a_at,0.8744883244795041,ACVRL1,False
11730082_a_at,0.8744737335782072,GFI1B,False
11728884_a_at,0.8743064477306413,TM6SF1,False
11728506_at,0.8742639353475755,SLC39A2,False
11748520_a_at,0.8741947375785328,PTPN7,False
11753729_a_at,0.8741675413348025,XRRA1,False
11724955_s_at,0.8739396697934122,LOC105369233,False
11762483_at,0.8738221610962282,TIGD7,False
11763395_a_at,0.8737623847262083,ZC3HAV1L,False
11741850_at,0.8737363427400485,TCTE3,False
11745792_at,0.8736237923104674,LOC100288152,False
11747100_a_at,0.8736115043771804,SPTBN4,False
200019_PM_s_at,0.8733657060607243,FAU,False
11760252_at,0.8731211239493849,IFI44,False
11725453_at,0.8730700932214697,NAT8,False
11734202_x_at,0.8730488236488675,MARVELD2,False
11736460_a_at,0.8729509317985907,RNF168,False
11730205_at,0.8729061740038413,PSMD9,False
11742571_at,0.8728909210062039,OR10T2,False
11746538_s_at,0.8728526040938654,SPATA31C1,False
11726452_at,0.872834165264417,SVOP,False
11742189_a_at,0.8728047933919905,WDR17,False
11751486_a_at,0.8727012254807781,CPNE6,False
11733272_x_at,0.8726437125711463,NAT8L,False
11736950_at,0.8725295420358391,APOF,False
11740476_a_at,0.872523132903836,NOX4,False
11740927_at,0.8724410149059679,C14orf177,False
11726112_at,0.8719812681721523,METTL25,False
11757733_s_at,0.8718294938096474,XIST,False
11717158_at,0.8715007300157752,ZNF593,False
11753671_x_at,0.8712480641078018,DSTN,False
11725697_at,0.8711846974810532,TRIM56,False
11720418_a_at,0.8708231292253931,CUL2,False
11758015_s_at,0.8707006011850354,HPRT1,False
11732577_x_at,0.8706682486361522,NANOG,False
11755544_a_at,0.8704118341005467,EFHB,False
11761697_a_at,0.8702483071780586,C21orf59,False
11756678_x_at,0.8699925876330014,FAM64A,False
11729763_a_at,0.869771483460782,LSM10,False
11727713_at,0.8697301312649159,KCNJ12,False
11745230_a_at,0.8695204116316023,TCAIM,False
11731324_a_at,0.869192890713252,LSS,False
11758173_s_at,0.868486885646167,SPCS2,False
11736955_a_at,0.8683179373272952,MAEL,False
11754891_a_at,0.8682942525156555,CCM2L,False
11721544_at,0.8682866117789733,TMEM186,False
11756467_x_at,0.8682792718947123,TMEM50A,False
11753418_a_at,0.8679104234106385,PGGT1B,False
11715609_a_at,0.8678939240466866,ATP6V1H,False
11737469_at,0.8674975820731863,TMEM240,False
11722037_at,0.8673926162992204,CRYBA2,False
11733496_x_at,0.8673275264220984,COMMD6,False
11716998_a_at,0.8671154886761766,RHBDD3,False
11719598_s_at,0.8667745885616491,CDCA3,False
11719368_s_at,0.8666101372128485,MAPKAPK2,False
11738339_at,0.8665028089081476,DYNAP,False
11727386_a_at,0.866495024663178,NPY1R,False
11742779_a_at,0.8663987752332758,HIBCH,False
11716645_a_at,0.8662963769323125,TTC19,False
11715321_x_at,0.86582799460697,KRTAP10-8,False
11763404_at,0.8658268573440776,LOC100507336,False
11734849_a_at,0.8656788305690952,CELSR2,False
11731436_at,0.865625817303217,CETN2,False
11743705_at,0.8653347963358571,ETAA1,False
11733533_at,0.8652846659186733,CYP4F22,False
11761016_at,0.8652418533142986,ICAM2,False
11737068_at,0.8651720032883958,CCDC27,False
11719415_a_at,0.8650088863232526,YES1,False
11716951_at,0.8649619175579456,NANS,False
11742713_at,0.864927292229465,TMEM223,False
11741819_a_at,0.8640935324115314,TGM1,False
11746524_a_at,0.864093036341939,FAM81A,False
11738212_at,0.8638944981823079,NOTO,False
11757430_s_at,0.86358884496106,TMED5,False
11738865_a_at,0.8635464647471339,CYP26C1,False
11722658_at,0.86348277462296,CXCL17,False
11719848_x_at,0.8633497934427596,C7orf25,False
11743618_at,0.8632030938001021,ITGA2,False
11742153_at,0.863037544417811,OR1B1,False
11746568_x_at,0.8629572942745586,HIF3A,False
11724420_at,0.8626448354047663,ZC3H6,False
11722127_a_at,0.8625858105236807,SEZ6,False
11759563_a_at,0.8625356751395717,EPC1,False
11727175_a_at,0.862456072863061,CPB2,False
11743823_at,0.8624330804451832,TOPBP1,False
11716981_x_at,0.8623236003282994,MIEN1,False
11728827_at,0.8618206655451519,F2RL1,False
11762431_at,0.8616473200152698,RSPH10B,False
11742545_at,0.8615182465934647,OR5R1,False
11759800_at,0.8612989665944057,AKAP6,False
11734071_at,0.8606726305936149,MORN1,False
11720990_a_at,0.8606459188801572,MED8,False
11721288_a_at,0.8605982290047267,WWOX,False
11715643_a_at,0.860523114474205,ATP6AP2,False
11735453_at,0.8602546336305789,NHLRC1,False
11720245_s_at,0.8601763789449096,CDPF1,False
11764262_s_at,0.8595742166596374,FBXW8,False
11756020_a_at,0.8593323725411541,LY6G5C,False
11744568_at,0.8592823730792025,STGC3,False
11737661_x_at,0.8589449434777059,B4GALT2,False
11738021_a_at,0.8587930746640664,PLCB4,False
11716697_at,0.858751510092593,FABP4,False
11721046_a_at,0.8583266229095818,SERINC2,False
11739615_at,0.8582846233610637,CD3EAP,False
11743635_at,0.8582675930161543,ZNRF2,False
11715215_s_at,0.8581692054047207,GRK7,False
11720865_a_at,0.8581105486745905,IFT27,False
11737555_s_at,0.8578787860466812,NUDT17,False
11728644_a_at,0.8578074307752581,MLC1,False
11727748_a_at,0.8572003504972487,TMEM63C,False
11752660_a_at,0.8571001270814432,SIRPB1,False
11739943_a_at,0.8570653440271068,SEPSECS,False
11725082_a_at,0.8569356670893211,CALB2,False
11743722_x_at,0.8568185345892613,MARCKSL1,False
11741794_s_at,0.8563998833876395,HIST4H4,False
11725951_at,0.8563586427173708,RIOK3,False
11716360_a_at,0.8559794709430621,CNIH1,False
11728865_at,0.8559430488544514,ZMYND19,False
11716543_a_at,0.8559372912229182,TNNI1,False
11716203_a_at,0.8553278096955483,MGP,False
11740903_a_at,0.8549048996135343,PTCH1,False
11761438_at,0.8548913772958233,NDUFS3,False
11743803_s_at,0.8548723058673817,SEPHS2,False
11757172_at,0.8538331973781856,SNORA47,False
11738529_a_at,0.8537838271464272,PCDHA8,False
11746418_a_at,0.8537414236781135,VIT,False
11719992_a_at,0.8536796943378945,NLK,False
11737153_at,0.8535681346771339,NUPR2,False
11743717_at,0.8525376715240692,SMTNL1,False
11725083_s_at,0.8517348768143198,HDAC6,False
11753385_x_at,0.8515537204025055,C19orf54,False
11751139_x_at,0.8515131126119917,ZNF101,False
11740305_at,0.8514788832115651,KIAA0319,False
11763066_at,0.8514406379634221,GAFA3,False
11730375_a_at,0.851377787549611,ENDOU,False
11751266_a_at,0.850982533524609,SLC44A3,False
11754484_a_at,0.8508322637440732,COPS7B,False
11725374_at,0.8508250865483864,HAPLN1,False
11742929_a_at,0.8507733070819353,AP3D1,False
11749091_a_at,0.8507655286413744,KDM6A,False
11734353_x_at,0.8507529420511512,ANK1,False
11747337_x_at,0.8506982217481283,EIF3I,False
11756274_a_at,0.8506873140436088,ALDH1L1,False
11748405_a_at,0.8506811427331881,MDC1,False
11747291_a_at,0.8502591680436181,UTP6,False
11735330_a_at,0.8501878176633548,ZNF837,False
11728824_s_at,0.8501866256576092,SLC25A3,False
11749591_s_at,0.8500020568131682,GFAP,False
11718366_s_at,0.849703642469796,FDPS,False
11732676_at,0.8493772834925569,PKHD1,False
11731335_at,0.8487067201368232,KIAA1210,False
11725862_a_at,0.848657109592595,FAM13B,False
11743870_at,0.8482278018380154,TENM4,False
11762570_at,0.8480682093691843,OR4F13P,False
11742924_a_at,0.8480279782160874,PRDX1,False
11737351_a_at,0.8475935946395907,ANO7,False
11739330_s_at,0.847395654487081,WDR82,False
11756748_a_at,0.8472301178753947,LIPC,False
11755424_a_at,0.8469704137950828,HMOX2,False
11723100_at,0.8463261879465819,CA14,False
11750502_a_at,0.846160331636909,NXF3,False
11760995_a_at,0.8459539730417086,WRB,False
11717061_a_at,0.8459286192921265,PPP1R1B,False
11725897_at,0.8453756229617297,TUBB1,False
11759683_a_at,0.8452778267623737,SPATA42,False
11764111_s_at,0.8452118684459226,ELMOD2,False
11722015_at,0.8451404058315211,OLR1,False
11723558_s_at,0.8445532441482207,MORF4L2,False
11723399_at,0.8444214678419529,ALPK2,False
11735439_x_at,0.8442431682998581,NRXN2,False
11758786_at,0.843999359750297,ARIH1,False
11761646_at,0.8439724947209489,SRGAP3,False
11761145_a_at,0.8438523647446636,ZNF273,False
11725557_at,0.8437807400521132,FBXL18,False
11751700_a_at,0.8437750703838861,KCNK2,False
11715290_s_at,0.8437442705765356,CLDN3,False
11745963_a_at,0.843720609029769,PPP4R1L,False
11753899_a_at,0.8435983367014247,DLEU1,False
11747167_x_at,0.8433876585739849,ADH1B,False
11757152_s_at,0.8429892203517323,SNORA18,False
11757398_x_at,0.8428610340903284,LINC00657,False
11732940_a_at,0.8427748258598645,U2AF1L4,False
11727451_a_at,0.8426178715792728,MORN4,False
11741409_s_at,0.8424943748577116,RASAL2,False
11759883_x_at,0.8423294049037029,SRP19,False
11727408_a_at,0.8423173012127838,NCLN,False
11734466_a_at,0.8419529652296938,COL6A5,False
11764042_at,0.8418966763233604,BLOC1S3,False
11727545_at,0.8418739490822422,PANK3,False
11743992_at,0.8417899652518854,UBE2O,False
11725563_at,0.8417516322194596,C12orf60,False
11723707_a_at,0.8415279367395259,AIFM2,False
11725218_s_at,0.8413124553064676,TPSAB1,False
11736814_at,0.8412063867010077,GIPC2,False
11734008_a_at,0.8411122616708204,NDOR1,False
11731950_x_at,0.841011430745905,SAMD3,False
11722293_a_at,0.8408933300340455,NAPSA,False
11721902_a_at,0.8408544827272924,SERPINI1,False
11743694_at,0.8408475035473802,H2AFV,False
11734468_x_at,0.8407431302566862,LOC101929991,False
11726612_a_at,0.8403994452734898,SLC22A6,False
11749446_a_at,0.8403912916188663,GFRA2,False
11729980_a_at,0.8403902286484182,PLCXD3,False
11754715_a_at,0.8401777729227458,STK31,False
11742378_a_at,0.8401602188858994,AKR1B10,False
11720979_a_at,0.8399418329339431,ALKBH3,False
11759359_at,0.8397523914348205,HIST2H3A,False
11734815_a_at,0.8397490552114798,GSG1,False
11741991_at,0.8394009828359349,PRAMEF16,False
11758155_s_at,0.8392992803579352,ARHGAP10,False
11764077_s_at,0.8389881883880621,EDIL3,False
11716945_s_at,0.8388862818567523,TWF1,False
11752582_x_at,0.8388624201240104,KIR3DL1,False
200049_PM_at,0.8383723161370346,KAT7,False
11747182_at,0.8383564531992928,TMEM255B,False
11751573_a_at,0.8382396447029967,LBR,False
11761982_x_at,0.838154745105599,USP32P1,False
11741825_at,0.8380113214057545,GBX1,False
11754499_a_at,0.837790392651508,RBM7,False
11732895_a_at,0.8375789383957407,SLC7A13,False
11725063_a_at,0.8375783520192562,CNOT10,False
11763174_at,0.8374010089495849,PGM3,False
11737744_a_at,0.8372992539640283,LRRC43,False
11719519_at,0.8372345612099056,SEMA5A,False
11732690_at,0.8371452523622698,C9orf85,False
11720962_x_at,0.8370568730900451,ATF6B,False
11736285_a_at,0.8370499537378528,CHKA,False
11720996_at,0.8369292873307888,ADCY2,False
11725687_s_at,0.8367235359622216,PRIM2,False
11759620_a_at,0.8367064424455424,ATAT1,False
11759340_at,0.8366608591856133,DENND1B,False
11724384_a_at,0.8366276600269895,RAP2C,False
11749690_a_at,0.8364393507602266,LARGE,False
11729218_a_at,0.8363847127743483,GCLC,False
11732785_a_at,0.8362048617995462,C16orf45,False
11755419_a_at,0.8361464516951986,LRTM2,False
11724091_s_at,0.8360326033612049,RNF208,False
11744675_a_at,0.8359455996487324,FAM208A,False
11755095_a_at,0.8356352524782378,CFAP20,False
11722872_a_at,0.8355589866239191,RFC4,False
11741396_s_at,0.8355478668755483,GGT1,False
11755744_a_at,0.8353336824739758,IQCF3,False
11755535_x_at,0.8350987716393533,SYNPO2L,False
11718014_a_at,0.8344285313233161,CELA2B,False
11715585_a_at,0.8344071301184289,PMP22,False
11733775_a_at,0.8340665227781224,UMOD,False
11724608_a_at,0.8339335511498451,FUZ,False
11728220_at,0.833830965806994,NRIP3,False
11727692_at,0.8336870705177228,SDR42E1,False
11743029_a_at,0.8336272376647433,SPIRE2,False
11748207_a_at,0.8333882093167256,RXFP1,False
11752197_x_at,0.8332680295035115,ENG,False
11736350_at,0.8326739204223276,ZNF366,False
11748778_a_at,0.8325280659937704,C1orf27,False
11754939_x_at,0.832301128789092,FADS2,False
11731696_a_at,0.832103743143943,MDH1B,False
11748316_x_at,0.8318718516112669,JPH4,False
11745364_a_at,0.8318386457488132,STAT5A,False
11738463_at,0.8317135523957014,FLJ33360,False
11721192_at,0.8316441807163265,CHST3,False
11740916_at,0.8313686813746706,PCDHA9,False
11732790_a_at,0.8313404197360156,PRDM16,False
11715971_a_at,0.831141892791513,PFKP,False
11723837_at,0.8310027628879996,SPNS2,False
11760560_a_at,0.8309566747119671,RBM26,False
11752621_x_at,0.8308091131111558,ADAMTS7,False
11755768_a_at,0.830802884097957,SPATA31D4,False
11730184_at,0.8305954387085687,CST1,False
11739823_a_at,0.8304066312302666,CPNE8,False
11732602_at,0.8302834199945789,CEP135,False
11728855_at,0.8302778799785681,SCRT1,False
11733602_a_at,0.830259183592245,DNAJC5G,False
11734583_a_at,0.8300044207223318,ZDHHC14,False
11732793_a_at,0.829817338560003,EYA4,False
11733804_at,0.829687132836105,AMN,False
11732077_at,0.8296002394802969,IGSF22,False
11724619_at,0.8294901684957636,RSPO3,False
11723749_a_at,0.8291959917618925,FPGT-TNNI3K,False
11731149_a_at,0.828606798077245,APOOL,False
11743192_a_at,0.8284966624106023,PARD6G,False
11734794_a_at,0.8282883671039414,MED31,False
11737205_a_at,0.8276882834969552,GIPR,False
11727965_at,0.8274041518556126,ELANE,False
11741225_a_at,0.8273242437337962,CASC5,False
11756673_s_at,0.8271920038131444,MRPL30,False
11756848_a_at,0.8269286078341765,MCHR1,False
11744580_x_at,0.8267732264625142,ZNF271P,False
11730306_at,0.8267395270264026,TERF2,False
11750431_a_at,0.8267157542883393,BMPR1B,False
11734243_at,0.8265893141000559,SPTBN5,False
11760236_at,0.8262125104351815,CBR1,False
11763620_a_at,0.8260696373973656,MLLT1,False
11722076_a_at,0.8259187935232808,DONSON,False
11721925_at,0.8257930644566385,BCL9,False
11732809_a_at,0.8253055409019209,PROK2,False
11739295_a_at,0.8251387692057851,ICOSLG,False
11718538_x_at,0.8249311823329138,FAHD2A,False
11741665_at,0.8248989284579017,PCDHGA11,False
11722669_s_at,0.8248715414645843,BAIAP2L1,False
11737501_at,0.8247988766269219,TRPC5,False
11754570_a_at,0.8246770091675806,GNB3,False
11741521_a_at,0.8244684129831569,HAO2,False
11754208_x_at,0.824299353477868,NTAN1,False
11716089_x_at,0.8241926651201257,SNW1,False
11763804_a_at,0.8240913462164038,THUMPD2,False
11757532_s_at,0.8240854713629516,RBM47,False
11758716_at,0.8240066652584674,NDUFA4,False
11726245_s_at,0.8239624505933927,HIST1H4C,False
11752684_a_at,0.8237470247489926,C12orf40,False
11731669_at,0.8234427745291899,GPR65,False
11731376_at,0.82308257474753,KRT27,False
11731980_at,0.8228519805847162,FNDC7,False
11732610_at,0.8223972209925754,ZNF385D,False
11716671_x_at,0.8222572234866189,PIGY,False
11738589_at,0.8222537306236732,OR5F1,False
11735033_a_at,0.8221869439091165,SNF8,False
11738071_at,0.8217455703862192,ZNF519,False
11751360_x_at,0.8216248519431811,REXO2,False
11739556_a_at,0.8214520509574934,C5orf22,False
11726905_a_at,0.8214517582295651,ARHGAP20,False
11727953_a_at,0.8214404324617307,PACS2,False
11725244_a_at,0.8213144045335149,SPAST,False
11727623_at,0.8213053198123484,EID3,False
11729351_a_at,0.8210733018101858,MMP8,False
11758082_s_at,0.8210493332144344,FAM46D,False
11748928_x_at,0.8204451159651015,PAFAH2,False
11751933_x_at,0.8198920836982998,ZNF793,False
11718476_x_at,0.8193197475177165,STAR,False
11750336_a_at,0.8188282156123206,LRRC74A,False
11748330_s_at,0.8187628305381136,PMM2,False
11745358_a_at,0.818729268453955,SAMD15,False
11742607_at,0.8185598071516194,OR4S2,False
11720660_s_at,0.8184771740397621,CDK9,False
11738789_at,0.8184261386558124,HIST1H4G,False
11715256_at,0.818400655593094,XAGE3,False
11717944_at,0.818348675670837,FNBP4,False
11723448_x_at,0.8182714336564165,MALL,False
11739068_a_at,0.8182053184365737,KIFAP3,False
11745692_x_at,0.8181895484374417,KRTAP4-11,False
11727110_a_at,0.8174940262081604,WSCD2,False
11724189_a_at,0.8173922033246357,PARP10,False
11735313_at,0.8171568632671214,CCDC38,False
11735516_a_at,0.8171405712585063,CPA6,False
11761523_at,0.8171243337214754,ATP2C2,False
11734055_a_at,0.8167722344447369,CFAP61,False
11727734_at,0.8166054088804274,CFAP126,False
11735566_at,0.8164925732844027,C5orf64,False
11754635_x_at,0.8164190081014497,SPATA31D5P,False
11740782_a_at,0.8164090553580745,RNF128,False
11722651_at,0.8163407693184548,RUNDC1,False
11732635_at,0.8162734578899109,HHIPL2,False
11746321_s_at,0.8160638497752636,SERPINH1,False
11742415_a_at,0.8159150630615325,BAHCC1,False
11744808_a_at,0.8157019253946761,TRPM8,False
11755898_x_at,0.8156481478154116,TMEM184A,False
11742553_at,0.815464753048128,OR52N1,False
11735781_at,0.8152419254826702,GPR45,False
11761178_at,0.8152105803832066,SLC51A,False
11754162_a_at,0.8151011921628096,IL7,False
11717477_x_at,0.8147298486412106,CHGB,False
11732812_at,0.8144990356510645,C11orf45,False
11747529_x_at,0.8142885201847626,CALCOCO1,False
11763771_at,0.8142288799226126,BRMS1,False
11743152_a_at,0.8142210530863531,TUSC3,False
11764285_at,0.8139699511828368,LOC102723906,False
11721136_a_at,0.8139115847823111,CMC2,False
11749892_a_at,0.8138833489960077,RGS11,False
11722443_s_at,0.8137795342050739,CCDC43,False
11721705_at,0.813509266922725,COL7A1,False
11724920_a_at,0.8132349252377705,EFCAB7,False
11748557_a_at,0.8129334683848433,APIP,False
11739500_a_at,0.8128656300782947,APOPT1,False
11734083_at,0.8127806005087647,PDHA2,False
11759434_at,0.8127078470269764,IL12RB1,False
11756950_a_at,0.8126749884303645,CELF6,False
11744433_x_at,0.8126129372420674,AMY2B,False
11743431_at,0.8124654290159575,LYRM9,False
11724058_x_at,0.8121286233701243,CPTP,False
11732897_a_at,0.8120788057496899,SLAMF9,False
11728529_at,0.8115182776721247,NGB,False
11734228_x_at,0.8112926129726947,PRDM9,False
11722208_a_at,0.8112095162987779,PTGS1,False
11735897_a_at,0.8111281623808443,IL1F10,False
11750043_a_at,0.811081828174597,MTG1,False
11751987_a_at,0.8110071964916543,STXBP5L,False
11738379_at,0.8109881096706163,FGF23,False
11718620_a_at,0.8107895233429028,CHRDL1,False
11738955_a_at,0.8104545228864001,XAGE5,False
11727252_a_at,0.8104455256024525,KLKB1,False
11759342_at,0.8103364802369747,FMN1,False
11718294_s_at,0.8102358651182684,NME1-NME2,False
11733221_a_at,0.8100944071187833,DLL3,False
11760721_s_at,0.8098117073281001,TRIM61,False
11738373_s_at,0.809680918434264,CA5A,False
11750206_a_at,0.8087520162330417,TMEM214,False
11744246_at,0.8084801173237403,KCNE2,False
11742520_at,0.8081215540574658,OR4A15,False
11738546_at,0.8078349927442057,KRT26,False
11738853_a_at,0.8078058908452189,CEACAM20,False
11736853_at,0.8078034711969695,LRRC19,False
11726784_a_at,0.8075795642917928,LRFN5,False
11738981_x_at,0.807523071510802,CD4,False
11736812_at,0.8074477250924293,PDCD1LG2,False
11742646_a_at,0.8074377586945851,LINC00207,False
11741654_a_at,0.8072870938570862,LRIT3,False
11730862_at,0.8072417040307982,CTTNBP2NL,False
11753388_a_at,0.807167670634284,TBATA,False
11754314_a_at,0.8071271468658632,TTC7B,False
11742842_a_at,0.8069995831687518,FAM217B,False
11745811_a_at,0.8068157104211188,IDH3B,False
11739812_a_at,0.8067241722596752,HDGFRP3,False
11738412_a_at,0.8065621777810265,CCDC171,False
11734475_a_at,0.8064328528295135,ZIM2,False
11723780_x_at,0.8061197471767567,DYRK1B,False
11725540_a_at,0.8060226475376712,GATA4,False
11744296_a_at,0.8057095112618669,DEDD2,False
11727210_at,0.8056375806293602,PCP2,False
11759116_a_at,0.8052755566200324,VTI1B,False
11722538_a_at,0.8051300489814828,TMCO6,False
11721210_a_at,0.8049944734981123,SCRIB,False
11730351_at,0.8049346393017706,ANKRD52,False
11737066_x_at,0.8048007364592016,GCSAML,False
11737982_a_at,0.8040251100685946,SMYD3,False
11744676_a_at,0.8039187342924795,COL11A2,False
11742102_x_at,0.8032584845953162,DPF1,False
11724671_a_at,0.8031015932107972,AMDHD1,False
11718169_a_at,0.803092407490096,AZGP1,False
11715493_a_at,0.8029909350106338,CYR61,False
11754718_a_at,0.8029555881277253,CCDC47,False
11736446_x_at,0.8027892718697109,PDCD7,False
11750754_a_at,0.802368573254597,KLHL32,False
11742565_at,0.8023121169490813,OR51L1,False
11726860_a_at,0.801935562768957,DCAKD,False
11729425_a_at,0.8017348055215018,SPP2,False
11754494_a_at,0.80158246325086,DNHD1,False
11721419_at,0.8015426048548001,POLI,False
11718825_a_at,0.8015306225719446,MVB12B,False
11724401_at,0.8013886163473811,HS3ST2,False
11742638_a_at,0.8010960322294334,SEBOX,False
11737152_at,0.8008875413225133,C4orf51,False
11758970_a_at,0.8005910051030409,PVRL3,False
11729267_a_at,0.8005236064522343,WWC1,False
11737524_a_at,0.8003637845412733,CCDC183,False
11731067_s_at,0.8001451579365105,CCDC155,False
11736756_at,0.7997313142552788,GAL3ST3,False
11738762_at,0.7997161816559556,OR6Q1,False
11737193_at,0.7995748607779055,UTS2B,False
11716265_a_at,0.7995131280669285,UBE2A,False
11739722_a_at,0.7994674388355696,ATP2B2,False
11725217_a_at,0.799268707554485,WDSUB1,False
11724717_a_at,0.7992391741191844,DMAP1,False
11763916_at,0.7991837422834612,LOC105379283,False
11731232_a_at,0.7991408738899815,TUSC5,False
11718031_a_at,0.7990894725306193,ATP6V0A1,False
11718943_a_at,0.7989983842846747,AURKA,False
11744379_a_at,0.7988537341779607,COL3A1,False
11722716_s_at,0.7987879433860466,STK35,False
11752991_at,0.7984822664069666,HSP90B3P,False
11740457_at,0.7983915196745855,ZNF554,False
11722750_s_at,0.7983338639029816,AKAP8,False
11757053_a_at,0.7981825914582948,TMEM43,False
11741063_a_at,0.7979129270306387,LOC101928143,False
11755904_a_at,0.7978797770939248,RILPL1,False
11724350_s_at,0.7977984609763602,PPP1R14C,False
11731615_s_at,0.7977120241546778,CNR1,False
11747316_a_at,0.7975894770963178,TRIM46,False
11728476_a_at,0.7975373385809714,CXCL3,False
11750650_a_at,0.7975060465508381,PAMR1,False
11716662_at,0.7974955376688015,SUSD6,False
11738329_at,0.7973421282035603,LKAAEAR1,False
11723191_at,0.7972770546995321,ZIC2,False
11733430_a_at,0.797216069462218,C10orf90,False
11741999_at,0.7970945960906238,OR10J1,False
11756528_x_at,0.7969715985668608,GNAO1,False
11757456_x_at,0.7968638830309464,NACA,False
11736877_a_at,0.7968387583254674,DTWD2,False
11737581_a_at,0.7966498779920452,CAPN9,False
11735979_at,0.7962969527122278,OR52N4,False
11736905_a_at,0.7962483940127938,ROR2,False
11762619_a_at,0.796227121427579,BMP5,False
11759811_at,0.795960515694775,LINC01121,False
11762713_at,0.7959379846272973,BMP8B,False
11721570_a_at,0.7958306704030601,FAM173B,False
11729558_a_at,0.7957326042794879,PRSS53,False
11727659_a_at,0.7957260666194604,KLK10,False
11724437_a_at,0.7957228738930496,CCDC24,False
11738480_a_at,0.7955990312407427,CRLF2,False
11730672_a_at,0.7953001838277631,WNK3,False
11748029_a_at,0.7951095616445036,TFE3,False
11728427_at,0.7950149815588858,IKBIP,False
11739255_x_at,0.7947400316492949,FAM84B,False
11740760_at,0.7947294496591335,TRPA1,False
11731136_a_at,0.7947229792147741,NCKAP5,False
11715157_s_at,0.7946434586624456,KRTAP19-2,False
11740219_at,0.7943753631841287,ZFP37,False
11755246_x_at,0.7943529752426467,GREB1,False
11734756_at,0.7943356556070846,METTL6,False
11730502_at,0.7942150564255164,ACTRT3,False
11741484_a_at,0.7940355091030423,SCRN1,False
11761871_at,0.7935599188735183,LOC100131826,False
11741919_x_at,0.7933369843179687,IFNA17,False
11732234_a_at,0.793231630375567,RND1,False
11755920_a_at,0.7931724096435678,SLC22A14,False
11715867_x_at,0.7931083139686599,MRPL41,False
11724732_s_at,0.7929206190979023,TUBB,False
11755952_x_at,0.7924291242225188,ARRB2,False
11736521_at,0.7923845085175667,ZNF701,False
11715962_at,0.7923520872374993,ACTR10,False
11743372_s_at,0.792265896373917,PTGES3,False
11725807_a_at,0.7920181681959972,SNCAIP,False
11733286_s_at,0.7914995582061414,CYP20A1,False
11730727_at,0.7912414380521469,OMG,False
11737586_a_at,0.7911148025432361,ACOT11,False
11730074_a_at,0.7910112717690155,INTU,False
11739335_at,0.7909949788495692,SCYL2,False
11725555_at,0.7909754495017877,TMEM133,False
11739093_a_at,0.7908796160876099,AZIN1,False
11735351_at,0.790707030360433,EPO,False
11729430_at,0.7903915084769408,CCDC121,False
11716835_a_at,0.7902570886870772,DHRS3,False
11737491_a_at,0.7901897505281491,WFDC10B,False
11717661_a_at,0.7901646079980454,PPP1R16B,False
11762946_at,0.7901197894974551,EPWW6493,False
11728877_s_at,0.7901146722132679,ARID1B,False
11722072_at,0.7900025548470929,MESDC1,False
11753967_a_at,0.7898741040611202,SLC6A2,False
11733507_at,0.7898304329077119,MAGEB4,False
11760341_at,0.7895312298640642,ANKUB1,False
11754591_a_at,0.7892620620641078,FAM57A,False
11761972_a_at,0.7891630861330137,USP19,False
11716471_at,0.7888663008564434,GNL2,False
11758064_s_at,0.7887576776018602,FZD8,False
11735635_a_at,0.788500126759612,LMNTD1,False
11742633_at,0.7884292807655133,OR4K13,False
11757997_s_at,0.7881480648417298,OAT,False
11748735_s_at,0.7881004977801315,BZW1,False
11741041_x_at,0.7873535871193321,DPP7,False
11716187_a_at,0.7871958220726621,ABCB6,False
11726951_s_at,0.7867974831311871,FAM131B,False
11757976_s_at,0.7867668264368826,HTATSF1,False
11715670_a_at,0.7865172014311513,IFITM1,False
11743531_at,0.7860518349275524,USP27X,False
11755967_a_at,0.7860429413214451,KRT25,False
11744346_a_at,0.7859037046761214,MYO10,False
11726320_at,0.785744486835207,ERO1A,False
11752666_a_at,0.7857158044129728,B3GNT5,False
11719016_at,0.7852599261769828,PQLC3,False
11758984_at,0.7851676304815456,ZRANB1,False
11722556_at,0.785122563606093,TMEM35,False
11722885_at,0.7849244433940874,WDR24,False
11734125_a_at,0.7849174875648517,NOD1,False
11718101_at,0.7846832998010218,CD59,False
11727302_a_at,0.784349040231921,TMEM71,False
11742506_at,0.7843106851892617,OR52R1,False
11726183_at,0.784240938408496,ARSI,False
11730893_a_at,0.7842365274310928,UBA6,False
11744762_a_at,0.78423064028231,FAM53A,False
11748824_a_at,0.784228990391095,TTLL12,False
11755407_s_at,0.7841942327993776,OR7A5,False
11715208_s_at,0.7841632400488201,CLCN6,False
11732384_a_at,0.7838986049440225,FBXO46,False
11733044_at,0.7838686960837968,SLC7A2,False
11736707_at,0.7838415030277676,ZNF547,False
11742621_at,0.7834838443813377,OR5B21,False
11726266_a_at,0.7834555812521332,IDH3G,False
11715515_a_at,0.7833974620618195,PSMD3,False
11754703_a_at,0.7833234117966892,SLC22A16,False
11739140_a_at,0.7833036997813605,FPR2,False
11728056_a_at,0.7832847636798677,CASP10,False
11717198_a_at,0.7832294452470702,MRPL14,False
11721567_a_at,0.782243913406291,POLD1,False
11723302_a_at,0.7821679397815693,CHGA,False
11724950_a_at,0.7821251560120478,CPEB2,False
11716827_at,0.7820366595236375,RPS19BP1,False
11734286_a_at,0.7818547132731599,COX7B2,False
11715764_a_at,0.7816570264865288,PODXL,False
11731563_a_at,0.7816034837761835,EXOSC7,False
11737989_x_at,0.781287452663057,ECT2L,False
11740701_a_at,0.7808899722073023,SYNE4,False
11732928_a_at,0.7808043759814267,LHX3,False
11758621_s_at,0.78052152472344,FAM134A,False
11763226_x_at,0.7804387364939118,CXCL8,False
11718131_a_at,0.7802122588764908,OLFM4,False
11719948_at,0.780123452749805,GCC1,False
11745034_at,0.7799853284259032,LINC00313,False
11743088_s_at,0.7798491914679886,PDE8B,False
11716613_s_at,0.7797279147862836,RPLP2,False
11754532_a_at,0.7796447508813634,C1orf127,False
11757423_x_at,0.7795277646919284,SEC11A,False
11757892_s_at,0.7794610477453399,EXOC1,False
11723795_a_at,0.7792955590971377,SLC29A2,False
11732856_at,0.7790959832047173,CDHR4,False
11745456_a_at,0.7790164989504594,RPTOR,False
11727995_a_at,0.778918744841255,SPINK5,False
11730938_x_at,0.7786932168118054,PYCR1,False
11743757_a_at,0.778660282081523,MKRN2,False
11731297_x_at,0.7786099829458569,MAGEA2,False
11730441_a_at,0.7785886720019408,FAM155A,False
11718860_a_at,0.7783537172980164,SUPV3L1,False
11734418_s_at,0.778306653557178,MAMDC2,False
11753254_a_at,0.7782614755568414,SGOL2,False
11761667_at,0.7779146812993003,C9orf62,False
11731634_at,0.777643521959632,HPGDS,False
11732985_at,0.7776327786086581,FERD3L,False
11729628_a_at,0.7773888779129059,AP3M1,False
11734965_x_at,0.7771336220213044,TRIM65,False
11738667_at,0.7771198590896456,MLNR,False
11718396_x_at,0.7770032370354792,JUN,False
11735942_at,0.7769799145440943,HIST1H4D,False
11735433_at,0.776587746752299,FER1L6,False
11761692_at,0.7764715430008327,CSMD2,False
11727389_a_at,0.7764335268279494,TRPV2,False
11718659_x_at,0.7763931023648956,MOV10,False
11754307_x_at,0.7760456123487849,CAPN1,False
11732631_a_at,0.77602722061284,KCNN3,False
11760257_a_at,0.7759914267766711,ANKZF1,False
11760483_at,0.7759346798202644,LY6D,False
11737557_at,0.775877531304975,AMTN,False
11720702_a_at,0.7757688783428045,PARP16,False
11722583_a_at,0.7757173012143683,IGFBP2,False
11724323_a_at,0.7753653761548731,SLC12A6,False
11722345_s_at,0.7753001109776689,CELSR3,False
11722295_at,0.7752280408686911,PCF11,False
11729066_a_at,0.7751523710508824,ZNF211,False
11737426_a_at,0.7750669552828975,RASGRP4,False
11756202_a_at,0.7747665930909365,FOXJ3,False
11736185_at,0.7747655225276638,DDX51,False
11755739_a_at,0.7745924155205359,SLC35A1,False
11751557_s_at,0.7745847490366038,MED27,False
11726202_s_at,0.7742869487840932,BHLHB9,False
11741749_x_at,0.7741955436089336,LRRC2,False
11730048_at,0.7740520317790545,SLITRK5,False
11744896_a_at,0.7739091400386469,GPSM3,False
11717030_x_at,0.773395119535878,PACS1,False
11730279_at,0.7733598157087619,SPATA16,False
11743843_a_at,0.7732555088841973,DNAJC28,False
11761062_at,0.7732521189730514,DISP1,False
11731320_a_at,0.7731067177847629,C3orf22,False
11758454_s_at,0.7729108767934728,DENND6A,False
11718243_a_at,0.7726294419201898,ITGA7,False
11753607_x_at,0.772456768335794,REG3G,False
11750318_at,0.7723280232293679,ERC2-IT1,False
11736729_a_at,0.7722926780287411,RIMS2,False
11758738_a_at,0.7722134102062943,SREBF1,False
11732938_at,0.7721209463025765,STRA6,False
11748340_x_at,0.7720130829967159,LAIR1,False
11734594_a_at,0.7718501394976751,LIN7B,False
11726920_at,0.7715296343953383,HAPLN4,False
11754855_a_at,0.7714829814663321,MOBP,False
11718187_a_at,0.7712662496210458,BNIP1,False
11754076_x_at,0.771161359904137,ANP32A,False
11745390_a_at,0.7711152495317362,PC,False
11745412_s_at,0.7710809257770197,LOC441178,False
11729953_a_at,0.7709101854142628,STARD5,False
11728308_at,0.7708048398220719,KRT20,False
11734661_a_at,0.7707873022611351,CLSTN3,False
11756822_s_at,0.7706772078158215,LYVE1,False
11725880_at,0.7701636948545172,ZFP41,False
11722587_at,0.7701493408993331,EXOSC3,False
11736063_s_at,0.7700857681652126,SEPT7,False
11735750_x_at,0.7700798945425563,GEMIN8,False
11717709_a_at,0.7699464123016859,LPCAT4,False
11760225_at,0.7696554280934202,KIZ,False
11731106_at,0.7696417914739911,NR5A1,False
11759105_x_at,0.7693694598279238,SNRNP35,False
11740436_at,0.7690992808315384,GRPR,False
11758655_s_at,0.7685802619320553,RRAGA,False
11721974_a_at,0.7685755679129935,SUOX,False
11717148_s_at,0.7683246820136477,C11orf31,False
11744162_a_at,0.7681137225651419,DUSP4,False
11731941_at,0.7680201508195087,PRSS33,False
11748425_at,0.767735732430269,ZNF736,False
11743776_a_at,0.7672412689470594,GLT8D2,False
11728626_a_at,0.7672074480985239,HOXA4,False
11738460_at,0.7669936420093494,NUTM2F,False
11736788_a_at,0.7668238157071953,SIGLEC11,False
11746218_a_at,0.7665819523193801,TEAD2,False
11742681_s_at,0.7660740922145294,ERP29,False
11738694_at,0.7658388345783909,OR51G1,False
11755690_a_at,0.7657713631894272,C11orf85,False
11725966_a_at,0.765758303963896,ITGB7,False
11730658_s_at,0.7657161715312809,MAPK15,False
11730574_s_at,0.7656890097455075,ZNF470,False
11721531_a_at,0.7655793109747553,AQP5,False
11738635_a_at,0.7654018272474111,SLCO6A1,False
11739859_a_at,0.7652141044777608,PACSIN1,False
11763525_at,0.7648112378915918,COL12A1,False
11763918_at,0.7646835618928265,SNORA46,False
11725982_at,0.7645976653080782,ZCCHC12,False
11717266_s_at,0.764541865562958,CAMK2G,False
11732672_x_at,0.7643045542605136,CCDC107,False
11756964_x_at,0.7643018015585475,DPH1,False
11719874_a_at,0.7639861702013085,PPP2R5B,False
11747563_a_at,0.7638721819730785,PLOD3,False
11762465_x_at,0.7636231390895141,LOC101060604,False
11734712_a_at,0.7635311892666506,PDE4B,False
11739586_a_at,0.7634283598690039,CLCN3,False
11719200_a_at,0.7630113363085451,PDE6D,False
11760045_at,0.7629557401620207,LOC100131943,False
11744952_at,0.7628271657145932,LOC79160,False
11746863_x_at,0.76277646924919,ARSJ,False
11715541_a_at,0.7625340710038042,THY1,False
11725792_a_at,0.7621060145894487,MRE11A,False
11751876_a_at,0.7618611524190663,ADGRG4,False
11723374_at,0.7615585073965767,GLI3,False
11755633_a_at,0.7615484985410367,UBXN8,False
11763109_x_at,0.7614189606939905,SYT8,False
11737435_at,0.7613224598899624,HMX2,False
11735373_a_at,0.7612799569144194,NETO1,False
11754134_a_at,0.7609838570042606,PDLIM3,False
11746629_s_at,0.7607945248750845,KIF18B,False
11746667_a_at,0.7604152530156462,BHMT2,False
11733906_a_at,0.7602949636299116,THAP1,False
11741806_a_at,0.7601629124152816,WNT2B,False
11745680_a_at,0.7597817448846808,DMRTA2,False
11755937_a_at,0.7590997661758325,AKAP4,False
11732532_at,0.7587303380637777,JSRP1,False
11743232_a_at,0.7587242902296027,MLLT4,False
11755196_a_at,0.7586836255519986,CORO6,False
11759739_x_at,0.7586489422839224,SNHG11,False
11751996_a_at,0.7586189102476824,HIRA,False
11750625_at,0.7584405172293435,GUCY1B2,False
11750221_a_at,0.7583852640960376,MYO1H,False
11722513_a_at,0.7582428521994208,EMID1,False
11733405_at,0.7581171629787749,CLDN19,False
11757880_s_at,0.7580903101761716,DAG1,False
11743065_at,0.7576684613443923,CDC6,False
11732638_at,0.7576187640973082,NOVA2,False
11743626_s_at,0.7572660029515443,LGR4,False
11733213_x_at,0.756699879085069,SLFN5,False
11762506_at,0.7565127979962515,PP2672,False
11746389_a_at,0.7561698549344733,CDH3,False
11756298_a_at,0.755989631241513,SNRPA,False
11717863_a_at,0.7559723941527062,DUSP5,False
11718083_a_at,0.7558365678230056,ATP2B4,False
11726429_a_at,0.7554835855768566,YPEL1,False
11729698_a_at,0.7554138111329046,PPP2R4,False
11724541_s_at,0.7553768040591408,VWF,False
11733197_a_at,0.7553410307370543,KIAA1586,False
11742708_a_at,0.7550392408459526,P4HTM,False
11748675_a_at,0.7550197538226068,MCM5,False
11758077_s_at,0.7549662472320927,BHMT,False
11743786_a_at,0.754566030014703,THAP9,False
11737044_at,0.7545007184036916,FAM184B,False
11727874_a_at,0.75448592635903,ZFYVE21,False
11740938_a_at,0.7544424940689437,TGIF1,False
11715124_s_at,0.7544131884695672,CACNG8,False
11748451_a_at,0.7541258540913918,PVRL4,False
11727917_at,0.7534464801180315,ACTL7B,False
11749053_a_at,0.7533640832865038,ZNF552,False
11737742_s_at,0.7532580830851902,TTBK2,False
11719284_a_at,0.7529943033731863,UBR7,False
11763417_a_at,0.7524113580882514,HCG8,False
11739935_a_at,0.752378248077323,TSC1,False
11758803_at,0.7523752201704897,SSBP2,False
11758177_x_at,0.7519087568865168,LRWD1,False
11742015_at,0.7516090197078799,PLET1,False
11726943_at,0.751456649032753,ZKSCAN2,False
11725482_a_at,0.7514499929368902,MATN3,False
11729009_at,0.7512947198342546,MYLK4,False
11747063_a_at,0.7511082757345424,LMBRD2,False
11723357_x_at,0.7510845038927905,SCAF11,False
11751569_x_at,0.7510531637229976,SKA1,False
11753849_a_at,0.7506080493265271,COX7A2,False
11720882_at,0.7501709287504564,BOLA1,False
11716872_a_at,0.7500139779746519,ADCY3,False
11763819_a_at,0.749817242324136,FAM149A,False
11722683_a_at,0.7498019868686915,MECP2,False
11734504_a_at,0.7496087729940575,ZNF177,False
11731040_at,0.7495621494651095,MAGEA8,False
11760036_at,0.7495022638109196,PPIL6,False
11742907_at,0.7494041849606665,TTLL5,False
11719654_a_at,0.7493079412444302,SV2A,False
11742584_at,0.7490325482509349,OR56A5,False
11729976_a_at,0.7487650370053022,PTPRN2,False
11724527_x_at,0.7487073607070543,FAHD1,False
11717288_x_at,0.7486815100457724,PI4KA,False
11751274_a_at,0.748626255577093,OLFML1,False
11721426_at,0.7484252627344274,FZD5,False
11726030_x_at,0.7481779802623333,UPK1B,False
11756672_a_at,0.7481481088229794,APOA5,False
11753669_x_at,0.7481418259054281,CHEK2,False
11730738_a_at,0.7480768924361003,SCCPDH,False
11726397_at,0.7480440616737143,ANOS1,False
11717634_a_at,0.7478386470637475,COX6C,False
11729996_a_at,0.7477481334361498,SLFN12,False
11738777_at,0.7476055714158485,NANOGNB,False
11762046_at,0.7473496076833699,ESR2,False
11731465_a_at,0.7472417893348415,CTSC,False
11750542_a_at,0.7472158769038294,NOC3L,False
11738989_a_at,0.7471569043443814,GANAB,False
11757107_s_at,0.7469002499066962,GTF3C6,False
11724170_a_at,0.746782292765489,FCHO2,False
11715363_a_at,0.7467506148201876,A2M,False
11742509_at,0.746711315707022,OR4C15,False
11762363_at,0.746608585771649,NEUROD2,False
11740776_a_at,0.7463897107512873,CCDC36,False
11740334_at,0.7463790996814347,TUBAL3,False
11729746_at,0.746280852753883,DNAJC17,False
11752186_a_at,0.7461704481841106,SLC27A1,False
11730284_x_at,0.7461222579694875,SMU1,False
11746417_x_at,0.7461088140500945,FASTK,False
11721296_a_at,0.7459021639358672,NDUFB1,False
11730135_at,0.7456938805227101,ZFR2,False
11760542_a_at,0.7454989091935407,GAS8,False
11757642_a_at,0.7451829508459885,FHOD1,False
11715988_x_at,0.745151870623042,ATP5G1,False
11727938_s_at,0.745046002518138,SEMA3B,False
11764160_at,0.7450446937153646,LINC01605,False
11742556_x_at,0.7448912738770727,OR13C9,False
11724796_at,0.7448227799737942,DDIT4L,False
11724467_at,0.7447211266269953,KRT12,False
11757002_a_at,0.7445846668208093,CHRDL2,False
11748490_a_at,0.7442745485577065,ZNF462,False
11730713_a_at,0.7441195758023966,KRT73,False
11733368_at,0.7439234745883914,HIST1H4I,False
11734309_at,0.7434828635709495,NPVF,False
11759974_at,0.7434096614063931,TMEM75,False
11720780_a_at,0.743404812181984,KIAA1324,False
11735271_a_at,0.7434011154909623,GCNT1,False
11719259_s_at,0.7433250276170591,SPSB1,False
11741615_at,0.743251559353698,KPNA7,False
11739610_a_at,0.7431958619721167,CALML4,False
11725817_a_at,0.7431741583917455,CABP1,False
11717306_x_at,0.7429189453311056,ADIRF,False
11727892_at,0.7428932895845144,PRELP,False
11740884_a_at,0.7427278681679882,C1orf146,False
11755627_s_at,0.7426043399254258,ANKRD34C,False
11721372_at,0.7424404676967451,TCF7L1,False
11722135_a_at,0.7422899770156183,MCAT,False
11757244_at,0.7421742092383203,TFAMP1,False
11742186_a_at,0.7420996545085442,TMOD2,False
11724994_at,0.7418487917904395,FAM101B,False
11723407_a_at,0.7417625632058,HOXD1,False
11734056_at,0.7414722999514769,PTGR2,False
11758412_s_at,0.7413734573873146,ALAS2,False
11728619_a_at,0.7407262329903238,SLC1A7,False
11722007_a_at,0.7404607173037422,PRKAR1A,False
11738111_a_at,0.7403443271046861,LOXHD1,False
11745393_x_at,0.740269503954779,APOC2,False
11761061_at,0.7398871611272597,UQCRC1,False
11743935_a_at,0.7396122463125616,FGD1,False
11743696_at,0.7395819400871794,CLEC14A,False
11752971_a_at,0.7395768110065974,TMEM159,False
11762057_at,0.7391553979265167,MTHFD2L,False
11750029_a_at,0.7390572119391783,EIF4H,False
11717025_s_at,0.7387088041253593,CXCL5,False
11725357_a_at,0.7383851892352727,PRTFDC1,False
11716932_a_at,0.7383806361374318,CCDC80,False
11739824_at,0.7378800151577682,PCDHB16,False
11737869_at,0.7378162223496567,C5AR2,False
11744975_a_at,0.7376658196555267,DOC2A,False
11721387_at,0.7376612499259073,LACTB,False
11750153_a_at,0.7376211791644285,GIMAP6,False
11721590_a_at,0.7374628482274752,SLC17A9,False
11722501_a_at,0.7374618792297573,PAK6,False
11716465_a_at,0.7369830526330425,NIF3L1,False
11721686_at,0.7366239006824498,SPINK6,False
11726144_s_at,0.7365065216289073,NUDT18,False
11725162_a_at,0.7364365731592061,CYP39A1,False
11731774_a_at,0.7358908982942429,GABPB2,False
11723960_at,0.7357014697136212,SCFD2,False
11748276_a_at,0.7356838389109456,CANT1,False
11719081_a_at,0.735487682599215,CDC5L,False
11760000_at,0.7352688916776621,INVS,False
11727908_a_at,0.7351805831051935,ELMO3,False
11758034_s_at,0.7349477537029838,NUDT16L1,False
11732664_at,0.7349125105002056,KRTAP26-1,False
11733394_at,0.734829872046921,TRPM6,False
11738840_a_at,0.7348122508869449,NUDT10,False
11747694_a_at,0.7346478576499346,ANO9,False
11742542_s_at,0.734448347668669,OR1S1,False
11734397_x_at,0.7342959174109011,ZMYM5,False
11728567_at,0.7342873061174905,KCNC1,False
11733186_at,0.7340926693271962,OSMR,False
11750913_a_at,0.7338978742131469,ME1,False
11759372_x_at,0.7337158151540822,PCDHGA12,False
11736826_at,0.7335548389174349,DHH,False
11758387_s_at,0.7335244514728367,ZNF613,False
11715298_x_at,0.7331922901765372,SH2D2A,False
11757827_a_at,0.7331246045487212,TTC9B,False
11751952_a_at,0.7330614109988134,MYO19,False
11752999_a_at,0.7327233336062592,GALNT2,False
11728227_a_at,0.7327155597845287,WDR45,False
11730941_a_at,0.7323851588883741,FAM71A,False
11758227_s_at,0.7323179330900198,ROBO1,False
11742382_s_at,0.7321337834614084,OR5H1,False
11720352_at,0.7317328451939724,ETV5,False
11756543_a_at,0.7309372990260992,NXF1,False
11735301_a_at,0.7300260058561144,ADGRA1,False
11731990_a_at,0.7299782675473979,CYP3A43,False
11736390_a_at,0.7297803550457834,ZNF662,False
11744560_s_at,0.7289881586721615,IFT20,False
11724566_a_at,0.7286849661621118,TLN2,False
11722741_a_at,0.7284273089235637,DDC,False
11732367_a_at,0.7283847696916519,FGF14,False
11731399_s_at,0.7278298125039606,FGA,False
11742241_a_at,0.7277656437384151,IKZF3,False
11728100_at,0.7277162982551891,NXPH3,False
11727699_at,0.7276011101541916,TICRR,False
11738547_at,0.7274682506302156,RNASE13,False
11719468_a_at,0.7274202447745808,PRPF31,False
11755094_a_at,0.7271731017583601,MEX3D,False
11723697_s_at,0.7268381178106633,FLI1,False
11728545_a_at,0.7266627380112447,SMYD1,False
11748114_a_at,0.7265371495467845,SYT12,False
11729037_s_at,0.7263250219633323,PRKX,False
11725713_a_at,0.7263170468283465,DIRAS3,False
11756907_a_at,0.7262645091884201,GMNC,False
11756240_a_at,0.7260847925633762,SHISA4,False
11749615_x_at,0.7259003989669774,UBE2I,False
11737242_at,0.7258074638814852,TMEM233,False
11754947_a_at,0.7257963093662235,NAV1,False
11737102_at,0.725535142815599,RFX6,False
11739580_at,0.7252710568465767,TCTN2,False
11734029_at,0.72526872317352,FAM73A,False
11753297_a_at,0.7251670697417464,BIRC7,False
11743637_a_at,0.7251448084172182,DIS3L2,False
11717759_a_at,0.7249495809384521,NDUFV1,False
11737935_at,0.7249009075933067,PCDHGA5,False
11762355_at,0.724806289479234,LOC554207,False
11728300_at,0.7245307624020486,CCNE2,False
11745300_a_at,0.7242910667219336,DNAJC6,False
11735289_a_at,0.7237994523569371,SLC6A5,False
11733574_at,0.7237894135788493,PGBD4,False
11721157_at,0.7236919283878439,NTHL1,False
11719002_at,0.7235930291882177,KDELR3,False
11748882_a_at,0.7235234137680028,C1orf50,False
11736138_x_at,0.7234043855043257,CTNNA2,False
11757663_x_at,0.7233412834450503,APOA1,False
11733463_a_at,0.7232869655899299,DIO2,False
11738942_at,0.7231685971332826,KRTAP27-1,False
11725314_a_at,0.7228797356521995,GBAS,False
11757479_a_at,0.7225154007561142,TMEM141,False
11732969_a_at,0.722033660951973,MYBPC1,False
11746484_s_at,0.7220251614629846,FAR2P1,False
11753801_x_at,0.721820127246614,LOC100128356,False
11746960_x_at,0.7216710375444363,ABCF3,False
11738258_at,0.7215181845682096,CXorf49,False
11726155_s_at,0.7212692393852591,FAM19A5,False
11759477_at,0.7211828608705058,ADAMTS15,False
11762554_at,0.7211479505782379,CPAMD8,False
11722059_at,0.7206619945633743,ZG16,False
11732047_a_at,0.7204718782353018,MMP17,False
11722101_a_at,0.7203536908996878,TYRO3,False
11730957_a_at,0.7203403232714122,NEU4,False
11758272_at,0.720313186841383,SLC34A2,False
11761840_at,0.7197735864358563,TFDP1,False
11761822_at,0.7197226901072398,STXBP4,False
11727562_at,0.7194633988300496,ABHD15,False
11722571_at,0.719407153292134,CCNA2,False
11730376_at,0.7192317306163236,SURF2,False
11754243_a_at,0.7187021722003754,H2AFX,False
11734260_a_at,0.7183094619434506,TRIML1,False
11736133_s_at,0.718243644411807,PHF19,False
11730774_at,0.718199065588744,TMEM14A,False
11739497_a_at,0.7181215192748142,SLC29A4,False
11752454_a_at,0.7175447350977261,TBKBP1,False
11757977_s_at,0.7173187107528874,SLC12A7,False
11733931_a_at,0.7169557799882911,PARP2,False
11717433_a_at,0.7169065697581295,ECHDC1,False
11754685_a_at,0.7166107650514052,RGS14,False
11750518_a_at,0.7165003704434914,LINC01135,False
11736363_s_at,0.7164989912787262,MEDAG,False
11738763_at,0.7164133158653327,OR8B12,False
11738353_s_at,0.7164105903810416,KRTAP5-5,False
11759099_a_at,0.7163254675154097,NOP9,False
11752520_x_at,0.7162853265473011,ZNF385B,False
11722711_a_at,0.7161734340571083,PPOX,False
11737470_at,0.7160328070636203,PRSS57,False
11728519_a_at,0.7160012531072293,ZNF79,False
11752687_a_at,0.7155902076529458,ASB15,False
11749777_s_at,0.7153872000097373,TRIM16,False
11744226_a_at,0.7152562867585688,SPA17,False
11739691_at,0.7150935629074991,LAGE3,False
11727456_a_at,0.7150655557745474,OFD1,False
11760950_x_at,0.7150619110037902,UROD,False
11729225_s_at,0.7148760334729805,SLC33A1,False
11750759_at,0.7148730025918332,CES1P1,False
11726691_a_at,0.7145593895339932,ANGPT1,False
11722222_at,0.7144392490067617,TMEM160,False
11735253_a_at,0.7143834733532097,NEK8,False
11730820_at,0.7143686235406258,PCDHB10,False
11721940_a_at,0.7141069288731519,CYP3A5,False
11742890_at,0.7139221584046967,MND1,False
11761359_at,0.7135770326273684,UBE2E1,False
11743156_a_at,0.7135251995893296,POFUT1,False
11747317_a_at,0.7131746366402889,RFWD3,False
11724084_a_at,0.7131416725763756,KLHDC9,False
11739900_at,0.7129193648334542,SLC19A3,False
11761940_a_at,0.7127563549350225,CLVS2,False
11731667_s_at,0.7125245075130874,PDGFB,False
11721386_s_at,0.7123951409102449,CUL7,False
11762814_x_at,0.7119782070340381,PABPN1L,False
11763360_a_at,0.7118949329739882,VSIG2,False
11740066_a_at,0.7118135037132236,ERCC6,False
11738106_at,0.7118054004838147,EFCAB13,False
11723370_s_at,0.7116366868551023,SHANK3,False
11738438_at,0.7116062866940552,HIST1H1B,False
11715558_a_at,0.7115627870306601,TMEM59,False
11736408_at,0.7114178711977702,XYLB,False
11751612_a_at,0.7113820626474723,SOCS2,False
11755153_a_at,0.7111965926808744,MKL1,False
11760150_x_at,0.7110246674115481,PRSS1,False
11757589_a_at,0.7107530696152748,NDUFA12,False
11715331_x_at,0.7099789534106837,DSN1,False
11716070_a_at,0.7097432118449206,DESI2,False
11731801_at,0.7097387808672453,C3orf70,False
11759386_x_at,0.7096900637677985,OR5T2,False
11728435_a_at,0.7095922746960057,ATP5S,False
11744242_a_at,0.7095498460660004,ANKRD29,False
11720991_s_at,0.7092831877502581,SOX2,False
11740153_a_at,0.7091831296689086,ZNF384,False
11756430_a_at,0.7090947500169333,GBGT1,False
11732067_at,0.7090858133409722,RGAG1,False
11737576_at,0.7090595164594368,NPHS1,False
11754869_s_at,0.7090427529265646,ZNF267,False
11753067_x_at,0.7089962672379494,ANKDD1A,False
11748199_a_at,0.7086379572096698,TMEM189,False
11725922_a_at,0.708339376685093,CLIC6,False
11735905_x_at,0.708135811163379,PNPLA1,False
11733740_at,0.7079398420625599,HIST1H2BM,False
11759724_x_at,0.7072519258889863,ZHX1-C8orf76,False
11746269_a_at,0.7072192074410597,ABHD3,False
11719626_at,0.7070701519586265,RDH10,False
11720203_a_at,0.7068156465562971,AURKB,False
11757818_x_at,0.706797318576659,CFL1,False
11717294_a_at,0.7067252602106078,SRSF7,False
11746170_at,0.7063203856690439,LOC440173,False
11733155_a_at,0.706236386760785,COL9A1,False
11740624_a_at,0.7060456716757779,CEP131,False
11732820_a_at,0.7058412309376914,TMEM217,False
11740356_a_at,0.7057399728043479,GPR137C,False
11730984_a_at,0.7053369687164485,ZFYVE9,False
11732837_a_at,0.705014137372986,IL37,False
11724933_a_at,0.7049051420977103,FAM173A,False
11744135_a_at,0.7047502908158072,MIB2,False
11737566_s_at,0.7047315010606103,C1QTNF9,False
11761968_at,0.7045359240554147,KIAA2012,False
11744906_at,0.704247659349641,ERICH2,False
11715873_a_at,0.7039856031234661,OLFML3,False
11755813_a_at,0.7035805576173012,SLC26A9,False
11734641_at,0.7034941985588045,IRGM,False
11737231_at,0.7030587650994817,LALBA,False
11724342_s_at,0.7028531770635988,LGALS7,False
11733419_a_at,0.7025356056359636,RET,False
11733626_a_at,0.7022212509095495,FAM196A,False
11751078_s_at,0.7019968490243561,CYP2F1,False
11716099_s_at,0.7019797425348034,RAP1A,False
11732979_at,0.7018959860213383,IFNA21,False
11724975_a_at,0.7018855530815664,HRASLS5,False
11748153_a_at,0.701640878695636,PTCD2,False
11726131_a_at,0.7016398883275337,PKP2,False
11742768_a_at,0.7016165411626482,FLRT3,False
11764000_at,0.7014757416666096,C5orf63,False
11755907_a_at,0.7013265598878168,ATP13A1,False
11735539_at,0.7012117811548833,EN2,False
11739829_x_at,0.7010114607909991,CYS1,False
11715212_x_at,0.7008936112711845,SCAND1,False
11740605_x_at,0.7007404468989668,TLX2,False
11734907_at,0.7006993349478075,ZNF432,False
11756216_s_at,0.7005238137765695,PTP4A1,False
11732518_at,0.6998480813623945,GPR52,False
11722183_s_at,0.6997329630441784,ATP6V1C1,False
11715554_a_at,0.6995748848023233,CYB5R3,False
11715141_s_at,0.6994093686829163,PCDHGB3,False
11743125_a_at,0.6992940253023857,CRYAA,False
11749595_a_at,0.6991865324042654,GBP4,False
11755247_x_at,0.6991798505354089,DAND5,False
11740179_at,0.6991608034711332,CDYL2,False
11724782_x_at,0.6991041121902033,HERC4,False
11721265_s_at,0.6990227242961915,GATB,False
11736114_a_at,0.6985778915818125,TTC14,False
11741234_a_at,0.6985351339539293,CASC1,False
11736780_x_at,0.6984535931617645,ZNF486,False
11732750_a_at,0.6983930303301255,MEGF11,False
11724529_s_at,0.6981808111788356,FBXO8,False
11737311_at,0.6980957408180046,PAGE3,False
11724152_a_at,0.6977364214964189,TNS4,False
11747851_a_at,0.6975912702684536,GPS2,False
11755220_a_at,0.6970042220994802,C17orf97,False
11740322_at,0.6969608890515413,KLK3,False
11730044_a_at,0.6968152931077206,C9orf24,False
11762215_at,0.696762150863203,ARNT2,False
11749961_a_at,0.6967121462227809,MDH1,False
11750925_a_at,0.6966586131133886,TOX,False
11758528_s_at,0.6966369049145859,PCDHB6,False
11730405_at,0.6966288328930674,MEX3B,False
11752264_a_at,0.6965244874254748,TRIM3,False
11719345_at,0.6964483277519563,UBTD1,False
11729439_a_at,0.6960392498255793,CAPSL,False
11744030_a_at,0.6960365756726337,MMP7,False
11760343_x_at,0.696012025383664,ZNF726,False
200086_PM_s_at,0.6959439759644103,COX4I1,False
11750478_x_at,0.6953310453573002,THEM6,False
11727758_a_at,0.6950997009509616,SYCP3,False
11746980_at,0.6947123746507329,CH17-351M24.1,False
11730332_at,0.6944354827744107,DPYSL4,False
11723654_s_at,0.6943201432819224,CFC1,False
11721069_a_at,0.6939938267413481,DGKD,False
11727881_at,0.6939205235605856,BBS12,False
11725717_at,0.6938948428106466,CDC42,False
11738371_at,0.693585845645646,CSN1S1,False
11761962_at,0.6934890874728162,KIF25-AS1,False
11741042_a_at,0.6933227113183561,PSMA1,False
11735591_x_at,0.6933195644445623,MYO3B,False
11742990_x_at,0.6932732176300991,EZR,False
11732752_at,0.6931510139711783,RBM44,False
11756546_a_at,0.6930259341837369,EIF6,False
11735617_a_at,0.6930074881456109,SLC5A10,False
11723518_at,0.6929324609100174,ELAC1,False
11730656_a_at,0.6927000067931236,LILRA3,False
11725874_a_at,0.6926669748137056,ZPBP2,False
11737327_at,0.692591710805862,COL19A1,False
11745585_a_at,0.6925125782571265,CCT6B,False
11728439_at,0.6921956032285246,BRWD1,False
11715758_at,0.6919963314263294,TTC1,False
11738850_a_at,0.6918001954311773,BCL2L14,False
11730162_s_at,0.6917356337903913,SLC6A10P,False
11717619_at,0.6917213146050232,EPHA2,False
11737914_at,0.6915686804681414,GPR15,False
11762044_a_at,0.6915335998587558,SIGLEC16,False
11757073_s_at,0.6915317283965994,THAP4,False
11730640_at,0.6915075754677432,GCM2,False
11728234_a_at,0.6914964120721598,CLDN1,False
11759484_s_at,0.6913127793290132,STAG1,False
11748929_a_at,0.6912051528147753,DENND1A,False
11742654_s_at,0.6911811029588509,SPACA5,False
11726276_at,0.6910623993277142,SNN,False
11730148_a_at,0.6909625926149103,ADGRG5,False
11742894_a_at,0.6907497814083071,DRG2,False
11716851_at,0.6906798762267485,IMPAD1,False
11742637_s_at,0.690158050541488,IGF2,False
11732178_a_at,0.6900642450631806,MYH11,False
11759336_at,0.6899065885213013,TMEM200C,False
11741393_a_at,0.689896104322411,HMBOX1,False
11727029_a_at,0.6896669378544352,MAP1A,False
11732713_at,0.6894471312784705,FST,False
11723303_at,0.6893167755983427,PDZK1IP1,False
11754157_a_at,0.6887202709926026,JMJD8,False
11755610_a_at,0.6883552469285343,PGPEP1L,False
11728215_a_at,0.6882661644039478,NRP1,False
11736593_a_at,0.688180551827224,LDB3,False
11762734_at,0.6881326166242678,GCKR,False
11759009_at,0.6880120123885751,CA1,False
11750473_a_at,0.687927660928172,WNT5B,False
11716498_s_at,0.6878404216309101,ADRM1,False
11748798_a_at,0.6877496869359431,PIK3AP1,False
11717331_x_at,0.6877414248298944,BMS1,False
11739452_a_at,0.6875296149638636,ME2,False
11737826_at,0.6874995785208885,GSTM2,False
11737056_a_at,0.6872993405497921,ACTR3B,False
11752558_a_at,0.6870991031049465,ATP7B,False
11721662_s_at,0.6866395485974417,HDAC11,False
11724966_s_at,0.6859136714908324,BLOC1S1-RDH5,False
11721910_at,0.6859061079869587,CRAMP1,False
11738720_s_at,0.6858109804149182,OR2T3,False
11735057_at,0.6850595847207628,MFSD9,False
11744115_a_at,0.6849727635846554,RPIA,False
11737773_a_at,0.6848196820056076,MCU,False
11760680_at,0.6848050994621497,FSD1,False
11715306_s_at,0.6844749026771529,AREG,False
11725843_at,0.6843141083689063,SCP2D1,False
11723390_a_at,0.6843122281993518,CORO2A,False
11738938_at,0.6842846656289772,KRTAP2-1,False
11715892_a_at,0.6842466517877165,PYCR2,False
11729087_at,0.6841336375590564,TBX19,False
11759278_at,0.684117405964497,OR2T2,False
11742602_at,0.684070311907844,OR4P4,False
11741382_a_at,0.6840179375654803,ZNF114,False
11730313_a_at,0.6838794265246151,ERMAP,False
11750960_a_at,0.6837933130524311,AASS,False
11728042_a_at,0.6837304699410387,PANX2,False
11717422_s_at,0.6836188238799474,RBM8A,False
11737652_a_at,0.6832539124716867,FAM9B,False
11726324_at,0.6832041786149216,CRLF3,False
11716448_a_at,0.6831639894447671,NUDT9,False
11760857_a_at,0.6831617403441687,CACNB3,False
11753867_a_at,0.682934689981639,NDUFA1,False
11731029_a_at,0.6829172431233074,SLC25A18,False
11718611_at,0.6828798444140222,TP53INP1,False
11739017_at,0.6828040654553629,USP22,False
11716798_x_at,0.6827648610477729,NDN,False
11734091_a_at,0.6827088115853426,AATK,False
11758978_at,0.6826580869316089,ERGIC2,False
11729863_a_at,0.6825482111942248,EPN1,False
11732321_a_at,0.6821358760381911,PLAT,False
11751732_x_at,0.6820635738288818,FAM136A,False
11743799_a_at,0.6817193107878947,SPAG17,False
11747803_a_at,0.6805124748346781,CLK2,False
11746887_a_at,0.6803724077029707,NUDT16P1,False
11735631_at,0.6802691300504998,TNFRSF13C,False
11738593_a_at,0.6802421340059318,FXYD4,False
11761407_a_at,0.6801452032870847,C6orf201,False
11727867_a_at,0.6800676856205089,CLEC3B,False
11744224_a_at,0.6799242614788363,DCAF15,False
11761409_at,0.6799071427509933,LOC105376114,False
11732464_a_at,0.6793894777363093,WNT11,False
11722297_s_at,0.6793232084349539,LRFN4,False
11753425_a_at,0.6792809746750758,SLC25A45,False
11753517_s_at,0.6792091175767536,YWHAE,False
11722097_a_at,0.6789286882700326,ZNF131,False
11740082_at,0.6787657330122683,AGMO,False
11742534_at,0.678760413072738,FAM58BP,False
11749717_a_at,0.6783181804624175,RP1,False
11751909_at,0.6780655612485539,LAMC3,False
11737544_at,0.6778199009310046,TMEM202,False
11729538_at,0.6777468122360726,LYPD8,False
11717662_a_at,0.677649204322021,PIEZO1,False
11754395_a_at,0.677618619574311,BRD4,False
11725441_a_at,0.6775365595614576,FOXM1,False
11729418_a_at,0.677418496304903,TEKT2,False
11746390_x_at,0.6769024440565717,LINC01002,False
11724365_a_at,0.676774881302947,FOXP4,False
11741952_x_at,0.6767615402990662,PAQR5,False
11745718_s_at,0.6765279417209639,GTF2I,False
11723108_a_at,0.6764836255073376,GPBP1,False
11727982_s_at,0.6764581191073878,SNX21,False
11743964_a_at,0.6763030299169921,COL6A3,False
11715661_a_at,0.6762920658788405,TMEM189-UBE2V1,False
11744011_s_at,0.6762571343853336,AMDHD2,False
11741455_at,0.6758889240701315,ZNF717,False
11715688_x_at,0.6755013900390395,CTRB2,False
11732659_s_at,0.6754484093203424,LOC102723655,False
11757155_x_at,0.6753091672240524,SNORA3B,False
11720606_a_at,0.6750443724931935,SFRP2,False
11726999_s_at,0.6749197469649614,TSNAX,False
11731831_x_at,0.674741836985996,HOGA1,False
11724839_a_at,0.6745752184586102,XRCC3,False
11718802_a_at,0.6744260874524597,PSRC1,False
11763137_at,0.6743952832927098,HSP90AA6P,False
11741906_at,0.6742394443202356,DRGX,False
11738288_at,0.6741182681725236,IFNW1,False
11743991_at,0.6741091985441713,MRGBP,False
11734518_at,0.6739952176109937,PAGE2,False
11761727_x_at,0.6736583090314029,AQP7,False
11755538_s_at,0.6735640874918338,RPAP1,False
11752071_a_at,0.6735425431013575,SLC4A9,False
11725198_at,0.6734623855794373,IL1A,False
11729938_at,0.6733364439664177,C1orf111,False
11720126_x_at,0.672985114798946,BCAR1,False
11746724_a_at,0.672888118624656,BTN2A3P,False
11744149_at,0.6727257624953883,LPIN2,False
11735794_x_at,0.6725775144699726,CDHR5,False
11744663_a_at,0.6722477505534437,TOM1L1,False
11726960_a_at,0.6721636904030648,GRIN2A,False
11737169_a_at,0.6717553389252097,STRN3,False
11718296_a_at,0.671572069082141,SEMA4B,False
11719384_at,0.6714869602440076,PRSS3,False
11741946_a_at,0.6714852108821713,LIPM,False
11724842_a_at,0.6714793091855705,ARMC4,False
11730811_a_at,0.6714279601700213,LRRTM2,False
11732703_s_at,0.6710579063927762,TAS2R1,False
11730347_at,0.6710290787200106,PDE6H,False
11738939_a_at,0.6709094099318557,MS4A13,False
11715201_s_at,0.670886058463524,DBET,False
11733510_at,0.670796137697853,GPRIN2,False
11728630_at,0.6707620752389833,DHDH,False
11740823_s_at,0.6706489912284118,LPA,False
11731960_a_at,0.6704168131453432,LOC401052,False
11738205_at,0.6704088744517693,SPAM1,False
11729925_a_at,0.670402123501811,TET3,False
11746346_s_at,0.6703323172122173,B3GAT3,False
11725617_s_at,0.6702806570448209,HNRNPR,False
11746094_a_at,0.6701120772863051,MPP4,False
11756027_a_at,0.6697738498858897,MYOZ2,False
11749278_a_at,0.6694221896725371,FETUB,False
11746178_s_at,0.669038054521376,RHBDF1,False
11735556_at,0.6690248297940202,AMZ1,False
11718564_at,0.6689334839858831,GJA4,False
11752126_a_at,0.6689309161116512,SPTBN2,False
11757194_a_at,0.6689180740488914,LMLN,False
11755272_s_at,0.668772755257145,FAM90A1,False
11755104_a_at,0.6687702275900834,KIAA1671,False
11738972_at,0.6687294199923128,KRTAP20-3,False
11754408_s_at,0.6687155582195843,LDB2,False
11744020_at,0.6684826363853622,NUP210,False
11734369_at,0.6679946398318896,CTAGE1,False
11737758_x_at,0.6679687658588731,CARS,False
11757292_x_at,0.6679630422296633,LOC101060389,False
11729952_a_at,0.667705407617363,ZBTB37,False
11752254_a_at,0.6675066916279112,DNAH3,False
11751713_a_at,0.6674921652219352,C6orf62,False
11715213_s_at,0.6673465359347717,DUX1,False
11744330_x_at,0.6672710284237393,DNAJC8,False
11732925_s_at,0.6671672673918093,PEAR1,False
11732958_at,0.6671001536632659,USF1,False
11738627_a_at,0.6669616943961838,ARHGAP6,False
200005_PM_at,0.666834143880903,EIF3D,False
11735094_at,0.6667690492208219,LEP,False
11716060_at,0.6667284032091896,PRDX4,False
11754701_a_at,0.6666310394844057,SLC5A2,False
11720542_a_at,0.6664843023085114,B3GALNT2,False
11732622_x_at,0.6661740729382641,CRB3,False
11764072_s_at,0.6660757892490593,GPR17,False
11718589_at,0.665711738177229,CHMP6,False
11719234_at,0.6656745363124553,RASL12,False
11742570_at,0.6656360850053266,OR8J3,False
11748554_a_at,0.6655732661290084,THAP8,False
11762126_a_at,0.665483641810313,DPCD,False
11722980_a_at,0.6654790589350775,F8,False
11734366_x_at,0.6653912382279331,ZFP42,False
11733281_at,0.6652982530066344,KPRP,False
11716167_a_at,0.6652869688569228,MX1,False
11749736_a_at,0.665054541441921,RBBP5,False
11725573_at,0.6650138218987289,CST9L,False
11727771_a_at,0.6649446684379033,KIRREL2,False
11734803_at,0.66473093287649,ZC3H13,False
11724085_at,0.6646208343934584,DAPL1,False
11758576_s_at,0.6646041020056629,CCDC59,False
11740091_s_at,0.6645634686978721,TMEM163,False
11755912_s_at,0.6644459951038012,YEATS2,False
11723594_a_at,0.6643716854666335,TNK2,False
11731889_s_at,0.6642927743938102,EDA2R,False
11730343_a_at,0.6642154991085122,TSSK6,False
11742064_a_at,0.6641924078123668,SLCO1C1,False
11726869_a_at,0.6641659645974186,MFSD12,False
11742513_at,0.6641616466078771,OR1L1,False
11745482_s_at,0.6639681297130169,PRNP,False
11733919_s_at,0.6639157113717531,SERTAD2,False
11754119_a_at,0.6637451536410198,PLAU,False
11730132_a_at,0.6637386964723903,CACNA1F,False
11763969_x_at,0.6636625957569531,SFTPC,False
11742162_at,0.6635205446387319,KRTAP4-2,False
11744891_at,0.6634491359410464,LOC339803,False
11759958_x_at,0.6633447671513454,GTF2IRD2,False
11721928_a_at,0.6631452985439079,TMCC2,False
11732024_a_at,0.662986264065244,MAMDC4,False
11763435_x_at,0.662983597467818,CAPN10,False
11752327_a_at,0.6627695949155354,ZBTB18,False
11747564_s_at,0.6627474337002395,HS6ST1,False
11727332_at,0.6626286666671133,CATSPER3,False
11735321_a_at,0.6623760563154509,MGAT5B,False
11737297_at,0.6622906113944375,TCEB3B,False
11717095_s_at,0.66221180399807,COX6A1,False
11728323_a_at,0.6621654385361911,PPP3R2,False
11718229_s_at,0.6619768460559528,R3HDM4,False
11719950_a_at,0.661931873012958,BCAN,False
11733759_s_at,0.6619008611782595,LOC105369264,False
11739970_a_at,0.661748472363707,FUT3,False
11732386_at,0.6617090477608046,TCEANC2,False
11760962_at,0.6615711354033122,LPXN,False
11721749_s_at,0.661483040488123,INF2,False
11722622_at,0.661420476551721,TMEM8A,False
11730778_a_at,0.6614000074256334,HSD17B11,False
11750862_a_at,0.6612768033032944,ADGRE3,False
11717673_a_at,0.661233621681702,EIF2B2,False
11716863_a_at,0.6610889766254946,NISCH,False
11750598_s_at,0.6607514337785012,TPX2,False
11723694_a_at,0.6605423859212214,GRB7,False
11755679_a_at,0.6601909106233721,CATSPERB,False
11730904_at,0.6599127505442742,APOBEC1,False
11737406_at,0.6597838505803267,C2orf66,False
11748054_a_at,0.6597740980780012,ESPL1,False
11731114_a_at,0.6596920772552746,SGCG,False
11722941_at,0.6596424621137021,MUC2,False
11760641_at,0.6595276254222143,SLC22A20,False
11728075_at,0.6595158148359199,PLEKHM3,False
11747022_a_at,0.6594903800160499,ATP13A4,False
11738931_at,0.6593921560906324,RPS4Y2,False
11757864_s_at,0.6591370769757198,INSM1,False
11734327_a_at,0.6590391630288052,CHRM5,False
11738901_at,0.6590215052304058,IL36B,False
11740199_s_at,0.6589890601814832,ARHGDIG,False
11734933_s_at,0.6589197452058367,SRSF2,False
11757193_s_at,0.6586656237707665,JMJD7-PLA2G4B,False
11734251_x_at,0.6581414437321547,SEPT14,False
11748336_a_at,0.6580716401348452,GIF,False
11719187_a_at,0.6579774748177909,MYOZ1,False
11735808_at,0.6579697750441703,VPREB1,False
11723876_at,0.6578400418850804,KCNK5,False
11741993_at,0.6576918943464461,R3HDML,False
11723542_a_at,0.6574383110397674,ABHD14A,False
11742523_s_at,0.6572693777455411,OR5T1,False
11742126_a_at,0.656959746984213,TMEM74B,False
11742490_a_at,0.6569253197269076,INCA1,False
11739473_a_at,0.6567861887324784,MAGI1,False
11724219_x_at,0.6567619696149152,GSTA1,False
11741874_x_at,0.6566874000711204,SEPP1,False
11734535_s_at,0.6564244909180701,SPATA31A1,False
11722306_at,0.6563145169681486,ARHGAP23,False
11717202_x_at,0.6562865541444165,NDUFA4L2,False
11724176_at,0.6560219674504358,TSPAN11,False
11764271_at,0.6556710108007616,LOC105372267,False
11719135_a_at,0.6551036770364576,PKP1,False
11747665_a_at,0.6549868679290535,LYSMD4,False
11726028_a_at,0.6549695862915345,MC1R,False
11747619_a_at,0.6548050456471938,CERS5,False
11742068_at,0.6546107966703845,CALHM1,False
11719637_a_at,0.6544777868565205,DUSP22,False
11740552_at,0.6544108912466474,ASPG,False
11739390_at,0.6542783283116649,OXTR,False
11735585_at,0.6541629900054028,ZNF208,False
11751985_a_at,0.6539469929795205,EPS15,False
11762390_at,0.6538483717767665,LRRTM1,False
11756692_a_at,0.6537089931288385,SH3TC2,False
11757601_a_at,0.6536876175225667,COPS3,False
11756185_s_at,0.6535309697097745,POLR3K,False
11754467_s_at,0.6533504434258137,MED26,False
11748787_a_at,0.6530099769590079,MS4A15,False
11720813_at,0.6530078266199013,INTS10,False
11754924_s_at,0.6530062633703517,ADTRP,False
11737378_s_at,0.6529247325945124,LOC100233156,False
11734865_a_at,0.6527778817898398,PSMC3IP,False
11718875_a_at,0.6527721217560715,PNMA1,False
11751657_a_at,0.6523798698247918,C1orf159,False
11744362_a_at,0.6523573125172045,PSMD14,False
11715954_a_at,0.6520445749458684,CNDP2,False
11742027_a_at,0.6519807036637509,ANGPT2,False
11718550_a_at,0.6518422886376642,NAA60,False
11736948_at,0.6517127134980856,TEX26,False
11750335_a_at,0.651659539331268,NR1I3,False
11715942_a_at,0.6516446351772259,AQP1,False
11751636_a_at,0.6514357099489729,GGT5,False
11732033_at,0.6511931403896725,NAT8B,False
11745097_s_at,0.6511799087172379,FAM135B,False
11726698_x_at,0.6510167568406375,ZBTB7A,False
11753958_a_at,0.6507192850693262,GARS,False
11749926_a_at,0.6506576191589476,C4A,False
11729960_x_at,0.6506490605882057,DHFRL1,False
11719750_s_at,0.6502295026824987,POLE,False
11723479_a_at,0.6502161713562516,NFKBIL1,False
11736143_s_at,0.6501343982226575,ENPP4,False
11751606_x_at,0.6494906443957953,SP140,False
11739743_a_at,0.6494313834209987,MXI1,False
11722795_a_at,0.6493227091987541,GDE1,False
11749047_x_at,0.6486458380391981,EYA3,False
11736971_at,0.6485999524507721,MKRN3,False
11733571_at,0.6484990164725651,NKX2-8,False
11742123_a_at,0.6484001394259538,FBXL21,False
11727600_a_at,0.6483255037912314,TNFRSF4,False
11735950_s_at,0.648189068646782,BPY2,False
11723890_a_at,0.6481812139882794,ANKRD13B,False
11726730_a_at,0.6481682679655514,KDM4A,False
11730483_a_at,0.6479257891105241,MYB,False
11716212_a_at,0.6477446435842701,HIBADH,False
11726562_at,0.6477309452226114,SAP18,False
11748217_a_at,0.6476537142791917,NRBP2,False
11721076_at,0.6475545673317605,MTCH2,False
11737154_at,0.6471882582370986,CRYGB,False
11730437_a_at,0.647012226534122,PPIL3,False
11719984_x_at,0.6470103724037384,BLOC1S2,False
11755022_a_at,0.6469779186648128,ARL6IP1,False
11734624_a_at,0.6469207116545604,TAC4,False
11733189_at,0.6469168872995479,INCENP,False
11733235_at,0.646716881737582,SLC46A2,False
11728105_x_at,0.6466321729418624,TMPRSS3,False
11717029_a_at,0.6464018717780955,BAP1,False
11734760_at,0.6462121350028132,HIP1,False
11747207_a_at,0.6461753230967273,ELAVL1,False
11720577_a_at,0.6458159067400163,ARFGEF1,False
11761653_at,0.645588062830234,SEC16B,False
11744136_at,0.6454423276213093,CADM4,False
11726342_s_at,0.6446758047003539,DNAJB14,False
11721155_a_at,0.6445754013030659,USP38,False
11754919_a_at,0.6444013562954959,CAGE1,False
11717359_at,0.6442919611542323,RTF1,False
11752503_x_at,0.6442139486279296,ALDH7A1,False
11755350_a_at,0.6440810837614434,XIRP1,False
11722256_a_at,0.6440166577169444,SCRN2,False
11753381_a_at,0.6439457097130479,BTBD19,False
11730253_a_at,0.643648125749342,AHCTF1,False
11723642_a_at,0.6434142777993277,BPIFA1,False
11753080_s_at,0.6433504281312561,DPF2,False
11756360_x_at,0.6431921406436674,H2AFZ,False
11743676_a_at,0.6429351038727468,TTLL7,False
11760913_at,0.6427797065156441,ASAH2B,False
11734473_a_at,0.6427742685191705,EXD1,False
11742235_at,0.6427100602814015,SUPT20HL2,False
11738319_at,0.6425545396947024,TAL2,False
11717063_s_at,0.6424423943116726,SMARCD2,False
11725256_at,0.6423443343248084,FZD10,False
11741329_x_at,0.6423200449444028,GAGE1,False
11739529_x_at,0.6421962202823572,PLGLB1,False
11763843_a_at,0.6421634049476904,UACA,False
11741584_a_at,0.6420896425351337,ASB10,False
11734262_a_at,0.6416394826069054,AK8,False
11756121_a_at,0.6416275234032336,DUSP7,False
11727810_a_at,0.6415529415489022,ELP2,False
11731125_a_at,0.641524981998535,FBXO36,False
11729221_a_at,0.6413635253269385,HSD11B1,False
11725272_a_at,0.6412419131293985,P4HA3,False
11750481_at,0.6412195613497123,PPBPP2,False
11749455_a_at,0.6411287745120339,KDM5B,False
11729134_s_at,0.6410900632304573,STK24,False
11754803_s_at,0.6409725236733932,UCHL1,False
11741501_s_at,0.6409259425637259,FAM133B,False
11745616_s_at,0.6407963112503333,TRIM15,False
11752421_a_at,0.6405686062887528,ANKLE1,False
11760886_at,0.6404775021429511,GPR89B,False
11731273_a_at,0.6404174228864462,KCNE1,False
11754756_a_at,0.6398401665927808,FGD5,False
11750547_a_at,0.6395409338070135,GALNT14,False
11734537_a_at,0.6394510461761578,GAS2L3,False
11758075_s_at,0.6393316609391313,SLC18B1,False
11741551_x_at,0.6392579084950225,GOLGA6A,False
11756124_x_at,0.638866775006008,IKBKG,False
11755310_s_at,0.6388399367523928,ACOT1,False
11739668_a_at,0.6387982727265449,SS18L1,False
11738279_a_at,0.6387558943223445,KLK12,False
11751723_a_at,0.6385388607502089,KRT5,False
11726768_at,0.6384514600768384,SMPX,False
11745125_a_at,0.6383098299715448,TUBGCP2,False
11746878_s_at,0.6382829562259295,ID2,False
11722906_a_at,0.6382140721263019,MIA3,False
11719097_a_at,0.6381491082297571,TAF10,False
11718976_x_at,0.6379368361315942,ARPP19,False
11738576_at,0.6379367688021104,OR10A3,False
11734204_at,0.637698541492388,SLC18A3,False
11762200_a_at,0.6374084876556956,LOC101929143,False
11730645_a_at,0.6371854421120853,SP7,False
11744394_x_at,0.6371788982507895,EGFL7,False
11729006_at,0.6371519497185608,OVOL2,False
11742561_at,0.6370121096314053,OR2G2,False
11758865_at,0.6369697914431006,PIAS4,False
11744175_a_at,0.6367672523822233,EIF2B5,False
11764237_at,0.6366944590594902,LOC101060019,False
11751614_a_at,0.6366828259802283,PYROXD2,False
11751607_a_at,0.6366252322112385,CAMKV,False
11731127_at,0.6362433394261092,GLIPR1L1,False
11720230_at,0.6361851366598644,TES,False
11730981_x_at,0.636059391305121,ZNF595,False
11736244_s_at,0.6359252082120506,HIST1H2AC,False
11757940_at,0.6358730396789491,PGF,False
11742550_at,0.6356789634234773,OR5K4,False
11756158_s_at,0.6355264782882267,LOC102724562,False
11745243_x_at,0.6345677981876638,NBPF11,False
11731429_x_at,0.6343024836916373,CYP3A4,False
11724509_a_at,0.6341760773967614,PMAIP1,False
11737300_a_at,0.6341538229209336,PPP1R14D,False
11744234_a_at,0.6340014118301819,TJAP1,False
11716510_at,0.6339503644124702,GTF2E2,False
11723059_a_at,0.633879420096993,TAP2,False
11762487_at,0.6338632383416181,GATA2,False
11729633_x_at,0.6338328192948502,YBX3,False
11719119_a_at,0.6337277456628809,NUPL2,False
11763333_at,0.6335953026396094,ZNF316,False
11733694_a_at,0.6334002217089519,C1orf61,False
11715622_a_at,0.6332787975283178,RNF114,False
11736454_x_at,0.6332019790296448,UGT2B10,False
11754480_s_at,0.6331078242815001,DLG5-AS1,False
11742139_a_at,0.633025712289743,BTNL2,False
11740229_at,0.6328230456212621,GSDMA,False
11737924_at,0.6328160921152642,LECT2,False
11755774_x_at,0.6327607460963826,FAM208B,False
11739421_a_at,0.6325329992804942,RCC1,False
11735276_a_at,0.6324620198473349,IL18R1,False
11729365_at,0.6320563705477977,PRKAA2,False
11732220_a_at,0.6320328911864805,ECI1,False
11751239_a_at,0.6318375873677445,SHPK,False
11730770_at,0.6316760740885653,NAPG,False
11731198_at,0.6313401420781491,LHFPL3,False
11760556_at,0.6311607088783066,MGC24103,False
11732658_a_at,0.6309404522218038,CFAP221,False
11760755_at,0.6307576436556981,LOC100506276,False
11763827_a_at,0.6303718743917837,MS4A8,False
11739436_a_at,0.6303709839244372,KDM3B,False
11760508_at,0.6303064852398912,VRK2,False
11750588_x_at,0.6301709642530393,CTNND1,False
11726353_at,0.6297574115490461,CD180,False
11732749_at,0.6297556362038453,SEC14L5,False
11726474_a_at,0.6297314837604161,HES4,False
11737531_at,0.6297063322600989,CCDC144NL,False
11732096_at,0.6296917690951099,TIFAB,False
11748813_a_at,0.6295912198655395,TRIP12,False
11734897_a_at,0.629482419405822,MATN1,False
11741940_at,0.6293104585959396,KRTAP11-1,False
11738276_s_at,0.6292764733978857,SPDYE3,False
11722089_a_at,0.6291487899835176,EML3,False
11748848_a_at,0.6290873287773446,DAW1,False
11740514_a_at,0.6290292762006251,YTHDC1,False
11735809_a_at,0.6290223211582022,OPN5,False
11755098_a_at,0.6287123738733834,KHK,False
11734430_a_at,0.6283586318640647,BPIFC,False
11717554_at,0.6281536037454054,SETD7,False
11717880_a_at,0.6276534920470977,ATXN7L3,False
11721843_a_at,0.6274535582792182,ATL3,False
11753423_a_at,0.6272595596567118,XG,False
11723544_a_at,0.6270520103609536,ESRP1,False
11727371_a_at,0.6270079719649109,NEFM,False
11728097_a_at,0.6270056066025129,CROCC,False
11721483_at,0.6267415549593792,CCDC85B,False
11762820_at,0.6263090105151861,PRR5-ARHGAP8,False
11740835_at,0.6262828808341574,CYP27C1,False
11754907_a_at,0.6262490629953608,RNF38,False
11762469_at,0.626177142810322,CALML3,False
11737366_a_at,0.6261372817041959,LRRC66,False
11756783_a_at,0.6261287209049401,TF,False
11743048_s_at,0.6258517647482784,ACO2,False
11732255_at,0.6258422880990162,ZBTB33,False
11730244_at,0.6258175820964409,FMO2,False
11728151_a_at,0.6257468609785588,ASB17,False
11727894_a_at,0.6255474069073572,GKAP1,False
11732665_a_at,0.6251399061487719,VSTM1,False
11739862_a_at,0.624624921503392,DDX26B,False
11737603_a_at,0.6243008085893145,NLGN1,False
11759743_x_at,0.6241983974449258,ZNF75A,False
11750735_a_at,0.6241388818596779,COMP,False
11755916_a_at,0.6241115019105514,OCRL,False
11737658_at,0.6239418114753903,TMEM244,False
11758611_s_at,0.6238052254677866,TRIM10,False
11725543_a_at,0.6236008571918765,SP6,False
11742304_x_at,0.6235844294629067,SSX5,False
11723895_a_at,0.6235548936862123,TEP1,False
11740161_a_at,0.6232700442386874,KCNK17,False
11720512_at,0.6228278625898251,CARHSP1,False
11742354_at,0.6227915926840732,OR5M10,False
11757530_a_at,0.6227831540510707,C19orf53,False
11722095_a_at,0.6226684007237747,KIF21B,False
11739104_x_at,0.6224646006814792,TMEM33,False
11724179_a_at,0.6223809422258847,DNAJB5,False
11759075_at,0.6223501232411247,PDZD9,False
11724560_s_at,0.622210216678603,TSR2,False
11720727_at,0.6221938895084724,UBR1,False
11747650_a_at,0.6221679721155186,LRRC41,False
11756959_x_at,0.6220939741842374,PRKD2,False
11724191_a_at,0.6220924924546848,COPS2,False
11738336_at,0.6220749120213854,C7orf65,False
11751927_x_at,0.6217337175640958,COPA,False
11734585_at,0.6217225354714498,KLRC4,False
11740944_at,0.6214148027478256,MPL,False
11737626_a_at,0.6213798895971019,SETD4,False
11755552_a_at,0.6213572023482217,BBOF1,False
11730111_a_at,0.6210542162874882,DEPDC1,False
11731216_x_at,0.6209870227566733,MATN4,False
11746865_a_at,0.6207124122332388,SFSWAP,False
11725308_a_at,0.6205077142409107,CALU,False
11737993_s_at,0.6204445596661473,DST,False
11715177_s_at,0.6200207343831343,TDRKH,False
11754244_x_at,0.6198796612165834,INO80B,False
11731728_at,0.619878746253149,P2RY13,False
11720392_at,0.6198539047409786,RAB11FIP4,False
11724445_s_at,0.6197411671967027,LYZL1,False
11746262_a_at,0.6194928001245569,MAPK12,False
11723866_a_at,0.6193118038450722,CHODL,False
11726909_at,0.6191811514870695,ZBED2,False
11731218_at,0.6191205637165909,RNF151,False
11763351_at,0.6188925145043113,LOC286052,False
11728202_a_at,0.6187405653659903,DNTTIP2,False
11715659_s_at,0.6185992772567694,ERRFI1,False
11757866_s_at,0.6184742891831264,FBXO38,False
11732950_a_at,0.6183714735826971,AHI1,False
11734517_at,0.6182205075389315,HCRT,False
11718013_at,0.6181482801449099,IRS2,False
11747726_s_at,0.6181282873877513,STXBP6,False
11717751_a_at,0.6180764013514923,HUWE1,False
11745463_x_at,0.6178500292179596,PRDX2,False
11731928_a_at,0.6177378541181567,IZUMO2,False
11749958_a_at,0.6172908778074604,DSCR3,False
11748981_a_at,0.6171863394622903,NAT1,False
11733809_s_at,0.6171324459357211,ARMCX5-GPRASP2,False
11744828_a_at,0.6166170553269823,CLK1,False
11751718_a_at,0.6165454936391586,C22orf24,False
11758069_s_at,0.6160724791086643,C1orf186,False
11727253_at,0.6160603835300238,TCEAL2,False
11740813_at,0.6160245062846206,HIST1H2AA,False
11753501_a_at,0.6159677546448449,PTCRA,False
11715468_at,0.6156755423597796,TUFM,False
11717513_a_at,0.6155958204813186,SEPT8,False
11761850_at,0.6155886894510512,KMT5C,False
11755519_x_at,0.6154584893939749,TGS1,False
11720897_at,0.6153796744507509,SEMA4C,False
11756499_a_at,0.6153207341930478,KLHDC2,False
11755786_a_at,0.6151577045055345,FGFR3,False
11748511_a_at,0.6151369412801228,RNF220,False
11725173_at,0.6150932213048537,MN1,False
11725848_x_at,0.615078467833633,BCORL1,False
11736078_a_at,0.6149898691178002,NEK9,False
11717932_at,0.6149772727240388,TBK1,False
11755969_a_at,0.6149650495417185,NUCB1,False
11740565_at,0.6148623233486683,PNLIPRP3,False
11744199_a_at,0.6147513511716568,RETSAT,False
11732469_at,0.6147024634618038,IL3RA,False
11762189_at,0.6146685165230793,MTFMT,False
11726006_at,0.6145808628822347,SLC30A1,False
11725604_at,0.6141016196109899,HOXA9,False
11734393_at,0.6138507121360108,ERBB3,False
11726238_s_at,0.6137761916569061,TRIM36,False
11717314_a_at,0.6136340217560651,HAUS1,False
11734729_a_at,0.6136020531282423,SLC39A12,False
11744060_s_at,0.6135432784618455,UQCRC2,False
11718967_at,0.6133156793685853,DDX6,False
11738097_x_at,0.6130043879666318,CATIP,False
11729604_s_at,0.6127100547686781,GPC3,False
11758143_s_at,0.6124508576941174,DUSP8,False
11741683_a_at,0.6121256136605503,ATG4A,False
11738621_a_at,0.6120490703058026,XKR5,False
11743902_at,0.6120102728963719,PSMD1,False
11741624_at,0.6119385664519601,VSTM2B,False
11716572_s_at,0.6118000824405082,RPA1,False
11724157_x_at,0.6114258279224811,SULT1E1,False
11732921_at,0.6112512257905749,FOXL2NB,False
11730008_x_at,0.6111087486528387,RETN,False
11755513_a_at,0.6110446921981625,ZNF136,False
11722975_at,0.6107088656557083,HOXB5,False
11724161_a_at,0.6105827360779336,GXYLT1,False
11753903_a_at,0.6104697435784276,TP53TG1,False
11746289_at,0.6102718537546503,LOC100289511,False
11761546_a_at,0.6102057109227867,HDGFL1,False
11742548_at,0.6099341177865104,OR51V1,False
11761221_at,0.6098932453291102,MTMR9LP,False
11757777_s_at,0.609890771887139,KL,False
11731604_at,0.609827379557259,BIRC8,False
11745342_at,0.6095545878043406,ACSL4,False
11729101_a_at,0.6095267303409848,AKR1C2,False
11736967_at,0.6094554834097639,RAD51B,False
11758371_s_at,0.609261925096411,KIF15,False
11726917_at,0.6089002554318453,KCNH3,False
11733508_at,0.6088912210896241,RLN1,False
11738431_at,0.6088619044163621,IFNA8,False
11743833_at,0.6087224758857281,RSBN1L,False
11747628_a_at,0.6086444190871722,VMP1,False
11744908_a_at,0.608617633106185,SVBP,False
11741163_a_at,0.60847595971981,CHRNA1,False
11744132_at,0.6083046407430991,SECISBP2L,False
11740767_at,0.6082508275234377,CCDC73,False
11727241_at,0.6081380295024987,WNT4,False
11760972_x_at,0.6072754675029712,C9orf9,False
11764231_at,0.6069569161381435,LOC105378373,False
11726635_a_at,0.6068572939770022,KAT6A,False
11719618_a_at,0.6067018098947141,PEX5,False
11740541_at,0.6066531495909033,CNGB3,False
11742853_x_at,0.6066339550857518,RPN1,False
11750823_a_at,0.6065995861021821,PREB,False
11741495_a_at,0.606328482840702,KCNQ3,False
11757570_s_at,0.6061709135972961,PRR15,False
11727626_a_at,0.606119662269073,CLOCK,False
11719536_at,0.606114071259426,CPXM2,False
11756621_a_at,0.6060566101766144,MNX1,False
11732579_s_at,0.6060394767619198,ZNF880,False
11740013_at,0.606020944698097,NEIL3,False
11728417_at,0.6058982258567842,ELMOD1,False
11756434_a_at,0.6054123164556859,DNMT1,False
11760992_at,0.6053551376933228,L3HYPDH,False
11731173_at,0.6053265862324877,TMEM196,False
11743928_at,0.6052602788832128,NSUN3,False
11729212_a_at,0.6049072835912922,SUPT5H,False
11746662_a_at,0.6047856574039859,ARMC3,False
11762920_x_at,0.6045027692872059,ULBP2,False
11726694_a_at,0.6042793630747072,C1orf35,False
11761863_a_at,0.6040809333731909,PIGG,False
11729503_at,0.6034945387589847,CFAP53,False
11723320_at,0.6034231577151039,CALY,False
11726468_s_at,0.6032861469875495,C1orf106,False
11758543_s_at,0.6032561342018151,ARMCX6,False
11743999_x_at,0.6032553345195796,SSBP4,False
11732586_a_at,0.6028456598524738,GRID1,False
11729298_a_at,0.6027422418431916,SDE2,False
11738934_at,0.6025943958699577,GSX1,False
11738153_x_at,0.6024618567091699,RBM24,False
11758058_s_at,0.6022395908825884,DPY19L4,False
11759006_at,0.6021073003130478,ZNF771,False
11754949_s_at,0.6018901529560369,HSPB7,False
11732738_a_at,0.6018035398601072,CECR2,False
11725988_at,0.6015672045254274,MMP14,False
11761393_x_at,0.6014395953729866,CCDC144CP,False
11721354_at,0.6014374775862642,GALNT3,False
11716012_at,0.601411247477187,TNFAIP1,False
11731845_a_at,0.6013959285113085,IGSF3,False
11728829_at,0.6013085250229491,INHBB,False
11737350_x_at,0.6012971744163526,STAG3L2,False
11728248_a_at,0.6011899754712096,TSFM,False
11746780_a_at,0.6011427267020936,RASSF6,False
11754458_a_at,0.6008326587813896,ACRBP,False
11760617_a_at,0.6008043835275655,HDAC5,False
11730536_at,0.6007212402925192,CHST13,False
11759206_at,0.6005698863190032,PON1,False
11736467_a_at,0.6004687364224416,TAGAP,False
11726187_at,0.6004470976040559,SHISA3,False
11724441_x_at,0.6004323055220386,PTGIS,False
11723080_at,0.6004012780445196,C2orf47,False
11731799_at,0.6002284838630741,UCN3,False
11747012_a_at,0.6000828929358986,SPATA22,False
11726466_at,0.5999182263943282,C20orf141,False
11738584_x_at,0.5996943405089719,KRTAP9-3,False
11749183_a_at,0.599469615068585,ALDH4A1,False
11737965_at,0.5994542560431266,MIA2,False
11727390_a_at,0.5991458636444651,STEAP2,False
11764052_s_at,0.5991176011437324,MARCH2,False
11745196_a_at,0.5990028983696539,ADI1,False
11740102_at,0.5988740426912096,DCC,False
11762992_at,0.5986035053116098,ATP6,False
11733741_x_at,0.5985749288833763,SYMPK,False
11722789_a_at,0.598569873790019,RAB5A,False
11736912_a_at,0.5984549425658503,CCDC33,False
11760091_x_at,0.5984135013762287,PPIAP30,False
11762740_at,0.5983176447042448,ABHD6,False
11738747_at,0.5982678158396441,OR52N5,False
11742475_a_at,0.5981677681568205,KRT36,False
11729219_at,0.5981300778074046,NCK1,False
11756609_a_at,0.5980576740723681,CA10,False
11751554_s_at,0.5980396149074817,GSTM1,False
11754656_a_at,0.5979205088463889,MYRFL,False
11740314_x_at,0.5976259206667549,MYH6,False
11718817_a_at,0.597620264133482,MADD,False
11742623_at,0.5975611109942522,OR7A10,False
11755814_a_at,0.5975554298072555,CFAP43,False
11715965_at,0.5973908278051451,ST14,False
11735672_a_at,0.5972490995804572,FAM183BP,False
11721235_at,0.5970753657803225,CHAD,False
11733708_a_at,0.5969671175277581,CADPS,False
11751754_a_at,0.5969006978690219,RTCB,False
11761915_at,0.5966743656615558,FFAR4,False
11762140_a_at,0.5963882046720531,BTNL9,False
11719059_a_at,0.5963600993204292,ATRN,False
11744956_a_at,0.5957822938373519,PBRM1,False
11759079_s_at,0.5955735718475672,PLRG1,False
11755413_a_at,0.5955558969623074,DENND6B,False
11726660_a_at,0.5952903397826718,GPN3,False
11756766_x_at,0.5951826542846855,CD74,False
11744312_a_at,0.595082822342287,OIT3,False
11755534_a_at,0.5950172300548742,ADCY7,False
11727458_at,0.5948439910346682,KIF18A,False
11742473_at,0.5946723730803036,ZNF878,False
11726504_at,0.5945650322699892,ERCC6-PGBD3,False
11715790_a_at,0.5945529683000309,MRPL37,False
11742808_at,0.5943486151728111,METTL14,False
11744979_a_at,0.5939857193419045,RNF123,False
11727912_a_at,0.5937121319832241,ANKRD23,False
11751567_a_at,0.5935751834835826,EGR3,False
11752493_a_at,0.5934319384079808,KCNK3,False
11739340_at,0.5934160540216589,FAM46C,False
11754660_a_at,0.5933990386881032,GOLT1A,False
11744995_s_at,0.5927571363589409,PANK1,False
11755830_a_at,0.5926080101689108,MYO1G,False
11738580_at,0.5925779731794268,OR8D2,False
11760655_x_at,0.5923034317516334,LRP3,False
11754548_a_at,0.5920523158989731,RMDN1,False
11722506_a_at,0.5918766150013007,PLPPR2,False
11727552_at,0.5918370930591628,FZD2,False
11757707_a_at,0.591836611793244,HIGD1B,False
11731299_at,0.5917095371695785,TBX6,False
11728117_a_at,0.5915975616295076,ADAMTSL3,False
11738148_a_at,0.5912332148348098,PREX2,False
11746926_a_at,0.5909781912959419,CCDC110,False
11746474_a_at,0.590937452775687,AHSG,False
11738608_a_at,0.5907501057057586,SYT10,False
11720415_a_at,0.5907487056377452,CAMSAP1,False
11762168_at,0.5904449344685133,DYX1C1,False
11727005_at,0.5904029742173507,ADGRL4,False
11715261_s_at,0.5903982029566917,HNRNPCL2,False
11730233_s_at,0.5902458366893264,CTNND2,False
11756813_a_at,0.5902420661662872,MEPE,False
11742466_a_at,0.5900828364395804,TRIM40,False
11717852_at,0.5893826877055971,NAGLU,False
11733551_at,0.5890162483827671,ZIC5,False
11734177_a_at,0.5886040231871001,SLC2A9,False
11756525_a_at,0.5881158950668448,IDI2-AS1,False
11721007_a_at,0.5881151593503997,MED1,False
11732159_a_at,0.5880909805678886,YIF1A,False
11756887_a_at,0.5880538458031837,TNS2,False
11744019_a_at,0.5880302455565145,CAMSAP3,False
11745347_a_at,0.5878868183983819,TMEM266,False
11732122_at,0.5876003296033917,PMPCB,False
11738331_a_at,0.5875470826590253,B3GALT5,False
11735421_a_at,0.587537434289154,NKD2,False
11716917_a_at,0.5874631883687419,DDAH1,False
11746056_a_at,0.5874039226614407,CCDC163P,False
11735007_a_at,0.5874000897501247,FCHSD1,False
11762519_at,0.5871898256364776,ERVMER61-1,False
11756738_a_at,0.5870159040620718,FANCC,False
11764073_at,0.5868666337358075,CNTNAP5,False
11743222_at,0.5868572136554256,AWAT1,False
11722185_at,0.5868119400011762,SPTSSA,False
11718206_x_at,0.5867610601024108,TOE1,False
11723695_s_at,0.5867517611662203,HSF1,False
11746480_x_at,0.5866139443051891,ADAP1,False
11726208_a_at,0.5866087848784289,C19orf44,False
11759177_at,0.5861198501010142,MAN1A1,False
11723340_at,0.5859625126972796,TTC28,False
11718445_at,0.5855787111691538,SH3BGRL2,False
11726582_at,0.5854421240856988,PLPP7,False
11730927_x_at,0.5853203514204977,FUT2,False
11755783_a_at,0.5852117755206367,IKZF4,False
11717457_a_at,0.5852098253110152,NLGN2,False
11754669_a_at,0.5850968300272809,ARG1,False
11741856_s_at,0.5849127919770976,ZNF658,False
11731342_at,0.5847337814521768,CLDN9,False
11763398_at,0.5845853395262232,LINC01013,False
11748452_a_at,0.5844842536701497,ARHGEF39,False
11744553_a_at,0.5843237170763479,ZFYVE28,False
11729399_at,0.5843207752749858,ZNF597,False
11741698_a_at,0.5838628277191797,LCN12,False
11759588_at,0.5837267242033836,SLC25A35,False
11747191_x_at,0.5833870577497733,SLC52A1,False
11722142_a_at,0.583354505761744,PITPNM1,False
11748915_a_at,0.5831698096370252,GPT,False
11757325_a_at,0.5830789395182769,CIB1,False
11719608_a_at,0.5825116124528492,BCAR3,False
11735513_at,0.5823756449375123,ZCCHC5,False
11735940_s_at,0.5819773671653719,DEFB103A,False
11717184_a_at,0.5814821804540585,GTPBP2,False
11728149_a_at,0.5812632979095624,NPM2,False
11717082_a_at,0.5812013716960182,TSPAN9,False
11762628_x_at,0.5811298354699705,CTCFL,False
11729374_at,0.5810258589835103,KRT34,False
11753943_x_at,0.5809034204427338,MICAL2,False
11729679_a_at,0.5805613854694912,PCDHB14,False
11752256_a_at,0.5805042703891007,RBM15B,False
11730125_x_at,0.580497080100649,ADAMTSL2,False
11736577_a_at,0.5804914046447557,IRAK1BP1,False
11716785_at,0.5803333714037873,TRAK2,False
11740074_s_at,0.57996329254879,SCN8A,False
11735776_x_at,0.5799554954336427,HIST1H4K,False
11718733_a_at,0.5798759388140929,MAPT,False
11723635_s_at,0.5796830832916431,MMP3,False
11728384_x_at,0.5794683304673681,SNAPC4,False
11749581_a_at,0.5792509094145043,CHST10,False
11744756_at,0.5788783179413384,LINC01561,False
11741598_x_at,0.5786763039163582,SMR3A,False
11719543_a_at,0.5785400936396597,C3orf18,False
11723131_a_at,0.578523283552871,WDR70,False
11756444_a_at,0.5783653735299337,SFMBT1,False
11742559_at,0.5779448123054457,OR2T27,False
11718420_a_at,0.5779260483414214,CLPTM1L,False
11731707_at,0.5777800182576409,VRTN,False
11746350_a_at,0.5776449417181723,PIM1,False
11754838_a_at,0.5776301452492917,DSC3,False
11720982_s_at,0.577344631897607,PTK2B,False
11735251_at,0.5771380367612442,HECW1,False
11733567_a_at,0.5771186462478233,L3MBTL1,False
11738306_x_at,0.5770180419255548,FOXD4L3,False
11731214_a_at,0.5769504186020965,GNB1L,False
11744633_a_at,0.576844586168931,BRAT1,False
11725896_x_at,0.576785910110515,RIN1,False
11746632_a_at,0.576742974034362,MAP3K11,False
11732438_a_at,0.5766758888308231,FBN3,False
11738165_a_at,0.576510211015942,CNTD2,False
11740832_at,0.576438165434763,PLEKHG7,False
11754107_a_at,0.5764105566531501,EIF1B,False
11731138_a_at,0.5763326018612593,MYPN,False
11745343_a_at,0.5763136601695567,FAM53B,False
11741903_at,0.5762179582495202,LOC286238,False
11756999_a_at,0.5761074337430673,CYB561D2,False
11729440_at,0.5758725358098677,TMEM31,False
11756820_a_at,0.5758591401843315,IFIT1,False
11737361_a_at,0.5756500965572201,CDRT1,False
11760958_at,0.5754225122578116,C10orf128,False
11729997_a_at,0.5752320894565135,CYP21A1P,False
11730990_at,0.5749115252970347,KIAA1919,False
11763888_at,0.574868626088065,SNORA33,False
11755173_a_at,0.5747889362821875,THG1L,False
11728490_a_at,0.5744264982351028,NAA38,False
11762752_at,0.5743818185168765,LETM2,False
200082_PM_s_at,0.5741495365113903,RPS7,False
11738792_at,0.5741144090158994,DEFB135,False
11750537_a_at,0.5740896241970994,SHBG,False
11722056_at,0.5736938901152703,ZC3H7B,False
11730146_at,0.5736668336219212,KLHL31,False
11718787_at,0.5731037043848619,NRGN,False
11720404_at,0.5730541719391381,EFNB2,False
11726008_x_at,0.5723414608260381,DPY19L2,False
11757049_a_at,0.5723222355076506,CTDP1,False
11757441_s_at,0.5722638345511549,SRRD,False
11727538_at,0.5721022076045642,NME5,False
11735089_a_at,0.572053955247815,MAP3K12,False
11743260_a_at,0.5716722496017951,MLX,False
11758305_s_at,0.5716577701244379,OXCT2,False
11722120_a_at,0.5715065035436103,KNTC1,False
11724190_s_at,0.5714422171750073,ATP5B,False
11715137_s_at,0.5709074475207431,SSX2B,False
11760660_at,0.5708477569069712,HIST2H2BC,False
11763235_at,0.5706378110249214,HSP90AB4P,False
11721212_a_at,0.5706213994523701,THBS4,False
11728973_at,0.5706063904350559,HES5,False
11746429_a_at,0.5705052049703411,MDM1,False
11752711_a_at,0.5704577578203797,TNR,False
11715606_a_at,0.5703288311612017,TSC22D1,False
11716245_at,0.5702420418284928,WASF2,False
11756226_a_at,0.5700946775650158,GRIPAP1,False
11739395_a_at,0.5699001690657031,MFHAS1,False
11747846_s_at,0.5698581530582348,KHDRBS2,False
11719401_a_at,0.568918392679008,C1orf122,False
11738227_at,0.5688748339251846,HRNR,False
11733423_x_at,0.5688668636023724,CCBE1,False
11736625_s_at,0.5688422807355007,BAAT,False
11740405_at,0.568489348334443,LHX4,False
11738384_at,0.5683778806967285,CLRN2,False
11725861_a_at,0.5683132197763042,MYBL1,False
11725689_a_at,0.5681967461210327,RHPN2,False
11724698_at,0.5681401770892248,PHF24,False
11743171_a_at,0.5680251084464132,RCSD1,False
11744701_a_at,0.5678698483775011,DRD3,False
11752366_a_at,0.5677223406563442,RABEP2,False
11750488_a_at,0.5674772477699576,GRAP2,False
11723767_at,0.5673850997534634,GFER,False
11755817_s_at,0.567193926803624,GPI,False
11747560_a_at,0.5669856818588415,RPS6KB2,False
11758151_s_at,0.5668603118466665,RNASEH2A,False
11737688_at,0.5668400713298031,TMEM145,False
11736302_at,0.5667776471219013,FN3K,False
11731971_at,0.5666796617248158,XKR4,False
11759008_at,0.5666192870677764,TBX4,False
11729492_a_at,0.5664675256792215,PPFIA4,False
11737304_at,0.5663768001517692,BRS3,False
11734188_x_at,0.5663407138182943,GP6,False
11731234_at,0.5663296392108638,DEFB129,False
11718062_a_at,0.5661074621639492,NME3,False
11746630_x_at,0.5657813761490889,INPP5J,False
11754067_a_at,0.5657686555666145,TXNDC9,False
11736552_a_at,0.5657638093403792,KLHL36,False
11745434_a_at,0.5656073011910148,NRG3,False
11748302_x_at,0.5655994326490528,GUSBP9,False
11741792_at,0.5655560367940962,PARD6G-AS1,False
11747705_x_at,0.5653859889919155,TBC1D3P2,False
11750249_a_at,0.5650372389930707,FAM221B,False
11739820_at,0.5647639901436905,ZNF714,False
11737865_a_at,0.5646532625722709,IGSF11,False
11717553_at,0.5643614102270551,DERL2,False
11727985_at,0.5638868233641985,TENM3,False
11735456_s_at,0.5638277123257981,OPN1LW,False
11755903_x_at,0.5636194404040674,N4BP2L1,False
11728190_s_at,0.5635691220525774,CXCR4,False
11751836_a_at,0.5634141408030074,GPX6,False
11732782_at,0.563301441296428,DSCR4,False
11725526_at,0.5629195215091058,C19orf73,False
11717260_at,0.5627246707141415,CCDC142,False
11757682_a_at,0.5625730221691146,CYB5R2,False
11757175_at,0.5625707592288741,SNORA35,False
11742469_at,0.562352177094542,MAGEB16,False
11733586_a_at,0.5622277641633158,NPFF,False
11720716_a_at,0.5620580998236956,FGF13,False
11724277_a_at,0.5620189595543731,SLC35C1,False
11715726_a_at,0.5619694879112127,OAZ2,False
11721621_a_at,0.5619519850050007,KATNAL1,False
11759436_at,0.5619336218924209,BCL2L10,False
11735820_a_at,0.5618129989762876,RIPPLY1,False
11752093_a_at,0.561732906825049,MORC1,False
11757859_x_at,0.5615777480468965,DLK1,False
11731316_at,0.5610356083372561,CPNE9,False
11731467_a_at,0.5608903828658082,CYP2E1,False
11742259_a_at,0.5607708036859504,ENTPD2,False
11733473_at,0.5607670311676731,ANKRD24,False
11738588_a_at,0.5607614742416587,KCNK16,False
11745353_a_at,0.5607445591501166,C2orf54,False
11757114_at,0.5606258557204258,SNORA12,False
11730444_s_at,0.5605144283369957,CCNJ,False
11745232_s_at,0.5600898658337806,N6AMT1,False
11730407_a_at,0.5599508865678356,PSMA8,False
11715178_s_at,0.559882556546288,OR2A14,False
11757014_a_at,0.5596242860927879,ARL15,False
11721250_s_at,0.5594446269922467,LOC150776,False
11742345_at,0.5593127376828616,OR2T11,False
11737842_x_at,0.559041941078132,SNX29P1,False
11717992_a_at,0.5590030459658092,DNAJC7,False
11736966_at,0.5589432898780763,FBXO40,False
11721742_at,0.5587579488505429,COL5A3,False
11747604_a_at,0.5587089156017979,WDR97,False
11737398_a_at,0.5585232612765395,TSPO2,False
11721873_at,0.55810985633838,IFIT2,False
11733257_x_at,0.5579932554762344,CFAP36,False
11732922_at,0.5579035216748911,GJA3,False
11728185_at,0.5575363001514716,ZSWIM5,False
11732688_x_at,0.557471449516974,UBXN2A,False
11754152_a_at,0.5572056352658417,MCF2,False
11736667_a_at,0.5569884670167988,PTER,False
11740109_a_at,0.5569300733658772,HEATR3,False
11750304_a_at,0.5567356100151113,EOMES,False
11727435_a_at,0.5566734204279133,AIPL1,False
11760701_x_at,0.556643793840997,LSAMP,False
11724209_a_at,0.5564332554799928,KIFC1,False
11718034_a_at,0.5563297259836805,APOA2,False
11718716_s_at,0.5562133924742643,PKD1,False
11760120_s_at,0.5560854036412439,LOC100507577,False
11737198_at,0.5560104553053398,TMPRSS15,False
11762217_at,0.555950435307015,LOC100132686,False
11722958_a_at,0.5558937495850816,ABLIM2,False
11752286_a_at,0.5555175794652859,DPP6,False
11719581_a_at,0.5554298729064757,BPGM,False
11738169_x_at,0.5551624214753179,ANKRD30B,False
11742245_a_at,0.5549605800439591,HTRA2,False
11733408_a_at,0.5548435827593077,PXDNL,False
11756794_a_at,0.5547312737310044,ASZ1,False
11736983_at,0.5546739396492762,NMBR,False
11729944_at,0.5544066661928808,B4GALNT4,False
11725278_at,0.5543681983717991,IHH,False
11762139_at,0.553806614583596,ADAM7,False
11746749_a_at,0.5537891362648206,ZBBX,False
11729568_at,0.5536393771293454,LINC00922,False
11715151_x_at,0.5533269060925672,PRB3,False
11745003_a_at,0.5532589721901888,POLR2K,False
11734000_a_at,0.5532216104617569,THRB,False
11728225_at,0.5530362284953826,UBE2J1,False
11726680_s_at,0.5526890886463028,HNRNPK,False
11736617_at,0.5526646149712711,AVPR1A,False
11735507_at,0.5525886743774201,C14orf39,False
11725721_a_at,0.5524972333589893,MRM1,False
11759844_x_at,0.5524969685673657,ZNF778,False
11731710_x_at,0.552389532861738,ZNF160,False
11756588_a_at,0.552282216566238,ST6GALNAC1,False
11740146_a_at,0.552015799365141,TRMT10A,False
11731632_s_at,0.5519359460907951,MAP1LC3B,False
11744079_s_at,0.551623098542335,PRSS2,False
11728741_at,0.55154492937649,COQ3,False
11739107_a_at,0.5509159351818124,SEC61A1,False
11744424_a_at,0.5504483225622974,KRT23,False
11737364_a_at,0.5502694565117024,BZRAP1,False
11723883_at,0.5502469884441523,SOWAHC,False
11742752_a_at,0.5502026064294702,ETS2,False
11738028_a_at,0.5501101738027526,LAMA1,False
11737665_at,0.5499731017451288,IRS4,False
11717020_a_at,0.5496707446265018,TMEM222,False
11718386_at,0.5496514939982218,ZHX2,False
11759391_at,0.5494307527082655,KRTAP6-1,False
11727206_a_at,0.5492806084876548,ZMAT4,False
11724822_a_at,0.5492210527135218,CWF19L2,False
11749996_a_at,0.5489890425221355,VSNL1,False
11749385_a_at,0.5488690243865066,SPRYD3,False
11722278_a_at,0.5487017900526889,SMUG1,False
11738640_a_at,0.5486731719678378,EFCAB12,False
11729843_s_at,0.5485733258963057,VNN1,False
11750814_a_at,0.5481919042636022,BEND2,False
11720685_at,0.547672961909394,CDR2L,False
11760577_at,0.5476619482911574,ZNF610,False
11723413_at,0.5474051324739914,CYP17A1,False
11744558_a_at,0.547390398309707,VASH1,False
11751236_a_at,0.5470686906871735,TBC1D14,False
11744538_a_at,0.5470354923615336,CALHM2,False
11759133_at,0.546805604466845,RAB40A,False
11725784_a_at,0.5466891533335942,ERI2,False
11719699_a_at,0.546434810920981,CDC45,False
11717988_s_at,0.5461079396982864,C17orf49,False
11716642_s_at,0.5460822518559642,DTYMK,False
11737667_x_at,0.5459641063772255,KCNH6,False
11736697_x_at,0.5456312641505907,ERN2,False
11760311_a_at,0.5454658096118064,SCLY,False
11742293_at,0.5452672179573705,OR6C68,False
11759824_a_at,0.5452226141809964,LILRA1,False
11752645_a_at,0.5450369639805779,P4HB,False
11742662_at,0.5448731818008993,S100A7L2,False
11756626_s_at,0.5447329296250981,ZWINT,False
11763615_a_at,0.5446420987364792,HNF4A,False
11722366_a_at,0.5444811831013618,HIRIP3,False
11733610_a_at,0.5443189421358479,C9orf173,False
11760421_at,0.5443143758476542,HSF4,False
11755957_s_at,0.54420957984784,GNRHR2,False
11761900_at,0.5440872717865202,LOC554174,False
11759950_a_at,0.5439432600273355,LCNL1,False
11759520_s_at,0.5439245830723551,SPCS1,False
11715745_a_at,0.5438841396327627,KIAA1191,False
11732714_a_at,0.5438709849204141,CMA1,False
11725126_a_at,0.5430065793388986,TMEM147,False
11744670_at,0.5428636757828722,LINC00852,False
11736159_a_at,0.5427755452915873,MPPE1,False
11763420_at,0.5427194047126542,LINC01102,False
11732010_at,0.5426787761610615,TNFAIP8L3,False
11755562_a_at,0.5425862117930702,GPR39,False
11735726_a_at,0.5424860915208986,SERPINB13,False
11755568_a_at,0.5417004152890813,SLC47A2,False
11720782_a_at,0.5416707018938304,CDK2,False
11717769_at,0.5416631814935557,CTR9,False
11727607_a_at,0.541477933818903,OGG1,False
11738039_a_at,0.5410715516244273,PCDHAC2,False
11747571_s_at,0.540973930888956,LINC01061,False
11743279_x_at,0.5408498027580537,WNK1,False
11728164_a_at,0.540708202483997,EPPIN,False
11760462_s_at,0.5406364165710649,LOC105372733,False
11752263_a_at,0.5406348973440898,FHAD1,False
11743842_a_at,0.540265923220906,PLB1,False
11754269_a_at,0.5400004654647602,SOCS1,False
11725206_a_at,0.5398966953865798,OTOR,False
11736803_at,0.539878281871152,FGF9,False
11715757_a_at,0.539860595265157,RGS2,False
11748062_s_at,0.5398271440272416,CCR5,False
11728770_at,0.5396776807979693,CFHR2,False
11735925_x_at,0.5396615787236033,KRTAP12-1,False
11718656_at,0.5396256312051526,SLC16A1,False
11759101_at,0.5395182005853859,UBXN10,False
11731526_s_at,0.5393881666149173,TRIP13,False
11761535_x_at,0.5393123477164048,HERC2P9,False
11724908_a_at,0.5392923337257666,DYNC1I1,False
11722998_a_at,0.539013440835955,ALDH6A1,False
11717099_at,0.5389407011504408,HIST1H2BK,False
11720093_at,0.5389100455038338,CPSF1,False
11753668_x_at,0.5380446422067802,CRIP3,False
11745644_at,0.5380177623831561,C8orf49,False
11761557_at,0.5379897383285773,DDX47,False
11721120_a_at,0.5378454636518714,NUDT5,False
11754435_a_at,0.5375680365879041,WRAP73,False
11717052_at,0.5374932279401324,SSR1,False
11748617_a_at,0.5371113059579067,SLC30A9,False
11733307_at,0.5367557251457352,TFAP2B,False
11739799_a_at,0.5365766086971226,LY6K,False
11719426_at,0.5363468944065762,CHST14,False
11756262_a_at,0.5362306109793257,NUBP1,False
11715223_s_at,0.5361465764168298,RNASE8,False
11753073_a_at,0.536033278620999,TNFSF4,False
11727491_at,0.5359568162848898,ZNF350,False
11751552_at,0.5349095099843283,RNF223,False
11757473_x_at,0.5348918914726398,NSUN5,False
11763875_at,0.5347500825756701,LOC100506797,False
11737401_at,0.5341424528384958,H2BFWT,False
11752419_a_at,0.5340032205317892,HIVEP1,False
11751361_a_at,0.5337960054903973,CASQ2,False
11751338_x_at,0.5337711776055586,DHCR24,False
11753148_x_at,0.5336301976621062,MADCAM1,False
11741905_at,0.5335338934151364,DEFB105A,False
11743321_at,0.5334141212371781,CTSO,False
11753412_a_at,0.5334016129095622,C5orf60,False
11740756_at,0.5333531464165578,SIM2,False
11716868_at,0.5332914355322453,UTP18,False
11715751_a_at,0.533088110643721,DPYSL3,False
11738295_at,0.5330186135110601,ZNF804B,False
11759231_at,0.5330058588727947,KCNQ4,False
11728171_a_at,0.5328502846763087,PRDM10,False
11727581_at,0.5327862927607884,CRYGC,False
11717168_a_at,0.5327850139916886,PER1,False
11715179_s_at,0.5325477954736412,KRTAP19-1,False
11734942_a_at,0.5324210865998532,FAM212B,False
11735909_at,0.5322215386945821,OR10H2,False
11731162_a_at,0.5322178853086028,VIPR2,False
11731745_a_at,0.5320589958134212,ARHGEF16,False
11760996_at,0.5317793402459959,TRAPPC4,False
11716855_a_at,0.5317248520224994,COPG1,False
11737873_at,0.5312251527038312,ACER1,False
11725810_at,0.5311952614309366,GUCA1B,False
11761170_at,0.5308270800624691,ACAN,False
11724306_at,0.5307574012123207,EAF1,False
11727606_at,0.5305355398376717,TMEM92,False
11752697_a_at,0.5301983725185472,PCED1A,False
11741782_s_at,0.530111259716438,TSPY1,False
11746217_a_at,0.5300905653958179,HPS3,False
11731793_a_at,0.5299838868628309,DOK7,False
11728254_a_at,0.5299379178787705,NMNAT2,False
11725475_at,0.5298154479384067,ZNF354A,False
11750317_a_at,0.5297568994299401,KCNS1,False
11731126_at,0.5297137486713881,GXYLT2,False
11748871_a_at,0.5296747617977673,ACSM5,False
11722961_s_at,0.5294822291678082,VCY,False
11728035_at,0.52945948025193,RS1,False
11715255_s_at,0.5294553039598675,TAS2R30,False
11761159_at,0.528904419849425,LOC100505620,False
11721986_s_at,0.5288014268599974,PRICKLE2,False
11742505_at,0.5286832742594217,CEACAM18,False
11716282_s_at,0.5286315682335724,FURIN,False
11744121_a_at,0.5284530162741498,LGALS4,False
11727357_at,0.5283344648705475,SLC6A3,False
11757394_a_at,0.5280106396876143,LOC102724159,False
11723897_a_at,0.527980499325498,TESK2,False
11719210_a_at,0.52796861845738,VPS18,False
11728090_at,0.5278842058008626,SHISA7,False
11735651_at,0.5277490337166277,TOPAZ1,False
11736766_at,0.5275455973173996,C14orf28,False
11715656_at,0.5275393331608379,COX5A,False
11734189_a_at,0.5272941244379427,TSNARE1,False
11722860_a_at,0.5272228728285517,TRIM2,False
11741742_at,0.5269913525098122,LEUTX,False
11731369_x_at,0.5266507649461516,ZNF442,False
11731857_x_at,0.5265705354845795,MT1H,False
11723488_at,0.526504421080176,GNAZ,False
11754699_a_at,0.5263514016104249,NPHP4,False
11729847_a_at,0.5263376751159677,CCL7,False
11719032_a_at,0.5261325834496933,FADS3,False
11750673_a_at,0.5260606448626138,LZTR1,False
11728013_s_at,0.525862000501796,RIMKLB,False
11755853_a_at,0.5258041184728859,IL22RA1,False
11731789_a_at,0.5252956179998864,FGF11,False
11737274_a_at,0.5251168243117669,CFAP44,False
11756966_a_at,0.5248469478426422,ERICH6,False
11742076_a_at,0.5247070902228365,PROX2,False
11729695_a_at,0.5246781354604189,MVD,False
11731385_at,0.5244709382852185,GJC2,False
11761975_x_at,0.5243348650491296,LINC00114,False
11747197_x_at,0.5241224294132649,CR1L,False
11719842_x_at,0.5238570454619047,PHLDA3,False
11725494_at,0.5238275106280186,RSPH9,False
11746083_a_at,0.5233670302448272,SEC24D,False
11731225_a_at,0.5233360746866504,ELFN2,False
11753937_at,0.5232895799727469,LINC00473,False
11742129_x_at,0.5231762407224316,CD82,False
11719123_a_at,0.5230717168410803,TIMELESS,False
11736414_a_at,0.5230143168896064,MFI2,False
11753074_a_at,0.5228278456327161,PON3,False
11726776_a_at,0.5227371075373123,WNT10B,False
11728601_at,0.5226122687110853,COX8C,False
11722237_at,0.5226025958231059,BLOC1S4,False
11737216_a_at,0.5222747856238443,SIGLECL1,False
11724305_a_at,0.5221189032711643,TEF,False
11727863_at,0.5218154301526952,LIX1,False
11740751_a_at,0.5215872641137629,ZNF688,False
11731952_s_at,0.5214711544465231,ODF3L2,False
11719516_a_at,0.5212973323840165,SLC9A6,False
11754449_a_at,0.520561802498446,ZNF584,False
11723496_a_at,0.5205121798153154,YBEY,False
11736884_a_at,0.5203934235219102,STXBP5,False
11738863_a_at,0.5203191659382866,PTPN2,False
11727879_s_at,0.5203150185527067,CHAF1A,False
11741892_at,0.5201299051778745,FOXI3,False
11751824_at,0.5200589524145045,SNRPD2P2,False
11742603_at,0.5194590214701749,OR10K2,False
11738917_x_at,0.5192997680739762,TAS2R31,False
11728952_a_at,0.5192957810263271,SLC38A10,False
11722881_at,0.519216324391262,KIAA1468,False
11733324_x_at,0.5191269833830863,DOPEY2,False
11750274_a_at,0.5189525798860515,TTC6,False
11764003_s_at,0.5188059473505003,ARMC9,False
11738948_at,0.51878457561456,C11orf40,False
11731130_at,0.5187076129162177,SPANXC,False
11738562_a_at,0.5185902940214012,GFRA4,False
11724511_a_at,0.5184375086390216,AMBP,False
11738599_at,0.5183289427961116,KRTAP15-1,False
11719434_a_at,0.5182314879277731,ETV4,False
11756896_a_at,0.5181328261020421,COL6A6,False
11738189_x_at,0.5180789382991476,TP73,False
11762927_at,0.5180562527519205,HSP90AA5P,False
11748245_a_at,0.5180101945879808,APPL2,False
11748595_a_at,0.5179926581948872,GABRR2,False
11736979_at,0.5179580173054006,FSIP1,False
11715152_at,0.5177836083061221,PCDHGB1,False
11761015_at,0.5177311201441931,NDUFB9,False
11757807_x_at,0.5176708427902773,ACTG1,False
11738966_at,0.517428509708996,KRTAP25-1,False
11733409_a_at,0.517196546104843,MPND,False
11733667_s_at,0.517172046906978,PCBP3,False
11719099_at,0.5171227000028882,ISOC1,False
11731782_s_at,0.5170125599123568,CT45A1,False
11735673_a_at,0.517006697853641,ARL13A,False
11744838_a_at,0.516957059420091,DUSP28,False
11736464_at,0.5168999441534772,ZNF773,False
11744822_a_at,0.5168659639513624,NDUFB2,False
11716334_a_at,0.5167320328297033,RBX1,False
11726224_s_at,0.5166097802927329,HNRNPL,False
11749945_a_at,0.5158567639671036,CCDC162P,False
11721432_a_at,0.515604820423554,MAP1S,False
11726564_a_at,0.5155361254918249,COL17A1,False
11719730_at,0.5154625184312407,INA,False
11724094_a_at,0.5154041137590818,COL4A5,False
11741684_x_at,0.5153281681723452,RABL6,False
11757851_s_at,0.515104478187958,ABL1,False
11723188_s_at,0.5150322372729161,ADAM19,False
11747440_a_at,0.5142065491001921,YKT6,False
11731779_a_at,0.5141678740490773,C11orf70,False
11717430_s_at,0.5141029606197247,COX7A1,False
11728928_a_at,0.5136126940822531,CPNE7,False
11739793_a_at,0.5134493505658578,LRIF1,False
11755367_s_at,0.5133302648823552,DNAAF3,False
11757763_s_at,0.5133000813343915,IGF2BP2,False
11761375_a_at,0.5132770739900505,TRMU,False
11729146_a_at,0.5126542508307067,HNRNPD,False
11729509_at,0.5126419556349991,FLRT1,False
11731077_a_at,0.5125465021116821,LONRF1,False
11718291_a_at,0.5125359004780078,HK1,False
11740349_at,0.5123419993294469,RNASE7,False
11719579_a_at,0.5121651264655812,TACO1,False
11723289_s_at,0.5121228235946074,CRISPLD1,False
11755020_a_at,0.5121098400225341,SLC46A3,False
11744110_at,0.5120271553143839,TMEM101,False
11728230_s_at,0.5119729525006503,RNF2,False
11735955_a_at,0.5118009729216194,GALP,False
11738587_at,0.5114918236915443,OR10A4,False
11731307_a_at,0.5114724966208388,AMHR2,False
11763076_at,0.5113365108818486,DEFT1P,False
11753994_a_at,0.511278297779905,IQCB1,False
11734438_a_at,0.5111649044132293,STKLD1,False
11742608_x_at,0.5110687907605997,OR10G9,False
11754085_a_at,0.5110304163641418,PMVK,False
11749512_a_at,0.5108188435158156,STAT4,False
11726478_at,0.5102874256337956,HS6ST3,False
11723372_a_at,0.5101347640736853,DOCK11,False
11742369_s_at,0.510079962236467,OR51A2,False
11716340_a_at,0.5099364851184393,NDUFS4,False
11733834_a_at,0.5094951878025478,ANKMY2,False
11721733_a_at,0.5092468624539627,GCH1,False
11755599_x_at,0.5092369830863189,POU5F1,False
11722888_s_at,0.5092007416139858,EMB,False
11727733_a_at,0.5091726546720624,CCDC40,False
11730561_at,0.5088026312017746,FAM110D,False
11744202_at,0.5087231128877119,C19orf70,False
11753862_at,0.5086612978900931,KRTAP20-4,False
11734027_x_at,0.508623929630399,ZNF440,False
11746086_x_at,0.5083055397510241,LOC728752,False
11738378_x_at,0.5082295536137796,IFNA2,False
11735974_at,0.5082091742621947,NEU2,False
11740185_at,0.5078921027976836,KCNJ4,False
11735863_a_at,0.5078809281058786,GHRHR,False
11763405_at,0.5078470123048284,LINC00466,False
11761537_at,0.5077466458391058,TM2D3,False
11747618_a_at,0.5077262244492752,ADCK3,False
11725429_at,0.5076936302296339,LAMP3,False
11742577_at,0.5075618509992547,OR6C6,False
11732549_at,0.5073151825433506,FBXL14,False
11744272_a_at,0.5072896911427397,NCAPD2,False
11737186_x_at,0.5071280825898338,DUOX1,False
11718267_a_at,0.5071037901588548,ANGPTL2,False
11740317_at,0.5070656601322051,MIP,False
11738369_a_at,0.5070165258867708,C9orf153,False
11763028_at,0.5070009589528968,PPP1R2P1,False
11746777_a_at,0.506879198850499,ELN,False
11729743_a_at,0.5068333042996782,GRM8,False
11730153_at,0.5067648970724188,CCDC114,False
11743758_a_at,0.5065296794408312,ACO1,False
11761896_x_at,0.5064227916254599,POU5F1P3,False
11719380_a_at,0.5063508599094576,THOC7,False
11738492_x_at,0.5061646467376055,KRTAP5-10,False
11749469_a_at,0.5055639430866146,PPP4R3A,False
11742323_at,0.5053323224501662,OR51F2,False
11738795_at,0.5053091130147872,KRTAP4-3,False
11758487_s_at,0.5052425705751734,MPZ,False
11749295_a_at,0.5048462714301537,GPR161,False
11733595_x_at,0.5047385866213067,PLEKHG6,False
11748932_a_at,0.5046004000472745,CCDC150,False
11742572_at,0.5045608472079393,OR5D14,False
11760358_at,0.5044064348691703,SRGAP3-AS3,False
11729413_a_at,0.5041605357822169,LRRC8A,False
11718455_a_at,0.5041519369195655,INPP5K,False
11722051_at,0.503766509423974,PRPH,False
11738962_x_at,0.5036165295121029,HIST1H2BB,False
11722364_at,0.5036044616027344,COX6A2,False
11716830_a_at,0.503566453885871,ATG9A,False
11753279_a_at,0.5033841157668872,SPAG5,False
11715652_a_at,0.5030362768057147,PCOLCE,False
11718877_a_at,0.5029607875678793,SMC1A,False
11752511_a_at,0.5025125263578947,HTR1E,False
200087_PM_s_at,0.5020555700854539,TMED2,False
11730451_at,0.5019153430994595,SDHAF4,False
11735890_x_at,0.5016850759849902,TRIM14,False
11760114_s_at,0.5016712193305558,HERC2P2,False
11751124_a_at,0.5015437504803163,KLHL10,False
11727276_at,0.5014289308664867,ZNF77,False
11731015_at,0.5013534018943767,C2CD4A,False
11715154_s_at,0.5008151260447713,ZNF675,False
11758000_s_at,0.5007217758040516,CXADR,False
11745374_a_at,0.5006454189067049,PCDH19,False
11733766_at,0.500634406419487,CSN2,False
11731319_at,0.5003797998202388,WBSCR27,False
11755113_a_at,0.5003537645187289,UPF2,False
11756732_a_at,0.5002517416437302,TSPAN12,False
11739976_a_at,0.49984848790857794,ITGA11,False
11729897_at,0.49972350854530617,C11orf87,False
11729937_at,0.49959405924433564,NGF,False
11740136_a_at,0.4993942948470614,T,False
11762566_at,0.4992483794717765,BTC,False
11735598_a_at,0.4990834536403808,MROH5,False
11729511_at,0.4990730416572356,HOXB8,False
11721324_a_at,0.4989870569452052,TBC1D10B,False
11725695_s_at,0.4989527500117487,SDPR,False
11723037_at,0.4988440609731099,STX8,False
11763035_at,0.498812365164017,TNAP,False
11715966_s_at,0.4986457729495043,ABHD17A,False
11729744_a_at,0.4984592090296074,SLC39A5,False
11726084_a_at,0.4984193666958166,FAM69B,False
11735407_at,0.49834026207959325,LMTK3,False
11724577_a_at,0.4982598068398592,CCK,False
11723042_at,0.4981589366280336,UBE2D1,False
11717334_at,0.49800802871295463,HMGXB3,False
11738890_a_at,0.49794464906801855,BPIFB6,False
11725900_s_at,0.4977790767883758,LRRC8D,False
11756127_a_at,0.49738077673828657,PGM1,False
11728854_at,0.49729349802230877,CCDC173,False
11754558_a_at,0.4972834156906426,FAM71E1,False
11717018_a_at,0.49721854552533107,ATP1A1,False
11755386_a_at,0.4971470183390423,HDC,False
11724400_a_at,0.4970295554995572,ENKD1,False
11748982_a_at,0.496908023189325,CYP2S1,False
11754315_x_at,0.4968484296468951,TMSB4X,False
11722974_a_at,0.4966039695760853,WDR90,False
11715432_a_at,0.4965466223841969,TMBIM1,False
11727743_at,0.4965276498727001,CAMK2N2,False
11743132_at,0.4964064109689501,SLN,False
11723940_at,0.49635757607680303,GKN1,False
11717987_a_at,0.49631105416150834,MRPL40,False
11753638_s_at,0.49626019432609714,VCX2,False
11763508_s_at,0.4962264482473224,CINP,False
11735758_a_at,0.49603819994453213,SH3D19,False
11754250_s_at,0.49581404505234095,WHAMMP3,False
11761090_a_at,0.495518693415249,HEXDC,False
11734682_a_at,0.4954119364557924,PSMA7,False
11752091_a_at,0.49536143886557005,THADA,False
11728092_at,0.4951610472218758,RASIP1,False
11716632_at,0.4947625961675237,FXR2,False
11716587_at,0.4945916348609866,AXL,False
11754958_s_at,0.49449703590424704,ATP6AP1,False
11755549_a_at,0.4943708746969452,SEMA6D,False
11762896_a_at,0.494046337097518,LAS1L,False
11738557_at,0.49402105052560596,BARHL2,False
11718181_s_at,0.4939993213244544,FERMT2,False
11761330_x_at,0.4938850833033685,NME9,False
11737232_at,0.49384605644872204,ZNF696,False
11735496_at,0.49374147478052977,SMCO2,False
11737915_at,0.49373682553489495,ZFAT,False
11728860_at,0.4933220278783831,RPL10L,False
11745206_x_at,0.49327261185854737,RAD23B,False
11721012_at,0.4927510039313943,SMOC1,False
11729974_at,0.4926577019765873,FAM187B,False
11735522_at,0.49262601902103464,C9orf106,False
11760210_s_at,0.49250891355223797,RGP1,False
11718845_a_at,0.4924748345062358,BCL2L2-PABPN1,False
11719687_at,0.49235870285456407,SETDB1,False
11736840_at,0.4921935805026612,FAM198A,False
11731141_at,0.4920774615856829,NDST3,False
11717825_a_at,0.4920253656377559,STMN2,False
11727331_at,0.49194337339680194,SPAG4,False
11715159_at,0.4917920732365332,SFT2D1,False
11761818_a_at,0.491691471545851,TMEM26,False
11731731_a_at,0.4916874423391482,CD1B,False
11741957_x_at,0.4915412750248816,LRRIQ1,False
11725262_a_at,0.491525976702626,WDR60,False
11754572_a_at,0.49151323803091773,THNSL2,False
11737030_at,0.49129971822275215,SLC9A7,False
11716354_a_at,0.4912213878528519,NDUFA11,False
11751642_a_at,0.49075865513033406,LOC100132215,False
11738770_at,0.490667082998757,OR2K2,False
11749266_a_at,0.4905320525179491,PRRT2,False
11756503_a_at,0.49050359438459423,LARP4B,False
11744195_at,0.49033222743976346,FAT3,False
11739391_a_at,0.49028220559415614,ATE1,False
11743371_x_at,0.4902214155425738,DNM1L,False
11726817_x_at,0.49010009847983,GPRIN1,False
11737872_a_at,0.48994845041761287,ZCCHC9,False
11759225_x_at,0.48991794217655094,EDF1,False
11742562_at,0.48989082151740565,OR10H4,False
11732487_a_at,0.4898330610947756,TRIM50,False
11738504_s_at,0.4897871164084356,OR4F16,False
11725492_at,0.4895579263002047,RAB20,False
11756173_a_at,0.4893661999736694,INTS9,False
11761180_at,0.4893308028372723,TMED9,False
11738029_a_at,0.48891195671261617,SERINC4,False
11722292_a_at,0.4888421915067487,NYNRIN,False
11720618_s_at,0.488567466395531,TRIM9,False
11725940_at,0.48852101366059847,DIRAS2,False
11728563_at,0.4884988340655298,FOXD1,False
11740543_at,0.488469635568752,ADAMTSL5,False
11752250_a_at,0.4881559504657266,RSPO1,False
11761462_a_at,0.4878863930970946,FABP7,False
11750535_s_at,0.48784561495047574,OBP2A,False
11745646_a_at,0.4877942514684065,EGR4,False
11735012_a_at,0.48748840265473986,DYNLL2,False
11732704_a_at,0.4873477855129201,FGFRL1,False
11737659_x_at,0.48724556077210535,ZNF676,False
11737851_a_at,0.48720382526403083,PPP1R18,False
11763427_at,0.4871134399158905,ANKRD36BP2,False
11719659_x_at,0.4870134259739126,ATP1A2,False
11740222_at,0.48679547085294983,FAM196B,False
11755140_a_at,0.4867851997924252,CUL9,False
11721325_a_at,0.4867834968871176,GCAT,False
11734424_at,0.48658427636860185,GPR26,False
11754686_a_at,0.48655570149673694,LRRC56,False
11716576_a_at,0.48650451434974606,CCDC6,False
11740168_at,0.48648262131634284,HUNK,False
11732971_at,0.48640550397207083,SERPINB10,False
11726311_at,0.48604674880108295,GLRB,False
11742626_at,0.485818845285737,OR14A16,False
11744118_a_at,0.48551646170638135,MRPL10,False
11740084_x_at,0.48543518886310727,LGALS9B,False
11758153_x_at,0.4853125548236464,FAM83H,False
11730478_at,0.4843843782494838,RNF125,False
11757805_a_at,0.48433655716335067,ATRAID,False
11749756_x_at,0.4842398125693749,ZNF791,False
11761786_at,0.48414183723978677,RGR,False
11729069_a_at,0.48394340856052337,KLK11,False
11718000_x_at,0.4839398367637599,MPLKIP,False
11744686_a_at,0.48359008062010417,SHARPIN,False
11734122_x_at,0.4835878719785308,TONSL,False
11761072_at,0.4834678521930562,NEURL3,False
11751785_a_at,0.4834058288461988,CLDN22,False
11735810_at,0.48315492008226274,A4GNT,False
11746603_a_at,0.48302849776407814,ACAP3,False
11721898_at,0.48287412645172,FAM3D,False
11737291_a_at,0.48278574934039914,OXGR1,False
11728950_at,0.48250736731874566,LSMEM2,False
11740741_a_at,0.4823982757498099,GRK1,False
11716905_a_at,0.4823146716138551,CDH1,False
11733380_a_at,0.48207324886820274,SPZ1,False
11727831_a_at,0.4820028024649623,DDX42,False
11761274_a_at,0.481856286522886,ENPP3,False
11728607_a_at,0.4815950138821146,GRIN2D,False
11728834_x_at,0.48147930086157886,C4orf32,False
11737574_x_at,0.4814167698798477,LCE2D,False
11743706_a_at,0.4813993432297388,MGA,False
11741854_at,0.4810847322044104,CCDC140,False
11726411_a_at,0.4810829246903302,ZBTB7C,False
11728583_s_at,0.48105226656719924,RHOXF2,False
11740453_a_at,0.4810521091547425,ZNF454,False
11732221_at,0.4809645956272071,CRH,False
11729445_at,0.4808922725914091,FAM150B,False
11717392_a_at,0.4807974947390135,FN3KRP,False
11742346_at,0.48061186431571623,OR4A5,False
11725051_a_at,0.4805739039061575,FAIM2,False
11728556_at,0.48039128752795324,KCNF1,False
11731293_at,0.48038012816080405,SLITRK1,False
11734952_a_at,0.4802470191045919,MBNL3,False
11741183_x_at,0.48012874096909786,PROSER3,False
11743210_at,0.48004390564248584,TAAR9,False
11725729_s_at,0.48002144410818004,C1orf56,False
11760606_s_at,0.479951668762027,EGLN3,False
11735764_a_at,0.47985474121321087,NOSTRIN,False
11722448_at,0.47971476824363635,KCNMB4,False
11731936_at,0.47966862274589184,KCNN1,False
11754676_a_at,0.47966784216074554,CENPE,False
11738963_at,0.479615350658835,KRTAP12-3,False
11748799_a_at,0.4793716077663038,POU2F2,False
11718426_a_at,0.47915676637286797,HSDL2,False
11732595_x_at,0.47909977814149096,FAM47C,False
11740695_at,0.47901892465985496,C7orf71,False
11753185_x_at,0.47897557549367076,KLF16,False
11715263_at,0.4788834357218763,SPEF2,False
11753362_a_at,0.47873927802671146,IER5,False
11754239_a_at,0.47799393222936676,DYDC2,False
11726707_x_at,0.4779603782264455,IL34,False
11731975_a_at,0.47782970391783486,IGSF9,False
11715704_x_at,0.47779153619909953,ITGA5,False
11746157_a_at,0.47777109814281,ALKBH6,False
11723193_s_at,0.47763668490232836,LTF,False
11758223_s_at,0.4775526027319467,GNPDA1,False
11742258_s_at,0.47744935703769475,CCT8L2,False
11761455_at,0.47743406099326147,CDH7,False
11733742_a_at,0.47716461669623106,DCXR,False
11740563_at,0.4771607360258311,EVPLL,False
11747218_a_at,0.47715565105892827,LOC442028,False
11757567_x_at,0.47712654000922755,NDUFB5,False
11732395_a_at,0.47698952332416356,NHLRC2,False
11746593_x_at,0.4768675787940624,PDXDC2P,False
11717891_a_at,0.4768011753745036,ECM1,False
11735535_at,0.47669256661061427,ZNF660,False
11758564_s_at,0.4766002077515803,NUDT15,False
11735338_at,0.47659994184371113,LINC00482,False
11726563_a_at,0.4761280923157339,MRPL49,False
11722757_at,0.4759805797080695,CFTR,False
11720863_at,0.4759540363840858,PNPLA4,False
11757433_a_at,0.4758790056117398,TRIM27,False
11729759_at,0.4756737169368918,RGS18,False
11724865_at,0.4756628784108123,OSR1,False
11717832_a_at,0.4756464297257308,MIIP,False
11729005_a_at,0.47538479831548325,ADAD2,False
11719250_s_at,0.47536888025302787,PHLPP1,False
11717597_x_at,0.4752762534623515,GNAS,False
11729224_s_at,0.47523855069210724,ZNF598,False
11742611_x_at,0.47505264472603165,OR10G4,False
11723202_at,0.4748319987650365,MTMR6,False
11720988_at,0.4745804510899188,SEC22A,False
11735355_a_at,0.4745791564560082,TSGA10IP,False
11755080_a_at,0.47440795631176597,DAAM1,False
11730470_at,0.4743849703835235,CALML5,False
11720725_at,0.4743261166565504,ZYG11B,False
11738550_at,0.47428398377155623,OR9A4,False
11724564_a_at,0.47379992947020827,CHCHD1,False
11756256_a_at,0.473654533553442,FANCG,False
11725577_a_at,0.47345168370784674,ASTE1,False
11732756_a_at,0.47344520249650046,ELAVL2,False
11759502_at,0.47324763880511306,TRAF3,False
11719238_a_at,0.47312495443630487,EFTUD1,False
11721904_a_at,0.47288059453397724,CCDC28B,False
11732761_a_at,0.4725062331117552,GRIN3A,False
11736990_at,0.47236083494253095,LPAL2,False
11717442_s_at,0.47205733419029194,ARFGAP3,False
11741830_s_at,0.47183092277005717,RFPL4A,False
11735247_x_at,0.47178623924427154,DUSP19,False
11721118_a_at,0.4717660835093993,ANKHD1-EIF4EBP3,False
11737545_a_at,0.47132837322765736,DGKH,False
11732066_a_at,0.47128277625991244,C1orf94,False
11755257_a_at,0.47069176986452116,TRIM31,False
11738018_a_at,0.4705223105672383,ARV1,False
11754887_a_at,0.4702720447995555,MSRB3,False
11748847_x_at,0.4701992648785071,GOLGA2P5,False
11763271_at,0.46996092290228014,PEX11A,False
11742044_at,0.4699467206894726,CCSER1,False
11755841_a_at,0.46972898884034897,KIF26B,False
11742891_a_at,0.4697243769435246,C17orf53,False
11715738_s_at,0.4692878143978492,SNX3,False
11759833_at,0.46919543268117575,NDUFS7,False
11724238_at,0.4690273223211289,CYB5R4,False
11737849_at,0.4690266893806629,AMBN,False
11746923_a_at,0.46899606250450265,HSPB6,False
11763154_x_at,0.46896885224112567,THPO,False
11720233_a_at,0.4687818298871912,RHOBTB2,False
11758120_s_at,0.4686733900318015,KCNB1,False
11722665_a_at,0.46861527686216436,GABRB3,False
11729340_at,0.46861270113543485,CRYGD,False
11728110_at,0.468557610367821,GRIP1,False
11749071_a_at,0.46838397695735706,FAM172A,False
11723646_x_at,0.46825283110618293,TAF15,False
11750678_a_at,0.4682088268506459,ALK,False
11742600_at,0.46818420768097707,OR7G3,False
11753496_a_at,0.46802391718255154,CSN1S2AP,False
11755720_a_at,0.4677089786724732,PRSS27,False
11728919_a_at,0.4677072595002853,LRRC73,False
11750346_a_at,0.467583447484396,COL18A1-AS1,False
11760456_a_at,0.46747702508045424,SRCIN1,False
11728270_a_at,0.46733118713861027,ZNF330,False
11732736_at,0.46729700757834736,CHSY3,False
11722269_a_at,0.4672834018261687,SASH3,False
11740027_at,0.46722853951114035,LOC200726,False
11727556_a_at,0.46715096760458186,GRHL1,False
11750967_a_at,0.4670849137892306,ZNF586,False
11728531_a_at,0.46685612337065996,TLE6,False
11763877_at,0.46681907908975995,LOC100128325,False
11734609_at,0.46665201940013085,KRTAP5-7,False
11724507_a_at,0.4662964841761553,DUS2,False
11757082_s_at,0.46629434290559457,TMEM167A,False
11720213_x_at,0.46621137199157214,PPAN,False
11739776_at,0.4662033922982248,FNDC9,False
11719673_a_at,0.4659234653238391,THBD,False
11723789_a_at,0.46571534372445095,FAM167A,False
11760339_at,0.46566791301683913,TBCA,False
11764167_at,0.46559104689680264,LINC00570,False
11724691_at,0.4651889635033524,RIBC2,False
11743206_at,0.465132907796634,SLC38A8,False
11730704_s_at,0.46495914725536036,OR51E2,False
11734656_a_at,0.4649377530021596,MAG,False
11724159_x_at,0.46485389749977163,ECSCR,False
11738709_at,0.46476648089123684,OR56A1,False
11725589_s_at,0.464718504598892,RAB5C,False
11732296_at,0.46435107590621116,CER1,False
11740715_at,0.46416889640838155,ARIH2OS,False
11740271_at,0.4641503560512593,MAP10,False
11743246_at,0.4639760150218541,DEFB114,False
11716768_a_at,0.4636481439864664,UBQLN2,False
11738826_x_at,0.463569676419144,PCDHA5,False
11752589_a_at,0.4631935742921783,CH17-360D5.1,False
11749013_x_at,0.4630477025623985,ZBED1,False
11743005_s_at,0.46291611962720547,BRF2,False
11742396_a_at,0.46214011159015383,PRSS42,False
11746626_a_at,0.46210842930286816,HAGH,False
11744529_a_at,0.4616763560207996,PELI1,False
11739839_a_at,0.4614680917833389,GNAL,False
11732491_s_at,0.46118812943626913,BRAF,False
11761847_x_at,0.4610871124902597,TSPAN32,False
11727723_a_at,0.461086744168152,DDN,False
11760964_x_at,0.4610863657997276,NBPF1,False
11757199_at,0.46064903258243495,LOC100190940,False
11741221_a_at,0.460571996841679,COLCA2,False
11727452_x_at,0.4605202759219148,FAM21C,False
11763032_x_at,0.4604762713608016,AAMDC,False
11756714_a_at,0.46044272517458273,PPP2R2A,False
11738103_at,0.46038961292740693,HIST1H4F,False
11726875_a_at,0.4603785113184142,PML,False
11715243_x_at,0.4602795690021113,LCE1F,False
11733607_a_at,0.4602171205397743,LRRC34,False
11727983_a_at,0.45975024935969017,LRRC46,False
11719300_at,0.45970243179256337,CTDSP1,False
11723480_at,0.459701026431939,SAAL1,False
11738326_at,0.4596915342296093,TAS2R19,False
11729254_a_at,0.45967270505625507,NKAIN2,False
11716808_a_at,0.45958490623197457,ITPA,False
11722434_a_at,0.4593297714554787,MAD2L2,False
11760867_at,0.45896752246420647,OXA1L,False
11718638_a_at,0.4586912597402693,ELP6,False
11720633_a_at,0.4585649774156342,FLNC,False
11718249_a_at,0.45850324606174686,TBC1D13,False
11735777_at,0.4583416837632207,SPDYC,False
11734341_at,0.45827718592262146,UBE2U,False
11722362_x_at,0.45821575650160146,LMBR1L,False
11719309_a_at,0.45817547613234066,MKS1,False
11729049_at,0.45810273220035475,SLC10A2,False
11725289_a_at,0.4581016039686857,RHBDL3,False
11721562_a_at,0.4580296593278505,FAM189B,False
11735953_at,0.4579984741099691,OR2L2,False
11725911_a_at,0.45791725256168336,ERBB4,False
11762886_at,0.4577261435123767,OR13H1,False
11744650_x_at,0.4576678405985769,PHLDB1,False
11737627_at,0.45735250314722475,NEK5,False
11751426_a_at,0.4572443587326573,IL33,False
11718241_a_at,0.4571483907523645,PRUNE2,False
11715168_s_at,0.4570312863534991,POU3F3,False
11719977_a_at,0.4569406033481973,MMP15,False
11723284_at,0.4567468029011952,REEP6,False
11761566_at,0.4565426495884269,GAFA2,False
11726751_at,0.45653605857303076,MAP6D1,False
11727267_a_at,0.45650919454058264,SRPK3,False
11729182_a_at,0.45637406545795056,NUAK2,False
11721797_at,0.4562884976323304,SUMO3,False
11744858_a_at,0.45561302894962674,LHPP,False
11727977_a_at,0.4553236078034774,SRGAP1,False
11746189_a_at,0.45528710267904643,XIRP2,False
11752298_a_at,0.4552471942163528,KLHL13,False
11716206_a_at,0.45520829517401434,GLUD1,False
11737633_at,0.4551916584662386,GAB4,False
11720510_a_at,0.45493731839168045,APOBEC3G,False
11746493_a_at,0.4548865260125491,PIP4K2A,False
11733573_at,0.45481111945833574,DMRT3,False
11741406_s_at,0.45462266578470006,ZNF813,False
11715771_a_at,0.45452238962991526,MRPL13,False
11716524_a_at,0.4542401210106972,PFDN2,False
11724434_a_at,0.4541868398461726,TPK1,False
11745247_at,0.4540085174904056,PROB1,False
11719435_a_at,0.45381639969706417,LRP4,False
11742502_at,0.45367577958676036,PRR25,False
11751471_a_at,0.45366285472723106,LOC729966,False
11741888_at,0.4536428707392833,LINC00303,False
11731278_at,0.453602060468429,LRRC29,False
11737250_at,0.4535357122313994,IL1RAPL1,False
11729385_at,0.45348672713411525,FOXF1,False
11735402_at,0.45341714806445743,SCN4A,False
11738718_at,0.4534069812710708,OR5K2,False
11732405_a_at,0.45316595081088273,NOL9,False
11729993_at,0.4531344358748657,STOX2,False
11736222_a_at,0.45306629191306474,FOXRED2,False
11735531_x_at,0.4528672341618258,NPW,False
11724010_s_at,0.4527983869005797,GPR162,False
11737213_at,0.4527572820622125,LINC01465,False
11739060_s_at,0.4524706403643341,SLC7A5,False
11725471_a_at,0.45205860235228945,MAN2A1,False
11720961_s_at,0.45167004788325993,NBAS,False
11755524_a_at,0.4512879736374499,ARCN1,False
11758132_s_at,0.45090369503752237,TMLHE,False
11719088_at,0.4508351218832029,MMGT1,False
11742789_at,0.45077954670400167,SYCN,False
11737006_at,0.45061035301262947,LRRC55,False
11741397_a_at,0.4505287217532274,DNAI2,False
11754094_at,0.450382034316291,LOC105369190,False
11740906_a_at,0.4502759793143694,CCDC129,False
11715240_at,0.4502495871808561,ZNF184,False
11722258_at,0.4501313067006211,FAM174A,False
11738269_a_at,0.45002630396207055,RUFY4,False
11758256_s_at,0.44976725910459386,PDX1,False
11748305_s_at,0.449520098396472,TTC41P,False
11747716_a_at,0.44934299484989115,PMFBP1,False
11723063_a_at,0.4492185319177544,GCHFR,False
11752064_a_at,0.44916064171700953,RGSL1,False
11744316_at,0.44910400292266217,MSH4,False
11730319_at,0.448961525658083,TNFRSF11B,False
11727666_at,0.4486617929397678,TWIST1,False
11715586_at,0.4485683293459664,MAPRE1,False
11763393_a_at,0.4480775265900382,RNF207,False
11729537_at,0.4479182876154026,PEX11G,False
11720588_a_at,0.44782419157812786,HSD17B14,False
11764225_at,0.4472107555241392,LOC102724849,False
11755176_a_at,0.44718544249946846,PAXIP1,False
11736544_at,0.44705223183368326,MACC1,False
11735185_a_at,0.4469550744348384,F9,False
11739515_at,0.4465087188122191,CA8,False
11721414_s_at,0.446352667244401,TMEM62,False
11761020_at,0.4463098801543576,RTCA,False
11760094_at,0.4462090945093304,LOC57399,False
11738659_at,0.4461119285213149,PROP1,False
11757886_s_at,0.4460709283859836,SRBD1,False
11743248_at,0.44572824091626895,ONECUT3,False
11742011_at,0.44538197386833267,INSRR,False
11753400_a_at,0.44504418911237875,SGOL1,False
11715760_x_at,0.44500951314407095,RPL36AL,False
11723421_x_at,0.44483787229346616,BTF3L4,False
11723204_a_at,0.4445308989517143,NOL7,False
11726805_s_at,0.4443999037559385,PTPMT1,False
11725824_at,0.4441024145998186,ENTPD3,False
11727216_at,0.44409160902763234,FRS3,False
11741523_x_at,0.4439385179378027,SLC35G4,False
11731978_s_at,0.4438679816502377,PCSK7,False
11726576_x_at,0.4437326631027353,CYP2A6,False
11741985_a_at,0.4435121808873549,KCNC4,False
11754566_a_at,0.44344475598933947,RNF217,False
11756269_a_at,0.4434001279337253,ATXN7L2,False
11756974_a_at,0.4433901169457178,PLA2G4E,False
11730281_a_at,0.44334885325644513,RAD50,False
11747556_s_at,0.4433413782667872,SARM1,False
11748760_a_at,0.4430897411665052,CLEC4F,False
11740700_x_at,0.4430637735287197,CACNG6,False
11755944_s_at,0.44305955244695955,KRT39,False
11759872_at,0.44294089879502485,PDXDC1,False
11742627_at,0.4427842983914144,OR4N5,False
11727711_at,0.44275867127697066,C1QTNF2,False
11751444_a_at,0.44258864196095715,TRABD,False
11737395_at,0.4425360149005698,SOWAHD,False
11742195_s_at,0.4423313659502692,ZNF451,False
11728108_a_at,0.4422877195762046,GHRL,False
11734245_at,0.4418488566270994,ICAM5,False
11763476_at,0.44181381085182486,LOC100506289,False
11756521_a_at,0.44164236660986916,IREB2,False
11729811_a_at,0.44155121363625394,WFIKKN2,False
11744669_a_at,0.4414960430778862,LINC00158,False
11725898_s_at,0.4414647882992183,TAL1,False
11732144_a_at,0.44142091057921645,BBS2,False
11751635_a_at,0.44119386204050726,PRKAB1,False
11742175_x_at,0.4411014922405965,TMEM88B,False
11746987_a_at,0.44107102076574456,ADAM2,False
11723590_a_at,0.44067380560154085,TTC13,False
11717615_at,0.4406092958755022,OXSR1,False
11735978_at,0.4403857608445297,OR2S2,False
11743087_at,0.4402861309348236,PPBP,False
11730599_at,0.4402051498759756,KRT74,False
11734581_a_at,0.44009755938444606,CBLN2,False
11746323_a_at,0.44003679305412274,FAM227B,False
11744922_at,0.43976148087108635,RPL13P5,False
11726480_at,0.43961951389907367,FATE1,False
11729395_s_at,0.43958518347770537,HECTD2,False
11724774_a_at,0.43943174066071017,GHDC,False
11729089_a_at,0.43911130219536837,C1orf87,False
11730706_a_at,0.43907991394934404,VGLL2,False
11736381_x_at,0.43887048798081374,ZNF697,False
11738427_at,0.4388396826350149,KRTAP4-1,False
11757042_a_at,0.4388140873493126,PDYN,False
11754074_s_at,0.43828237843766255,G0S2,False
11744377_s_at,0.4378000747319326,USP24,False
11756166_a_at,0.4377287872651975,TTC32,False
11725525_at,0.43771260197496575,DSG2,False
11756319_a_at,0.43767451871868646,ANO8,False
11721595_a_at,0.43759054071515957,ARHGAP39,False
11719594_at,0.4375804567932406,GMEB2,False
11738505_at,0.43752636432496067,KRTAP13-1,False
11715900_a_at,0.43751221096531284,COASY,False
11722625_a_at,0.4372585762357944,FASTKD1,False
11730797_a_at,0.4372042180963934,FAM114A2,False
11725414_a_at,0.4371669475920214,USP16,False
11719237_at,0.4368018670547735,INTS1,False
11743800_a_at,0.4367766148205738,DNAH2,False
11743441_s_at,0.4366783619380759,PDIA3,False
11756250_s_at,0.4365359806116234,HMGCL,False
11763203_at,0.43644933412909953,PROCA1,False
11756210_a_at,0.4363412265530917,RCL1,False
11736327_a_at,0.4362812082055374,ZNF670,False
11736915_at,0.4362117445183322,HIST1H1D,False
11735465_at,0.4361748770149563,ZNF326,False
11728030_a_at,0.43593479088957826,IGSF10,False
11754526_a_at,0.43591917723815854,PTGES,False
11747234_a_at,0.43556013312834785,DTHD1,False
11739907_at,0.43536374461077054,CLDN16,False
11746250_a_at,0.435354747967896,PIFO,False
11756773_a_at,0.4352746567000732,FRMD5,False
11724744_at,0.4351958508472215,C8orf46,False
11742935_a_at,0.4351581452980037,RTN4R,False
11728145_a_at,0.43482333294309633,SHC2,False
11726453_at,0.4347341412174459,TIGD5,False
11741461_a_at,0.43465094119778586,PCDHGB2,False
11722217_x_at,0.4345378312175876,GPR108,False
11760670_x_at,0.43443250942998896,FMO3,False
11717147_a_at,0.43436226989512844,PTPN1,False
11743373_a_at,0.43425792833447563,KNSTRN,False
11725302_a_at,0.4342534472053342,DDX19A,False
11755314_x_at,0.43421633575523877,VARS2,False
11739312_a_at,0.4337637165475703,HUS1,False
11716603_a_at,0.43370627580956517,KBTBD2,False
11742915_a_at,0.4336671418398012,LMTK2,False
11762036_x_at,0.43366544060523454,LOC339059,False
11738704_at,0.4336297500703968,OR52B2,False
11750419_a_at,0.433628828504398,WDR93,False
11732618_a_at,0.4335927559287807,SPATC1,False
11734805_a_at,0.4335335820159977,ATG13,False
11763902_s_at,0.4335130348246834,SNORA60,False
11735946_at,0.4334151328162638,ZPLD1,False
11744856_a_at,0.4330995541444316,ABCA3,False
11738723_at,0.432970248286846,OR2Z1,False
11724267_at,0.4328873471613598,C2orf72,False
11730392_at,0.4327689262859981,GPR4,False
11740778_x_at,0.43260771013855714,KIAA0825,False
11716475_a_at,0.4324568845362717,STRAP,False
11722914_s_at,0.4320275557398609,BMPR1A,False
11724057_a_at,0.4319919192940631,AADAT,False
11719153_at,0.4319361251017715,LDOC1L,False
11716736_at,0.43176701665093453,PRPF19,False
11737697_at,0.43167537100454906,LEKR1,False
11763470_at,0.4316696629474803,ARHGAP8,False
11731037_a_at,0.43152522571830926,FIBCD1,False
11751253_a_at,0.4313645777967717,GOLPH3,False
11757571_s_at,0.4313094970016136,UBLCP1,False
11735147_a_at,0.4312184801526167,MMEL1,False
11756308_a_at,0.43112577337692587,FAM50A,False
11752962_a_at,0.43066850799433376,ANO4,False
11740931_a_at,0.43049870412018865,SEZ6L2,False
11722484_a_at,0.43032879554829817,C8orf82,False
11725539_at,0.4303159441961827,CACNA1H,False
11754470_a_at,0.42996210607357094,CHTF18,False
11756960_a_at,0.4299090527959062,ZC3HC1,False
11726783_a_at,0.4297702455171092,CEP112,False
11739277_at,0.42962549693397184,SDC3,False
11742812_a_at,0.42949535646574283,RPS6KA3,False
11718324_s_at,0.4291669532189974,SESN2,False
11720917_a_at,0.4290966476812366,BPIFB1,False
11732161_at,0.4290442628069874,ZCRB1,False
11761129_at,0.42869159962038084,ADIRF-AS1,False
11748190_a_at,0.42846092260835933,MYRF,False
11725291_at,0.4281742205659632,FUT1,False
11732038_a_at,0.42804437172556553,RDH16,False
11755947_x_at,0.4280443219033553,CMBL,False
11734691_a_at,0.42800013776252,TAF11,False
11735892_a_at,0.42790244632563107,RESP18,False
11749227_a_at,0.4272670391280983,PLEKHM2,False
11746017_a_at,0.4272528039016134,C1QTNF1,False
11745592_a_at,0.4271446124269067,WDR59,False
11758190_s_at,0.426697826932134,SDHD,False
11747459_a_at,0.42656630570008813,GMPPA,False
11734596_a_at,0.42655975717665506,ATP4A,False
11760432_a_at,0.4265594914651435,GRTP1,False
11755764_a_at,0.4261937097608747,PKD1L2,False
11732146_x_at,0.42614014454999494,PSMD8,False
11738664_at,0.42599417422018854,OR6A2,False
11738535_at,0.4259043012264588,WNT1,False
11723346_at,0.4257243533572392,LYL1,False
11740978_s_at,0.4254802030782828,MGAT1,False
11743610_a_at,0.4253071495658039,LRRC42,False
11725866_at,0.42530521057322457,EBF3,False
11737717_at,0.4252955659435651,SLC26A1,False
11726544_at,0.42527469497763604,PCNXL3,False
11749296_a_at,0.42521059908630826,GDAP1L1,False
11748549_a_at,0.42507821447824357,ZDHHC17,False
11723046_a_at,0.42488820096557434,MALSU1,False
11735603_a_at,0.42478268835804417,OSBPL7,False
11760291_a_at,0.4245935568346716,NAA10,False
11758035_s_at,0.42452387679370046,MAPKBP1,False
11728040_x_at,0.42450581784233493,PRDX5,False
11743639_s_at,0.42447092692665234,PPM1N,False
11731446_s_at,0.4244654969641957,SNCA,False
11719568_s_at,0.4244235552770979,KIAA2013,False
11745814_x_at,0.424369314244654,DBNDD1,False
11727348_a_at,0.42381686879577635,BAIAP2L2,False
11718414_s_at,0.4238064025333129,NONO,False
11745384_s_at,0.4237952621620439,NDUFB4,False
11763300_at,0.4237913183192285,RBM4,False
11730571_at,0.42366620238982866,AGRP,False
11745123_a_at,0.42360041875368,TMEM198B,False
11756816_a_at,0.4235920090505729,EPS8L3,False
11763610_at,0.4231646710277811,LOC101929628,False
11751512_a_at,0.42313834759159324,HEG1,False
11731089_a_at,0.4230701351595371,DDT,False
11730874_at,0.4229177498624429,UBQLN3,False
11749670_a_at,0.4226376388382065,DNAJC14,False
11715556_a_at,0.42215099522791016,QSOX1,False
11758609_s_at,0.42208821352372905,KCNJ10,False
11724659_a_at,0.42175064643776905,RBFOX3,False
11719246_a_at,0.4217187803058808,GSTT1,False
11742679_s_at,0.42146433802968375,HNRNPA2B1,False
11760266_at,0.4213436427524166,ATPAF2,False
11744801_a_at,0.4211973592614488,NR2C2AP,False
11729422_a_at,0.42111608464299555,POPDC3,False
11763724_a_at,0.42088467887771625,ZNF668,False
11729507_a_at,0.4207705687809647,NPAS3,False
11755229_x_at,0.42063383639422985,ENGASE,False
11738739_at,0.4205120621592081,OR6C4,False
11746149_x_at,0.42032388904705387,BCHE,False
11737294_a_at,0.4202815108140274,TMIGD1,False
11727455_x_at,0.4201187715046635,SCGB1A1,False
11733847_a_at,0.42000282331677374,CC2D1B,False
11737151_at,0.41983862000169847,ACOT6,False
11746990_x_at,0.419778738969631,PEX14,False
11738889_at,0.41966877996497143,IQCD,False
11755893_a_at,0.4196431432519571,PIGN,False
11727537_at,0.4194400486615722,CPA3,False
11750764_a_at,0.4193698249846948,ROBO4,False
11751629_a_at,0.4191022824160849,ASF1B,False
11719106_a_at,0.4188405928538236,ELMO2,False
11751288_a_at,0.41881046823528684,LOXL2,False
11759262_at,0.4185414578729281,ADARB2-AS1,False
11742404_at,0.418469336698816,CTSL3P,False
11718514_s_at,0.4183488351752845,TSPAN14,False
11738139_s_at,0.4182243351170512,KLHL33,False
11738503_at,0.4182067740597637,OR7D4,False
11735868_x_at,0.4181345228863551,PRB2,False
11731765_a_at,0.4179993474733668,LGALS12,False
11729027_a_at,0.41795820334601047,RNF175,False
11751970_a_at,0.41781969539168423,ABCC13,False
11757960_s_at,0.41779965088456655,ARAP2,False
11735389_at,0.41745926827825725,CYLC2,False
11730397_at,0.4170929321280135,DDI1,False
11730452_a_at,0.41698985800714033,KIF24,False
11740147_a_at,0.41680978722229617,NRG2,False
11728456_s_at,0.4166370115149275,RAB33B,False
11732497_at,0.41653420090121557,HCN2,False
11721581_at,0.4165251611425361,CAMKK1,False
11731035_a_at,0.4164931382873121,NLRP7,False
11715279_x_at,0.4164135732035194,PGAM4,False
11716287_at,0.4162986832802742,RABAC1,False
11751264_a_at,0.4160870940295819,MAN2A2,False
11733549_at,0.4159877176441014,TEC,False
11759937_at,0.41597434703482383,LINC01547,False
11741837_x_at,0.4159559631032757,KRTAP9-2,False
11738715_at,0.41580304437250976,OR52D1,False
11727140_a_at,0.4156981841631291,MUSTN1,False
11753227_s_at,0.415597367393324,DDX11L2,False
11718385_at,0.4155734348069759,C2orf68,False
11720676_s_at,0.41551993410130067,CCS,False
11746238_a_at,0.41546562509831636,RBM14-RBM4,False
11758134_s_at,0.41537379212584485,PPM1H,False
11715277_s_at,0.41534222222966244,AURKAIP1,False
11717379_a_at,0.41533540167044936,PUF60,False
11735984_at,0.4152099667937081,OR2B6,False
11756391_a_at,0.4150478712029389,MITD1,False
11729053_x_at,0.41502801240665743,PPFIBP1,False
11726491_at,0.4149860668258966,SLC4A1,False
11755945_a_at,0.4146911769205525,YPEL4,False
11751500_a_at,0.41468672254934547,SLC22A10,False
11730345_at,0.4146027674632643,C6orf58,False
11727578_a_at,0.41450178604408194,TCP11,False
11732574_at,0.4142410957410526,FAM43B,False
11725091_at,0.41395130199548846,RFX5,False
11738839_at,0.41388197824656614,DYTN,False
11737608_at,0.4138732435209529,C9orf170,False
11746614_s_at,0.41381172703032654,MARCH7,False
11745614_x_at,0.4136259863987883,LINC00161,False
11740632_at,0.4135930333664616,REP15,False
11728428_a_at,0.413451562325732,CCDC136,False
11741422_a_at,0.41344906185149066,ADPRHL1,False
11724109_a_at,0.4134157507664766,C9orf116,False
11763785_x_at,0.41339914065918304,KCNN4,False
11744664_a_at,0.41328561049691986,ADAMTS12,False
11716628_at,0.4130325893541156,KIF3B,False
11760658_a_at,0.4130047102348195,COA1,False
11728927_at,0.41288915650563357,DDX43,False
11737303_a_at,0.41279977898969017,ACOX3,False
11757395_s_at,0.4127231839902654,MCM3AP,False
11726373_a_at,0.41256423717029705,HAUS8,False
11727592_x_at,0.4124894323184682,PSG3,False
11731720_at,0.4124885614740055,LURAP1,False
11718989_s_at,0.4124578394065157,OS9,False
11762527_at,0.41242007948323184,LINC00315,False
11721556_at,0.4124095654869325,ROM1,False
11732043_a_at,0.4123698244321793,DMBT1,False
11721412_a_at,0.4119894005093083,BSPRY,False
11740537_x_at,0.41196983150169647,KRTAP19-3,False
11733713_a_at,0.4119170161052531,DMP1,False
11757352_a_at,0.4118058634957468,TRMT1,False
11746581_a_at,0.4115686769468532,PCCA,False
11739254_at,0.41151540270610815,SLC35E1,False
11742737_a_at,0.41150827722543537,RAB9A,False
11733484_at,0.41148130875095756,PCLO,False
11753931_a_at,0.41137477832141905,ABCC8,False
11737167_at,0.41118483791623833,ANKRD34B,False
11754511_a_at,0.41087671609496046,AXIN1,False
11763574_at,0.4108074356628908,LINC01118,False
11762669_at,0.41072158758250454,MTIF3,False
11756927_a_at,0.4103374246208339,SMARCAL1,False
11731348_a_at,0.41027983871792456,FAM71F2,False
11738367_a_at,0.41020829186727725,GTSF1L,False
11737489_a_at,0.40977861522863024,ODF3,False
11738078_at,0.4096345826291579,AVPR1B,False
11735366_s_at,0.40953127427534325,OCM,False
11719182_a_at,0.40946791517934616,CLCN7,False
11762780_a_at,0.4093006973849262,LOC102724757,False
11722321_at,0.4092790336137959,HHEX,False
11737913_s_at,0.40916591435935884,CCT7,False
11720277_a_at,0.4088676461466115,OLFML2A,False
11740487_a_at,0.4086020995523039,FBF1,False
11727616_at,0.40858781564787805,RASL10B,False
11725994_a_at,0.408540370445175,MRPL11,False
11733275_a_at,0.4085178121015964,PCNXL2,False
11761698_a_at,0.40825977718114553,TEKT1,False
11732657_a_at,0.4081929495012885,CYP26A1,False
11727508_s_at,0.40818962842833884,CLDN12,False
11719894_s_at,0.4081676768852977,FAM91A1,False
11724443_a_at,0.4081014529819651,MEF2B,False
11758966_x_at,0.40786646498513096,SPANXA1,False
11750314_a_at,0.4077743273182563,WDR87,False
11726521_a_at,0.40771312380027225,SPATA17,False
11756409_a_at,0.40755539171099764,BLM,False
11732597_at,0.40736737428958397,CIB4,False
11756866_a_at,0.40718466483689847,GPR78,False
11750069_x_at,0.40708771745293887,ALKBH2,False
11715567_at,0.40688481956272343,COPZ1,False
11761694_at,0.4068721742661121,LINC01166,False
11717039_a_at,0.40684154029985253,GADD45A,False
11729736_a_at,0.40682734218183725,JAKMIP2,False
11737680_at,0.40654852669890346,GPR149,False
11749697_a_at,0.4061844681485016,NDUFS1,False
11735705_s_at,0.40616942556185187,BSG,False
11735460_at,0.4060764027555528,CNBD1,False
11734904_a_at,0.4057349172814723,ZNF16,False
11736125_a_at,0.4057236023929727,CPLX2,False
11752272_a_at,0.40561427584372695,MAN1B1,False
11744142_a_at,0.40553913279753884,SARS,False
11725201_at,0.4049923768835962,BSN,False
11757606_s_at,0.40489850685374246,ECHS1,False
11738571_x_at,0.4047337459768654,OSTCP1,False
11741052_a_at,0.4045355928830701,HMGCLL1,False
11724394_at,0.4042937862785483,KIAA1211L,False
11746065_a_at,0.4041124441005614,KIT,False
11744306_a_at,0.4040197512797384,LRR1,False
11735879_at,0.4038509119174499,BHLHE23,False
11736579_a_at,0.4037441212182107,GH2,False
11755868_x_at,0.4034660445478768,CLCC1,False
11741404_at,0.4032981254653408,MAS1L,False
11737201_at,0.40296607809420754,CSF1,False
11752058_a_at,0.40285976167468646,DNA2,False
11718609_a_at,0.4028058301806628,VPS72,False
11737605_at,0.4026570855622077,ZBTB8B,False
11735675_at,0.4026046196809114,EN1,False
11718277_a_at,0.40251226473308355,MYL2,False
11722956_at,0.40232659059725956,GLTPD2,False
11741818_s_at,0.402263607140969,C9orf131,False
11756802_a_at,0.4019467248654129,RD3,False
11741235_a_at,0.40194266875728546,JKAMP,False
11717712_at,0.40149311875308896,SDHAF1,False
11763992_at,0.40145289422509167,ATPAF1,False
11728163_a_at,0.4013609433487919,HSD17B3,False
11718429_at,0.40127362942777683,EMD,False
11754797_a_at,0.40078416546604195,CHUK,False
11750022_a_at,0.4006984676016497,LCORL,False
11746621_a_at,0.4006676931909346,RBM46,False
11761832_a_at,0.4002621738250997,PI16,False
11752480_a_at,0.39986632341974837,HNF1B,False
11722326_at,0.399745381750364,ZBTB34,False
11755878_a_at,0.399646677034489,TESK1,False
11725274_s_at,0.3996332832970694,RGS20,False
11721219_a_at,0.39951505548749244,CPS1,False
11749560_a_at,0.3994781645921708,CIAO1,False
11742292_a_at,0.39946773087291404,DRD4,False
11756446_a_at,0.3994433026502962,PITHD1,False
11755756_a_at,0.3992337478267563,NHSL1,False
11722945_a_at,0.3991740114476848,GLT1D1,False
11735721_a_at,0.398939946024169,KRT79,False
11740662_at,0.398863191471634,TEX12,False
11716502_x_at,0.3985246839034658,CRMP1,False
11719258_at,0.39850198684465965,TICAM1,False
11756788_a_at,0.39822746394353603,GLT8D1,False
11752321_a_at,0.3980189609100955,MIPOL1,False
11724995_a_at,0.39722572274480134,KIAA1804,False
11755178_a_at,0.3970880615691321,MYT1,False
11756419_x_at,0.3969982285567486,KRBA2,False
11760047_at,0.396994232646833,LINC00268,False
11757201_at,0.39687174209636555,MESTIT1,False
11762383_at,0.39668519094960936,TDRD1,False
11738711_at,0.39659356716401983,OR51B5,False
11747713_a_at,0.3963018134080097,PRC1,False
11746319_at,0.3962082462262516,LINC00940,False
11733939_at,0.39612983555446657,RPEL1,False
11733691_a_at,0.39608645700240647,SIGLEC7,False
11732777_at,0.3959760207982877,PGLYRP4,False
11752278_x_at,0.3959626006926091,PABPC1,False
11740901_at,0.39591794901048477,MUC5B,False
11725491_a_at,0.39583627680723854,CNTFR,False
11722947_at,0.39575592069788257,MUM1L1,False
11759283_at,0.39574272835604035,LCA10,False
11729999_a_at,0.39561071459372343,B3GNT7,False
11742644_x_at,0.3955723839811151,SPATA31B1P,False
11736716_s_at,0.39545470411685585,TMPRSS11E,False
11748271_at,0.39526615224943495,GDF5OS,False
11719767_a_at,0.39523436105052084,TPPP3,False
11731623_s_at,0.39514343845082106,AGXT,False
11755453_a_at,0.39501061304526985,TDH,False
11748482_a_at,0.39490922782734217,SRP54,False
11742356_at,0.3947277960033023,OR4C11,False
11717278_s_at,0.39470002159972867,THRAP3,False
11744298_at,0.3946535656525259,RCN3,False
11738837_x_at,0.3946483311507189,NPAS1,False
11736094_a_at,0.3944420465860535,DCTD,False
11736006_at,0.394310089477226,MAPK1IP1L,False
11716938_a_at,0.3941598547576905,SEC61B,False
11742177_at,0.39413249580196463,KRTAP12-4,False
11753573_x_at,0.39409975580578005,EMC4,False
11742963_at,0.39409107268063787,ITPR3,False
11727328_at,0.39401423121093115,SOST,False
11743286_at,0.39385914795366417,DTX4,False
11735893_s_at,0.39384971220143056,MBD3L2,False
11743943_a_at,0.3938472954721814,RSPH4A,False
11738886_a_at,0.3938174966651407,ASMT,False
11743623_x_at,0.3936449881187522,DPP9,False
11755953_a_at,0.3936070524801167,DMRTA1,False
11720366_at,0.3935565920794251,FDX1L,False
11733719_at,0.39334580781883566,FAM24A,False
11731578_s_at,0.39319907584093516,ACSS1,False
11740191_a_at,0.3930965698173454,PRLHR,False
11737454_x_at,0.39292217158899106,ZNF763,False
11720194_at,0.3929151386879307,CLPB,False
11724872_a_at,0.3928977164063307,CLDN2,False
11737254_a_at,0.3928680375124697,ZCWPW2,False
11729417_at,0.39279792693936455,KRT24,False
11744280_a_at,0.3926757745699357,TIMM44,False
11737731_at,0.39266222451252886,DCAF8L1,False
11738469_at,0.3925244583066593,MS4A10,False
11739144_a_at,0.39247774999750246,SKP2,False
11729434_at,0.39241470644877624,REM1,False
11739916_a_at,0.39234194024152125,SERPINB11,False
11743633_a_at,0.39234073740105013,STX2,False
11725835_at,0.39221323657093976,NFKBIB,False
11762288_at,0.39219063085522965,FSCN3,False
11756768_a_at,0.3921723488088624,TEKT3,False
11755160_a_at,0.3918642641200196,JOSD1,False
11739944_x_at,0.3914623060351633,NBPF15,False
11715893_s_at,0.3913648949209045,IFI27,False
11733710_a_at,0.3911515343433424,ZP1,False
11717050_x_at,0.3909736794608951,DES,False
11762361_at,0.3909487607464352,WDFY3-AS2,False
11739993_x_at,0.390771466680004,PDZD7,False
11735951_at,0.39035637193179024,SSTR4,False
11757418_a_at,0.3903142906420574,PMEL,False
11737669_a_at,0.3902526545543015,KCNT1,False
11752242_a_at,0.3901907989431521,SBNO2,False
11738968_at,0.3898961274916092,KRTAP19-8,False
11748192_x_at,0.3897830938445816,ATCAY,False
11748971_a_at,0.3897188753212913,FOXA1,False
11740113_x_at,0.3897118994917808,NIPSNAP3B,False
11734463_at,0.3895283301917781,QRFP,False
11729574_at,0.3894403086909012,ENC1,False
11751797_a_at,0.3894368776823369,IL11,False
11758678_s_at,0.3891770633947937,ZNF423,False
11723729_at,0.38915603446290864,KREMEN1,False
11723751_at,0.3890285183162319,TFF2,False
11750532_x_at,0.3887380111912679,FAM215A,False
11731143_a_at,0.388663391672323,ADGRD1,False
11734134_at,0.38853904464041744,NANOS1,False
11758495_s_at,0.3884270716500655,C1GALT1C1L,False
11746570_s_at,0.3880753142136475,FRYL,False
11745764_a_at,0.38804871160546744,SEC31A,False
11734645_a_at,0.3877182369511785,PCDHA3,False
11740775_at,0.38756011264471696,SOX1,False
11738413_a_at,0.3874927932183362,PUS10,False
11722124_a_at,0.38744843339360957,RNF219,False
11734093_at,0.38741844664281655,CCER1,False
11737082_a_at,0.3872927494189969,ASXL3,False
11716400_at,0.38700473962452653,TP53INP2,False
11716858_a_at,0.3869691116846507,MRPL51,False
11718349_a_at,0.3868138295446575,TUSC2,False
11757110_a_at,0.38658519726296053,MRVI1-AS1,False
11729042_a_at,0.38647266575289335,DLEC1,False
11734261_at,0.3862867422545463,TRPM5,False
11727269_at,0.38624282605026106,S100A3,False
11738591_a_at,0.3861933497419172,IQCJ,False
11755894_a_at,0.38614758391783355,MFN1,False
11732513_a_at,0.3860629212528978,CDX1,False
11733482_a_at,0.3857403256383964,DYRK3,False
11749276_a_at,0.3855605347906877,C14orf180,False
11733569_at,0.38507840485029654,C1QL4,False
11745024_a_at,0.3850535445278264,A4GALT,False
11760764_at,0.3849313556636468,ADAMTS16,False
11741851_s_at,0.3848260948002594,INS,False
11762426_at,0.38464491738226775,MYT1L,False
11747322_s_at,0.38457052154181315,PCYT2,False
11738619_at,0.3844830769763152,SCN10A,False
11724078_at,0.38424067982984206,E2F2,False
11740854_a_at,0.3842252875551623,SLC6A20,False
11741448_a_at,0.3842148158597354,DUSP13,False
11742507_at,0.384182304181335,PRR21,False
11723536_a_at,0.38399396672529074,SPATA8,False
11733598_at,0.38396574985703935,AWAT2,False
11736558_at,0.3837385544178252,TMEM121,False
11725018_at,0.38372477436457436,RCOR2,False
11731605_s_at,0.3836316666202402,HSD17B12,False
11754935_x_at,0.38356122490753586,NPRL2,False
11738565_at,0.3834562557964234,TMEM14EP,False
11755458_a_at,0.3834326994254358,HDDC2,False
11728137_at,0.3831438195932793,XK,False
11744970_a_at,0.3826859362135092,CD1A,False
11762845_a_at,0.3826316840572259,LOC400943,False
11727935_at,0.3825673468729489,MGARP,False
11760247_at,0.3825349566583244,ZNF226,False
11750629_a_at,0.38251015049287845,C1QTNF8,False
11750965_a_at,0.38232657823123983,SRL,False
11725416_at,0.38201518053851846,NKG7,False
11721286_at,0.3819539895435206,PREP,False
11740619_at,0.3818677997520745,ADRA1D,False
11720578_a_at,0.3818122183720051,PDE5A,False
11740460_at,0.3816955231501617,C2orf78,False
11726755_s_at,0.3816578044788293,CLASP1,False
11725607_at,0.38163762193494105,RTN4RL1,False
11735343_at,0.3814813668258976,SOX3,False
11737449_at,0.3814071544918106,C15orf43,False
11745596_a_at,0.3810742179736551,IL1RL1,False
11746367_a_at,0.38095695653336364,CSE1L,False
11763440_at,0.3809453371348069,MLPH,False
11752751_s_at,0.3809373499008674,MIF-AS1,False
11730869_s_at,0.38073479266910976,PPY,False
11724699_a_at,0.3806149564779221,ARHGEF37,False
11723874_at,0.3805557235357729,TMEM104,False
11727055_at,0.38001194892807305,SERPIND1,False
11727459_x_at,0.3797580941684856,KRT14,False
11754436_s_at,0.37949648342386094,KIAA0754,False
11731718_at,0.3793466240396075,PCDHB4,False
11732037_a_at,0.3792166620693371,PTPN12,False
11720164_at,0.3791337790565035,FKBPL,False
11721470_s_at,0.37909897101993967,EIF3A,False
11733412_a_at,0.37901179634844695,ZC4H2,False
11730400_a_at,0.378916749059293,RASGRF1,False
11721240_at,0.37867530320904214,ZNF787,False
11733987_s_at,0.3785607886027146,C7orf55-LUC7L2,False
11738108_at,0.3783350653301407,KCNJ9,False
11761618_at,0.3782719416409989,SGCA,False
11759478_at,0.3782538324053202,GSC2,False
11739324_a_at,0.3782206619383417,WDR4,False
11731651_x_at,0.37809776457281036,ARL2-SNX15,False
11755647_a_at,0.37803388718123226,DHX37,False
11749340_s_at,0.3778950991663045,SIAH1,False
11728691_a_at,0.3778291596190663,MKRN1,False
11742599_at,0.3778217803464196,OR6C76,False
11743436_at,0.3778191108365231,TBC1D12,False
11724329_a_at,0.37766203471902987,DGCR8,False
11742477_x_at,0.37749256912282503,TRIM53AP,False
11737431_x_at,0.3773550299273585,PAPL,False
11740053_a_at,0.37704009417164824,CENPP,False
11719753_a_at,0.3769842629369208,ADAMTS9,False
11731064_a_at,0.37697788068307636,SMOX,False
11754225_a_at,0.3768631192074651,SEC23B,False
11733362_at,0.37679556550874993,PKHD1L1,False
11742636_at,0.3765859824680879,INS-IGF2,False
11737023_at,0.3764917602131576,DRD1,False
11718010_at,0.3764543281874366,SLC25A22,False
11760265_at,0.3763908969385002,PIH1D2,False
11740739_a_at,0.3763047277456817,ZC3H12D,False
11762945_at,0.37619133386141185,LOC100133106,False
11733617_a_at,0.37616076036321155,RXRG,False
11761395_a_at,0.37612265877295126,NINJ2,False
11738809_s_at,0.3760317794827044,MARK3,False
11723950_a_at,0.37589853993325645,PBK,False
11738149_a_at,0.37584166584001366,TOX3,False
11738445_at,0.37568802741759466,GAS8-AS1,False
11733557_at,0.3756441588193908,SHISA9,False
11750316_at,0.3755755382937185,AACSP1,False
11730456_at,0.37553406040345577,CCDC96,False
11738772_x_at,0.3753397521481495,IFNA16,False
11721539_at,0.37517684490150643,RAB15,False
11723380_a_at,0.3749104543256973,CEP170B,False
11726269_a_at,0.3748467008403784,ITFG1,False
11756025_a_at,0.374772206955291,S100A13,False
11744263_s_at,0.3746707718082155,RAC2,False
11727045_at,0.3746234005100876,CNIH3,False
11733997_a_at,0.37451191224865077,SERPINB7,False
11753511_a_at,0.3744219318921418,GTF2F2,False
11731250_a_at,0.3741688745437934,EPHA8,False
11756162_s_at,0.37410879411779757,PLPP3,False
11754292_a_at,0.3739999685399682,TSSC1,False
11737018_a_at,0.3739476308325508,AGAP2,False
11728789_at,0.37381739151126653,SLC32A1,False
11741785_at,0.3733376472276597,SBK2,False
11715230_s_at,0.37332365598482414,PARD6A,False
11760099_a_at,0.3732441646274897,SCARB1,False
11725213_at,0.3731961817844455,METTL7B,False
11722418_at,0.37298218118771825,UTP3,False
11726340_a_at,0.3729819186865544,NUDT14,False
11735420_at,0.37293565254827377,SOAT2,False
11725703_a_at,0.37291107906553145,KLK6,False
11758612_s_at,0.37260266256342084,MPPED2,False
11764115_at,0.3724566502586572,LOC101929646,False
11741969_at,0.3722340610487201,TRPV5,False
11759967_at,0.3719530509077094,LOC100128816,False
11722468_at,0.3719154649139765,CACNG4,False
11736856_at,0.37182171110685397,RASL11A,False
11720877_at,0.37168245009851747,ABTB2,False
11757315_s_at,0.37167397853429696,TAB2,False
11738150_a_at,0.3716338191026493,AVIL,False
11732138_at,0.3715950132014107,TIMM13,False
11740061_a_at,0.37147829733752713,CSK,False
11729942_at,0.3714619647390665,TMEM56,False
11729112_x_at,0.3714296965551278,GP2,False
11745250_a_at,0.37098811246554686,TMEM40,False
11741345_a_at,0.3709542324704882,SNX31,False
11751807_at,0.3709307178661856,TTTY11,False
11735476_a_at,0.3708714651463008,PALM2,False
11728993_at,0.37077931165134964,CCDC70,False
11757699_x_at,0.3706928314434284,PSMD4,False
11757841_s_at,0.3706248994024857,RANBP9,False
11718056_a_at,0.3704695232337953,BTBD3,False
11721713_a_at,0.3699694361613351,EID2,False
11743150_s_at,0.3698565710667912,ZNF143,False
11754518_a_at,0.36979297451665727,NEIL1,False
11736609_at,0.36969611015676435,MSX1,False
11741156_at,0.3696657634286852,VWA7,False
11755709_s_at,0.36961756973154863,LARP6,False
11763696_s_at,0.36958856265452306,NIPA2,False
11723147_a_at,0.36951427393088326,NAV3,False
11737707_at,0.3694842700315554,ZSCAN5B,False
11748499_a_at,0.36946119022735696,SYT5,False
11717241_a_at,0.36929745047135787,MAEA,False
11742231_a_at,0.36927141244189643,RSPO4,False
11741908_a_at,0.36921739868665265,CACNB4,False
11731861_at,0.36912984826470463,ZNF720,False
11751944_a_at,0.36905207533133655,COL22A1,False
11742764_at,0.36881984342157775,BCAS2,False
11728118_at,0.3684602059262556,EXOC3L4,False
11746354_a_at,0.368430020578876,C1orf158,False
11739429_a_at,0.36841940953768004,ZDHHC24,False
11741723_x_at,0.3682622011243499,DENND2C,False
11737025_at,0.3682489611706483,FAM83E,False
11762856_x_at,0.36817486557919443,CYP4F24P,False
11760632_at,0.36803918066229657,KCTD21-AS1,False
11738878_a_at,0.3679672066301653,CLRN1,False
11756414_a_at,0.3679591770904857,MRPS18A,False
11726775_a_at,0.3679112830762811,POU2F1,False
11753684_a_at,0.36780461330330344,RB1,False
11740897_a_at,0.3676551737641963,TREX2,False
11735799_at,0.3676071122294542,SOX14,False
11742604_at,0.36725652621886096,OR6C70,False
11727764_at,0.3671138602344024,SYNGR4,False
11743654_a_at,0.3671015530270333,APOH,False
11721127_at,0.3668767393936794,ENPEP,False
11728411_at,0.36668154686296633,CASZ1,False
11744508_a_at,0.3666060842389572,CCDC146,False
11731202_a_at,0.3665467445746821,AIM1L,False
11742314_x_at,0.3664822198805273,SLC35G6,False
11763056_at,0.3664585687214679,SCAMPER,False
11742373_s_at,0.3661396454433121,KRTAP4-7,False
11736492_a_at,0.3658375651531692,DAZAP2,False
11755926_a_at,0.3657408211742287,CNGA4,False
11726542_at,0.3657270946292672,TMEM132C,False
11721181_a_at,0.36563871987296387,VLDLR,False
11725855_s_at,0.36553646212829566,XAGE1B,False
11738253_x_at,0.3650684033146416,PCDHA10,False
11738403_at,0.36455071863610633,KRT40,False
11754296_a_at,0.36452298892196816,AEN,False
11760642_at,0.36446172307991165,TRY2P,False
11727636_at,0.36441312519602376,RERGL,False
11741708_at,0.3643394314427725,ANKRD42,False
11749521_a_at,0.36388861764043506,CPT1C,False
11719039_at,0.36360200071799326,CYGB,False
11757212_at,0.3635760784136314,FLJ36777,False
11753129_a_at,0.3635565205953879,TM4SF1,False
11736704_a_at,0.36319528887977287,C6,False
11763356_at,0.3630337864202087,LOC157503,False
11724431_at,0.36297614689564395,C3orf52,False
11742560_at,0.36260704721498704,OR6N2,False
11723797_a_at,0.3625453445741313,ZDHHC12,False
11724885_at,0.36249100711684834,CLIC3,False
11732478_s_at,0.36238459385625826,XAGE2,False
11758291_s_at,0.3623778341771611,MRPS10,False
11755056_a_at,0.3623186855338219,ANKRD54,False
11717819_a_at,0.36207150236197005,TOB2,False
11742566_at,0.36207025867598486,OR2V2,False
11747431_at,0.36202483769560423,SPSB2,False
11715419_at,0.3620171994232152,LY6E,False
11745820_s_at,0.3619028940989036,PLAGL1,False
11745308_at,0.36184181306630214,EPB41L4A-AS2,False
11757426_x_at,0.3615402291692294,GLB1L2,False
11738682_x_at,0.36138473972853963,OR13C5,False
11751516_a_at,0.36133152005910785,FAM71B,False
11742912_a_at,0.36132611328227765,GAREM1,False
11720958_a_at,0.36112903486447334,SAT2,False
11735645_a_at,0.3610565707351966,MASP2,False
11730340_x_at,0.36093149444465306,MSX2,False
11747622_a_at,0.360889514747771,APLP1,False
11761340_x_at,0.36084155102468835,RRN3P1,False
11734759_x_at,0.36064286576688526,HYAL2,False
11742351_at,0.3605673214057188,OR1L8,False
11756184_a_at,0.3604060732905734,UNC5CL,False
11726093_a_at,0.3603134442599111,KANK3,False
11757495_s_at,0.36022766901981845,LRRC37B,False
11742554_at,0.3599652029691604,OR13C4,False
11738506_x_at,0.35993556561930934,AMELX,False
11746427_a_at,0.359924340653237,WDR66,False
11719692_a_at,0.3598286286169491,RARRES3,False
11763129_x_at,0.35979130954937294,YWHAQP8,False
11747097_a_at,0.35977921011844544,RIBC1,False
11723888_at,0.35959543730347354,ZNF251,False
11757560_a_at,0.3595701240217591,NPY,False
11743513_a_at,0.359270612145171,GINS2,False
11719332_at,0.35926697648860173,ARHGAP15,False
11715249_s_at,0.35907571548627826,MAGEA12,False
11748496_a_at,0.35885366869963403,ZNF785,False
11757634_a_at,0.35876779246278356,LCN2,False
11744248_a_at,0.35876325875462123,LRRC4C,False
11722724_a_at,0.35863768368697696,CSF2RB,False
11733465_at,0.3585313624272623,XDH,False
11732988_at,0.35827588602605404,DEFA6,False
11730046_a_at,0.3582224549710906,DSCAML1,False
11722420_a_at,0.35821046466827783,PPP3CC,False
11761820_at,0.35820573708621095,EDEM2,False
11719902_a_at,0.35814869655759235,PHF11,False
11752339_a_at,0.3578914217630487,ADGRF4,False
11740803_a_at,0.3578761172654328,LHCGR,False
11715323_s_at,0.3578414806059674,NKX1-2,False
11744304_a_at,0.35783266810558445,MFSD3,False
11732882_a_at,0.3576999491797944,FBXO43,False
11730891_at,0.35750108296810246,NSUN6,False
11717272_at,0.3571466441786404,COL5A1,False
11717812_a_at,0.3567639615817249,KIF3C,False
11735299_a_at,0.3567374082445246,GLP2R,False
11717857_a_at,0.3566288571863789,DHX29,False
11747750_a_at,0.3565743834898138,CLCNKB,False
11750896_a_at,0.35638022873704506,F2,False
11719901_s_at,0.35630953051800907,TRRAP,False
11739523_at,0.3561909090440248,ST8SIA4,False
11740973_s_at,0.3561127767348318,SLC44A2,False
11732772_a_at,0.3560021939006446,NLRP11,False
11744536_x_at,0.3557370048368571,TCEB1,False
11743404_at,0.35571573788845623,ZMAT2,False
11718729_at,0.3557066932555116,CCDC97,False
11730673_at,0.3556969299284347,OPRK1,False
11725077_at,0.3555649481668746,RIT1,False
11739911_at,0.3554581103346128,PCBD2,False
11719899_at,0.3553066559096113,C11orf96,False
11719184_a_at,0.35528398115380944,ECD,False
11740397_at,0.3552215242713167,SSTR3,False
11757307_s_at,0.3551920481849045,CTSD,False
11720399_s_at,0.3551648149589902,NCS1,False
11759856_at,0.35493474413819315,SNRPG,False
11724632_a_at,0.3546333173742181,SYT13,False
11755166_a_at,0.35447517738731055,ESAM,False
11748768_x_at,0.35444427145850277,NR1H2,False
11729560_at,0.35439898301571543,FOXL1,False
11737548_a_at,0.35426441699384525,PCDHAC1,False
11722238_a_at,0.3542358491970198,DPM3,False
11737699_a_at,0.3539520232157409,PCDHGB7,False
11758010_s_at,0.3535819789057847,GOLGA6L1,False
11740454_a_at,0.3535808323987374,GNRHR,False
11739832_a_at,0.3535090313953321,RIN3,False
11720634_a_at,0.35349539982466344,LRRC61,False
11762950_at,0.35348944499326657,MAGEC3,False
11741477_a_at,0.35301655137201926,NPHP1,False
11737317_at,0.3530118729520006,C1orf95,False
11761854_x_at,0.35300157489608114,LLPH,False
11724405_at,0.3527935762536891,KCTD14,False
11720548_at,0.3526220538536825,HNRNPUL2,False
11716428_a_at,0.35252187836649224,PMF1,False
11733697_s_at,0.3522984142845384,CTAG1A,False
11722635_at,0.35217759643576435,IL2RB,False
11740577_at,0.352142209810055,VWA5B1,False
11715848_a_at,0.35171221307785455,ATP5G2,False
11733520_at,0.35135039245395583,POU3F2,False
11756918_a_at,0.35124613935295124,KIF23,False
11752674_a_at,0.3512134398753883,SPDEF,False
11752352_a_at,0.35121050401046877,SLC9C2,False
11762818_at,0.35119981609916906,LOC101927533,False
11730157_at,0.3509706019658353,CYP8B1,False
11726503_a_at,0.350927593156532,ARSA,False
11753796_x_at,0.35066956192310755,C1RL-AS1,False
11753556_at,0.35051856833933764,TTTY13,False
11750025_a_at,0.350340500681517,MYO15A,False
11758160_x_at,0.3502485948086585,EEF2KMT,False
11732241_s_at,0.35019292114152084,SLITRK6,False
11726081_a_at,0.3500942728017613,CCNT2,False
11731411_a_at,0.34996409089642244,SLC8A2,False
11716026_s_at,0.3497931907777388,SELT,False
11761689_a_at,0.3497370328644662,BOC,False
11718258_at,0.34973339763714223,ANKRD27,False
11755274_a_at,0.34963596017581516,CATSPERD,False
11734454_a_at,0.3494079219124203,WFDC3,False
11729720_a_at,0.34935251304110054,TXLNA,False
11754661_a_at,0.34932103979220674,CAMK1G,False
11728341_a_at,0.3491843554019397,CTRL,False
11729505_a_at,0.3490437028720762,HDDC3,False
11725444_at,0.349014843460819,CCR1,False
11751356_s_at,0.34897029400133256,SDCBP,False
11731866_a_at,0.3489254444182371,FCRLB,False
11758835_at,0.34876764289291085,SKIV2L2,False
11715995_at,0.3487033772236577,MRPL16,False
11737386_at,0.34845507627444683,C17orf102,False
11763876_at,0.34821079213042067,LOC100506700,False
11745906_at,0.34805651729526665,UMAD1,False
11725270_at,0.34788696576955325,SLC12A3,False
11722820_at,0.34766939031697275,GGT7,False
11759140_at,0.34762789909149366,ITGB6,False
11735412_a_at,0.34759454661720873,RFESD,False
11728263_at,0.347549922764795,LUC7L,False
11731741_at,0.3475297699762621,ZNF224,False
11758897_at,0.3474672538841732,APOBEC3C,False
11720575_s_at,0.34746510406846276,CRAT,False
11735377_at,0.3473036608724652,MSTN,False
11726682_a_at,0.34723764329433177,MEIS1,False
11735081_at,0.3472297372088155,GALNT13,False
11729770_at,0.3470925100425581,BPIFA2,False
11720167_at,0.34708451425869746,SELL,True
11720500_a_at,0.34681745607712533,LYRM5,False
11762591_at,0.34681729134001,PPP2R3B,False
11756559_a_at,0.34667520162032817,SNUPN,False
11736810_at,0.34660791268968516,RPL27A,False
11744197_s_at,0.34646600194895366,MYL12B,False
11747722_x_at,0.3461679762569754,IQCC,False
11747853_a_at,0.34601591555582023,SCAMP5,False
11742156_at,0.34583788440678576,GPR31,False
11724866_a_at,0.34502016239803107,SCGB3A1,False
11735370_a_at,0.34494414236429116,IQSEC2,False
11721282_a_at,0.3446279870756985,POLR2H,False
11717799_at,0.344608585636484,ZER1,False
11760533_x_at,0.3442953397179883,ALDH9A1,False
11730421_x_at,0.3442522618390918,FLVCR1,False
11743555_a_at,0.3441901296780908,QTRTD1,False
11756597_a_at,0.3441354670072827,TRMT44,False
11761726_a_at,0.3441118379073921,ANKRD30BP3,False
11736792_a_at,0.3439983794264315,NXT2,False
11750651_a_at,0.3439580007200872,ABCC4,False
11733725_a_at,0.34361782048692885,CFB,False
11730628_a_at,0.34344844761012594,SPHKAP,False
11729040_at,0.3432220455108832,ZNF469,False
11750005_a_at,0.343188913799839,CNTROB,False
11745570_x_at,0.3431125351744609,LSP1P3,False
11742483_a_at,0.34291891180220724,CCDC190,False
11739530_at,0.34282020351947945,PLGLB2,False
11720128_at,0.3424766008517336,SETD1A,False
11728677_a_at,0.34210676707501186,CES2,False
11723252_a_at,0.34187824596018823,SERPINC1,False
11721600_s_at,0.34164385647923734,BRPF3,False
11742422_a_at,0.34157653625347034,CEP192,False
200079_PM_s_at,0.3415445617396075,KARS,False
11726506_at,0.34149630326906705,FUT9,False
11733662_a_at,0.34144930302368187,KCNH2,False
11715103_x_at,0.34143769717633765,TNFAIP8L1,False
11737456_at,0.34138745689524624,CXorf66,False
11732268_a_at,0.3412592763669128,KLHL40,False
11746003_a_at,0.3411449660554557,POLDIP2,False
11719112_s_at,0.34111818281225476,PJA2,False
11752818_x_at,0.34105259350159145,C8orf86,False
11739468_at,0.34090264026563166,TMEM87B,False
11730539_x_at,0.34087112783808177,ZSCAN10,False
11738636_x_at,0.3408708468117931,PCDHGA3,False
11745129_x_at,0.3406423464192786,NOCT,False
11757647_s_at,0.3405321930002553,LINC00909,False
11732195_at,0.3405142902693959,KPNA4,False
11729973_a_at,0.3404502234383048,PRSS36,False
11716321_a_at,0.3404498245149774,CARKD,False
11744544_s_at,0.34006792763392685,KDELR1,False
11732711_at,0.3400653429306199,TVP23C,False
11735524_at,0.3400026554466484,GDPGP1,False
11741894_x_at,0.3399677637940927,DPH3P1,False
11732468_at,0.33983298046108223,ATP12A,False
11744163_at,0.3396705557231238,AADAC,False
11756279_a_at,0.3395857636864575,FAM118B,False
11762821_at,0.33950553396380456,LINC00856,False
11716842_a_at,0.3394694265069299,CD53,False
11755099_a_at,0.33945826598350365,WWTR1,False
11738732_at,0.33921880614776423,OR2G6,False
11761905_x_at,0.3391888329284673,MCF2L2,False
11740865_at,0.3391384825916679,CLEC9A,False
11742598_x_at,0.33908078208697984,OR8H3,False
11759355_x_at,0.33891160287002775,GPR32,False
11725478_at,0.3388938470434962,OVOL1,False
11747780_x_at,0.3387408008957548,GOLGA8DP,False
11729774_at,0.3387117775323759,PCDHB7,False
11755850_a_at,0.3382840459967719,ZBTB10,False
11731390_at,0.3382800006940307,DRICH1,False
11757446_x_at,0.3376710753216403,MINOS1,False
11745455_a_at,0.33759911741557125,ABCB8,False
11722648_a_at,0.337489986138132,TNNI3,False
11723682_at,0.3372035947143062,ALYREF,False
11755751_s_at,0.3371890863135056,DEFB108B,False
11722858_s_at,0.33716717607031177,ZNF395,False
11752810_a_at,0.3369281269093493,DOLK,False
11763936_at,0.3369158246138653,KRT17P5,False
11761035_at,0.3366466030889804,ZNF394,False
11761140_at,0.33664398818507685,DNAI1,False
11731996_at,0.3365238445448228,TRIM58,False
11755338_a_at,0.33639938894874494,SPAG7,False
11762957_x_at,0.33639567049420216,DPY30,False
11753543_a_at,0.336182680431107,KLK9,False
11734606_a_at,0.3360013668132077,CXCR3,False
11741557_a_at,0.33565433542800044,PCDHGA9,False
11744842_at,0.3355844349229338,LINC00474,False
11760055_at,0.3355315802935301,KCNG4,False
11715775_a_at,0.3354643848464696,HSPB8,False
11763636_x_at,0.33483185167193763,LOC100130430,False
11733228_at,0.33475018130849554,DNMT3L,False
11726976_at,0.3346459819038916,PERP,False
11717898_a_at,0.33454339074233863,MMS19,False
11722317_a_at,0.3344298670755281,PTPN13,False
11726553_a_at,0.33441172503141015,TMEM155,False
11720912_a_at,0.33438884163945615,CAPN6,False
11734613_x_at,0.33435235545399566,KRTAP10-4,False
11747298_a_at,0.3343516232081793,S100A16,False
11731875_at,0.3340670974482131,LOC100506472,False
11742547_at,0.3339536215420125,SDR16C6P,False
11725021_at,0.3338554272489101,COL23A1,False
11740375_a_at,0.33384982831303095,RGS10,False
11736508_at,0.33383465926350514,MAGEE2,False
11737000_a_at,0.33379338586417434,ZNF41,False
11728363_s_at,0.33376813182154125,IL20RA,False
11720842_at,0.3337247995816929,RHOD,False
11731816_at,0.3336336351849816,FAM78B,False
11759186_a_at,0.3334870781307956,CCDC103,False
11730595_at,0.33344884629202737,LYG1,False
11730976_a_at,0.33336238539764174,NSUN7,False
11736908_at,0.33305432239259325,ZBTB3,False
11744870_a_at,0.33283788296942207,SLC1A6,False
11729546_at,0.33256510465720945,ZFPM1,False
11731677_at,0.3324731711117899,AKR1C4,False
11732406_at,0.3323743414369343,PRPH2,False
11737734_x_at,0.3323577380494305,CAPS2,False
11737919_a_at,0.332092423843635,GUCA1C,False
11763430_at,0.3320463837625883,LOC100131822,False
11749693_a_at,0.33199461222932297,ARHGAP17,False
11742521_at,0.3319767965779777,OR4K17,False
11726810_s_at,0.3318381992572442,SMIM24,False
11737646_at,0.3317282482898406,CTXN2,False
11742161_a_at,0.3316888857551851,C22orf42,False
11718020_a_at,0.33161241575373224,LRRC20,False
11724687_a_at,0.3315009849914504,PCSK5,False
11740660_a_at,0.33130461156571983,IGFALS,False
11737523_x_at,0.33130033261853564,VSIG8,False
11760001_at,0.33123986279219625,BTG4,False
11732463_x_at,0.3312342686811991,TERF1,False
11740684_at,0.3311171572206035,HEPHL1,False
11745071_a_at,0.33108043317383873,TCEAL4,False
11762297_at,0.3308383337948843,LOC102724330,False
11719580_s_at,0.3307827435347841,HIGD2A,False
11762335_a_at,0.33078042838828764,CDKN2AIPNL,False
11753546_a_at,0.3306906194586403,SNRPB2,False
11736466_a_at,0.33048701300220057,FBXO18,False
11734732_s_at,0.33046198912122215,CRP,False
11723641_a_at,0.33037381643464464,FUCA1,False
11717193_a_at,0.3303536576677944,OST4,False
11723653_at,0.33019664540512944,MUT,False
11755174_a_at,0.33013415354751763,CGN,False
11718069_a_at,0.3300590942120884,NCOR2,False
11723159_at,0.3298299250065185,TMEM229B,False
11719980_a_at,0.32975538497638257,FMNL2,False
11718139_at,0.3295528996598798,PDXK,False
11751339_x_at,0.32942422687492723,PSG9,False
11717542_a_at,0.32896664742339393,NFKB1,False
11723124_a_at,0.3289345532895653,MORC3,False
11730861_at,0.3288229321117787,EXTL1,False
11751854_a_at,0.3286885745488746,GSG1L,False
11748104_a_at,0.32863132480162843,CDC25C,False
11749221_a_at,0.3286066384938584,SLC13A3,False
11762133_at,0.32858890049425465,SCGB2B3P,False
11723625_a_at,0.3284140979634526,SPSB4,False
11745035_x_at,0.3281634823654481,LINC01296,False
11725935_at,0.32813548784612906,CAMK2A,False
11724931_a_at,0.3279877070074742,MERTK,False
11742051_at,0.3279280975590262,TCHHL1,False
11740942_at,0.3278872057390297,SALL3,False
11738079_at,0.3278393519670975,NR2E3,False
11762199_s_at,0.3277641333479959,LOC100287934,False
11741288_a_at,0.32759748860984694,NXPH4,False
11763603_a_at,0.3274541831858459,LOC100128554,False
11717671_a_at,0.3274378112047721,SF3B6,False
11736561_a_at,0.3273493895896143,TSLP,False
11721327_a_at,0.32732636645918783,DFNB31,False
11738936_x_at,0.32728796361772666,KLRC3,False
11722232_a_at,0.3270551456743424,PCP4,False
11718621_at,0.3269900051300168,DUSP12,False
11734321_at,0.326963001144702,BMP3,False
11743683_a_at,0.3266651672847873,MFSD14A,False
11740600_at,0.32635362258266065,TRHR,False
11717587_a_at,0.3262776005026749,GC,False
11719218_at,0.3262422870361102,SOCS3,False
11724439_a_at,0.32591086105973316,TSACC,False
11731569_at,0.32587859294902,PAWR,False
11720258_a_at,0.325801349808742,TRAPPC6B,False
11762455_x_at,0.3257632653318267,COL8A1,False
11737155_at,0.3257568640335481,OXT,False
11728541_s_at,0.3256518651787951,MDGA1,False
11742403_at,0.32561877372065945,CLLU1OS,False
11724397_s_at,0.3254196127888858,PRRG1,False
11729015_at,0.3252587850469419,SCN1A,False
11716144_a_at,0.32518950058368573,PDCD6IP,False
11722698_a_at,0.32515749732075777,STUB1,False
11727705_a_at,0.32515503620826347,CCDC42,False
11725644_at,0.32511837230538776,TET2,False
11753054_at,0.3250507797072451,AGVR6190,False
11720004_at,0.3250165254261915,MISP,False
11738650_s_at,0.32475134266986555,OTOP1,False
11737331_at,0.324600127513158,PDE1C,False
11738226_at,0.3245637789923945,GPR179,False
11718151_a_at,0.32441076245896855,HDAC3,False
11720704_s_at,0.32440879330555544,TPD52L1,False
11738012_at,0.3244009555877322,INHBC,False
11747243_x_at,0.32428301144758337,EFS,False
11760239_at,0.32407469917616477,MCM9,False
11717398_at,0.3238744920452306,ZNF212,False
11754915_a_at,0.32378748862863743,CCDC115,False
11751324_x_at,0.3237766642889353,HARS,False
11738518_a_at,0.32376348328997495,KCNH1,False
11736703_x_at,0.32339373603061805,MAP3K9,False
11728739_a_at,0.3233673227345442,TBC1D20,False
11715980_at,0.32334404660478777,AIP,False
11734363_at,0.32328466195048583,GDF6,False
11726538_x_at,0.3231718172145378,KANK2,False
11722511_a_at,0.32289702560893013,SAG,False
11743909_at,0.3228198246248725,ALG14,False
11742942_s_at,0.32279815294497116,UBE2D3,False
11742645_x_at,0.32231112066009515,CSHL1,False
11746633_a_at,0.32230316106676876,POLA2,False
11732172_at,0.32229902957656525,ABT1,False
11738975_at,0.3222666636103251,DEFB130,False
11751452_a_at,0.32222091068250386,MYH2,False
11719196_s_at,0.32220591502650314,FAM127B,False
11739851_a_at,0.322184548225164,HTRA4,False
11721759_a_at,0.3220484462223855,ASAP3,False
11720786_a_at,0.32173588314173546,DYNC1LI1,False
11734098_at,0.3216484219886565,C14orf37,False
11764139_at,0.32161933520376157,LOC101929551,False
11750696_a_at,0.32146838836007147,RASAL1,False
11715234_s_at,0.3214431840282925,UCN,False
11738425_at,0.32141830706406943,SLC10A6,False
11743329_a_at,0.3213290469502179,BRICD5,False
11733327_at,0.3213242062653259,NKD1,False
11756916_a_at,0.3211412758710362,ABCG5,False
11716336_a_at,0.3211302626675787,PRCC,False
11763359_at,0.32103142881712754,DOC2B,False
11724791_at,0.3209705809134406,PKP3,False
11717859_a_at,0.3208481126894247,EBP,False
11759314_at,0.32033171941998534,CRHR2,False
11731613_a_at,0.3202504087045736,RHEBL1,False
11761219_at,0.32014393382863915,CRACR2B,False
11728039_s_at,0.320074457393321,CCL8,False
11750810_a_at,0.32004064976233343,PTPN5,False
11735825_at,0.3199023484140482,SLC9A3,False
11738214_x_at,0.3198293324987679,LBX2,False
11762230_at,0.31956991065996276,HAAO,False
11742335_at,0.3193441107254743,OR2D2,False
11735779_a_at,0.3193113245918877,CD101,False
11748924_a_at,0.3192456005081284,KMT2D,False
11741682_at,0.31921968699679115,C2orf61,False
11717166_a_at,0.3191902863205645,KDM2A,False
11730034_at,0.31909820722044724,CDHR2,False
11737883_a_at,0.31881406868405443,MAGEA10,False
11738507_at,0.3187130005083616,INSL5,False
11745698_x_at,0.31864724043952225,HAND2,False
11715789_a_at,0.31863940296714743,SLC40A1,False
11731756_at,0.31857088700546293,KLHDC7B,False
11721563_a_at,0.31834561726570987,MELK,False
11721300_a_at,0.31820272712065656,ROMO1,False
11759595_x_at,0.31806812456706,ERVK-6,False
11725012_a_at,0.3178945256037761,KCNIP3,False
11735486_at,0.3173795528204716,HOXC8,False
11719110_a_at,0.3171778010911532,TMEM161A,False
11740907_at,0.31711030928271094,RTL1,False
11733525_at,0.31704610731805155,C2orf71,False
11724528_a_at,0.3168958351772253,GCNT3,False
11735641_at,0.31682439751385616,HMSD,False
11736823_at,0.3167477232169,VN1R1,False
11728486_a_at,0.3167067353232809,LIMD1,False
11755642_a_at,0.3165651659142262,KIF1A,False
11718372_x_at,0.316490634183401,NRBF2,False
11764219_at,0.3163255343748897,LINC00380,False
11733964_x_at,0.3163002084805196,CYP4F11,False
11735853_x_at,0.3161007186987138,OR10H1,False
11743697_a_at,0.31595464305976434,TEX30,False
11738944_at,0.31594371305839464,STARD6,False
11732924_at,0.315874036972475,ENAM,False
11738234_x_at,0.315779542767057,ZNF732,False
11744361_a_at,0.3157567693037194,NCOA6,False
11746253_a_at,0.3157480185586662,LOC339166,False
11757267_x_at,0.31552339637537385,SIRT2,False
11761830_s_at,0.31537194866456536,HERC2P4,False
11759244_at,0.31533360873111604,LINC00477,False
11740827_at,0.3152761970149927,HES3,False
11751546_at,0.31520460184901156,PACRG-AS3,False
11761739_at,0.31518787171489154,LOC100288866,False
11754827_x_at,0.3150850435882951,FBXO17,False
11728866_a_at,0.31484250947559494,NMRK2,False
11745316_x_at,0.31484160021834623,FAM25A,False
11717195_a_at,0.31482677975458895,RAB5B,False
11762924_at,0.3144898741097148,GUSBP1,False
11731865_at,0.31434838921142516,IGSF1,False
11727845_a_at,0.3142182363364017,HSPA14,False
11731322_at,0.3141827071819802,C22orf31,False
11734236_at,0.3141412128436949,C16orf90,False
11715195_at,0.31411669529572134,IMPACT,False
11764169_at,0.3138667631988395,LINC01388,False
11732347_a_at,0.31354693837821573,TCF20,False
11735859_at,0.3135184127908065,TAS2R7,False
11760607_at,0.313471758141816,AGR2,False
11726146_at,0.3131103661716873,TMEM61,False
11754812_a_at,0.3130950731326269,NPAS2,False
11726206_a_at,0.31297967767565205,SH2D5,False
11728625_a_at,0.31294056239750045,SLC22A12,False
11757171_x_at,0.31293585021283093,SNORA71D,False
11733943_at,0.3128537497245975,IL2,False
11723310_at,0.312796352244902,TNFRSF10D,False
11722612_x_at,0.31276173261569473,TUBGCP5,False
11756939_s_at,0.3127472816570013,BRD7,False
11744554_at,0.3126645493120145,CROT,False
11737634_a_at,0.3123412080184993,UGT2A1,False
11763811_a_at,0.312239567014708,LHX1,False
11721973_at,0.31220209957059114,JADE3,False
11731704_a_at,0.31198204531265494,ADAMTS8,False
11743942_at,0.3119504795562603,CCDC152,False
11742732_s_at,0.31193891471311835,MORF4L1,False
11727505_at,0.31184634378603454,RAB21,False
11738782_at,0.311657253016414,IGFL4,False
11755724_a_at,0.3116189032849056,MLF1,False
11743312_s_at,0.31141354262770915,TMEM218,False
11732984_at,0.3113665210555128,FTHL17,False
11736623_a_at,0.3112144382127381,TMEM110,False
11728629_a_at,0.31118155420155785,PRR22,False
11735761_at,0.310812855331283,NAA11,False
11729726_at,0.3107412005875995,GPC5,False
11740534_x_at,0.31068675930261236,PTGES3L,False
11738488_a_at,0.31047177181291324,GPR148,False
11729030_a_at,0.3103866524515956,SPATS1,False
11734347_at,0.3101164908985282,PRPS1L1,False
11738708_at,0.30998056297741056,OR10K1,False
11756845_a_at,0.3098987968242628,LINC00176,False
11759861_at,0.30985807934655824,ARHGEF10,False
11717344_x_at,0.30971044555703836,FOSB,False
11735805_at,0.3096752348005395,SPDYE4,False
11742675_x_at,0.30915848527230294,LCE3B,False
11743094_at,0.3090534116373626,SPRR4,False
11723973_at,0.30904741808532254,CHST12,False
11728643_s_at,0.3089743941069736,ACTR3,False
11742590_at,0.3089048712888578,OR2M5,False
11718311_a_at,0.3088235499483502,RBM33,False
11743595_at,0.30878880102693995,C5orf49,False
11734940_a_at,0.30858666733653684,SLC16A9,False
11715860_a_at,0.3084502405341709,RIC8A,False
11752486_a_at,0.30838972568987305,G6PD,False
11753824_x_at,0.3081884800670288,FXYD1,False
11738417_at,0.3080415767447125,DMBX1,False
11754638_a_at,0.30797898072324614,USP30,False
11740235_at,0.3079316668475243,RAB27B,False
11727804_s_at,0.3078721217990086,PRDX3,False
11734404_s_at,0.3078293023591079,PABPC4L,False
11743283_a_at,0.30775483152354083,TIMM10,False
11737911_a_at,0.30760359929771663,GPR84,False
11761182_at,0.3075835710433229,NACAP1,False
11729521_at,0.307474122788459,CA5B,False
11736175_a_at,0.30729451210329634,ARPIN,False
11737312_at,0.3072822527254035,CCL1,False
11734595_at,0.3072293689897508,HIST3H3,False
11743861_a_at,0.30678639173554334,NIPSNAP3A,False
11753934_at,0.30666863197752814,AGAP2-AS1,False
11762655_at,0.30666791349904865,RSPH10B2,False
11743474_a_at,0.30666549411214855,SMIM4,False
11757993_s_at,0.30653975857949606,KATNAL2,False
11732632_at,0.30651541670115706,HOXA7,False
11757462_a_at,0.3065147989637013,OSGEP,False
11747712_s_at,0.30645823791017074,LOC101060429,False
11724080_x_at,0.3063485686636728,COL21A1,False
11754862_a_at,0.30632771504542466,RARRES2,False
11732113_at,0.30607829242760226,IL17A,False
11734629_at,0.30601762734992694,GPHB5,False
11742278_a_at,0.3058017268537991,CTH,False
11736275_x_at,0.305777913759326,CEL,False
11728960_a_at,0.3053565385026503,KRT80,False
11735916_a_at,0.30506485383766924,TREML4,False
11729773_a_at,0.30498679384310995,PPEF1,False
11750947_a_at,0.30498322103277753,P2RX6,False
11740809_x_at,0.3049181793261238,PRAMEF13,False
11752325_a_at,0.304211642985331,NTRK3,False
11753853_x_at,0.3041732556307864,NNAT,False
11755870_s_at,0.3041149627548409,YTHDF1,False
11737279_at,0.3039493845425352,CYP7A1,False
11727635_a_at,0.30385583280400547,SERPINI2,False
11763338_a_at,0.30378323895202114,BOD1L2,False
11749509_a_at,0.30376108995971896,CREB3L1,False
11757256_at,0.303760398391892,LINC00235,False
11744733_x_at,0.30373337991331006,UBE2CP5,False
11762703_a_at,0.3037217406128132,FAM83A-AS1,False
11740340_at,0.30365305564751843,F2RL3,False
11734221_at,0.30355113452210064,CREG2,False
11738927_at,0.3033769630642391,OR5P3,False
11715313_s_at,0.30335359300134773,LHB,False
11743100_a_at,0.3032078468486163,ENO2,False
11734932_at,0.30315791639151934,F11,False
11755048_a_at,0.30306554047269707,MED22,False
11740415_a_at,0.303039137551366,DNAJC5B,False
11720006_a_at,0.30297227885634137,TPRN,False
11745407_s_at,0.3028542268784579,LOC441239,False
11753665_x_at,0.3027941786553967,EGLN1,False
11737776_a_at,0.30278233425444023,ZNF7,False
11717782_s_at,0.3027613523511471,PHF5A,False
11723628_at,0.3026459135509527,FAM162B,False
11744431_a_at,0.3026134467735778,LIPF,False
11729898_at,0.3025331808014423,ZBED8,False
11735515_at,0.3024940385831039,PATE4,False
11734449_a_at,0.30229556036101174,SOHLH1,False
11730850_at,0.30222702337007745,CDSN,False
11726023_a_at,0.30214343893227225,EDN1,False
11744325_a_at,0.3020845581180536,STRIP2,False
11759092_at,0.30199576073203577,USP12,False
11733903_a_at,0.30194716626421136,SPATA4,False
11761967_a_at,0.30192595478473044,ECI2,False
11733546_s_at,0.3017096359215706,HCN1,False
11750210_x_at,0.30167374475538394,SYNPR,False
11744530_a_at,0.3016450510137255,SEMA4G,False
11753760_s_at,0.3015467457126954,CDK2AP2,False
11742596_at,0.30146937298193655,OR51B6,False
11718782_s_at,0.301374480727566,TMED1,False
11733845_at,0.30134738045362314,GRK6,False
11724899_a_at,0.301307515552915,TMEM198,False
11748221_a_at,0.300547581296156,MUL1,False
11757501_a_at,0.30044383389995466,POLR2I,False
11755027_a_at,0.30038323803069145,TGFB1I1,False
11739676_a_at,0.30035964296476036,PRR27,False
11752612_at,0.29995100752475384,TSPAN15,False
11741781_a_at,0.29994395562461035,CLEC2L,False
11757600_x_at,0.299941691636533,HSPG2,False
11733062_a_at,0.2998320213285477,GABRA6,False
11737882_x_at,0.2993798525403605,XRCC2,False
11745325_a_at,0.2992475991600267,ZNF497,False
11741842_a_at,0.29919205982775143,CST11,False
11735015_a_at,0.29910390764034883,GPR137,False
11750688_a_at,0.29904385186824267,EFR3B,False
11764213_at,0.29901603438770447,LOC102724152,False
11725773_a_at,0.2987555492383849,TBC1D24,False
11757310_s_at,0.29863068083850935,TMEM98,False
11734778_a_at,0.29854328665782115,PCTP,False
11746446_a_at,0.29829730574228847,DUOXA1,False
11739267_a_at,0.29817378393074584,GPR61,False
11740659_at,0.29807577316457484,LRIT2,False
11757715_a_at,0.29801285693766366,MIR205HG,False
11721800_a_at,0.2979743304557101,NAA50,False
11748032_x_at,0.2978758127248999,ALPL,False
11749060_a_at,0.2978186547374409,LSP1,False
11735772_s_at,0.2976474417840566,LOC440040,False
11729518_a_at,0.29758085052954325,C1QL2,False
11722811_s_at,0.2973618656099753,RAB7A,False
11750646_a_at,0.29731188349066756,PDE2A,False
11738421_at,0.29730009075087555,OR4C6,False
11730166_a_at,0.29703484504647204,C11orf16,False
11715269_x_at,0.29694898531277625,ALG1L,False
11721316_a_at,0.2967236886097835,RCVRN,False
11738724_at,0.29660098327765877,OR4D6,False
11753194_s_at,0.2963600693623754,LINC00893,False
11723144_at,0.29632625342777275,NALCN,False
11715139_x_at,0.2959971303427961,IFNA10,False
11738880_x_at,0.29595065705732215,PSG8,False
11756352_a_at,0.29580069145174553,PRSS22,False
11720864_s_at,0.29576978070160975,SLC25A24,False
11739650_at,0.2954577292752508,DLL4,False
11758965_at,0.29542238030667756,ATG4C,False
11760071_at,0.29518283737998635,LOC440313,False
11742532_at,0.2951787654431065,OR11H6,False
11734346_at,0.29511103728062354,CEBPE,False
11745788_a_at,0.29500739064130405,MUC12,False
11726973_x_at,0.2950012373731479,GH1,False
11725906_a_at,0.29485674750379093,C9orf47,False
11732967_x_at,0.2947437445148744,GAGE12B,False
11722310_a_at,0.2946651354932115,TMC4,False
11740276_at,0.2945553126406365,ACOT12,False
11738243_at,0.2944384140396658,C17orf82,False
11720886_at,0.29443797931950877,ZNF629,False
11720118_a_at,0.2943269024649932,HEATR6,False
11759026_at,0.2941862156155751,SLC25A40,False
11725456_s_at,0.29415033692547576,FBXO33,False
11756084_a_at,0.2940673852001523,PHF8,False
11746423_a_at,0.29398136027581895,RNFT1,False
11738590_at,0.29394538075497323,IL31,False
11715803_a_at,0.293910236719344,ANXA6,False
11730152_at,0.29390749921999243,TMEM207,False
11726499_at,0.2937084815259264,ANO5,False
11744519_a_at,0.29355351068357427,POLE2,False
11740416_at,0.29344653237835217,BRCA2,False
11758619_s_at,0.2934122213710158,LIF,False
11761070_at,0.293381409704291,MRPL20,False
11747119_a_at,0.2932692041234192,RGMA,False
11746833_a_at,0.29311970791394365,CASC2,False
11755839_x_at,0.2928397157380363,ARFGEF3,False
11715877_s_at,0.2927603863026359,CDK2AP1,False
11734636_x_at,0.2926675853698517,KRTAP10-5,False
11740169_at,0.29242342803559046,ARHGAP42,False
11735184_at,0.29239427214520275,EXOSC6,False
11736640_a_at,0.2923163618652493,ESRP2,False
11732558_at,0.29230050305906174,TEX37,False
11734302_at,0.29225476483417834,MBL2,False
11723577_x_at,0.29198771986209776,OSR2,False
11752143_a_at,0.29186899495582086,ABCB11,False
11735742_a_at,0.29169866786613347,TEX101,False
11743226_at,0.2915938158456887,CCDC160,False
11738040_a_at,0.291572002586284,ZNF630,False
11738368_a_at,0.291557903536064,CLPSL2,False
11734628_at,0.2914981082464845,IL36A,False
11731788_a_at,0.2914757816246382,NCKAP5L,False
11730030_a_at,0.2913782829622238,E2F7,False
11731631_a_at,0.29126263633184485,SOX30,False
11723052_a_at,0.2908974106999568,SZT2,False
11731071_at,0.29087785296521756,NOXO1,False
11740404_a_at,0.2908507406716559,GALNT10,False
11738343_a_at,0.29067009345194794,TMC1,False
11759453_at,0.2903725224064259,OR1E1,False
11732943_at,0.2902213687682487,C7orf66,False
11727503_at,0.29008647554071565,SOX7,False
11761058_at,0.2900459314739082,CCNT2-AS1,False
11755911_a_at,0.2900052899029756,ADGRG7,False
11737337_at,0.2899942386970179,ZNF527,False
11755450_a_at,0.2898519674808922,ZNF608,False
11729020_at,0.2897791789132805,ZNF804A,False
11726877_at,0.28963101620745046,GJB5,False
11734589_a_at,0.2896222561923641,NR6A1,False
11752813_a_at,0.2896118955335818,MSC-AS1,False
11738117_at,0.28934038750796837,TBX20,False
11732698_at,0.2893129486632781,SERPINA7,False
11723027_at,0.28919268496939915,ITLN1,False
11733661_a_at,0.2888273870656652,C1orf105,False
11734239_a_at,0.2886763810955792,PTPRT,False
11721285_a_at,0.28864981044719845,TBPL1,False
11758314_s_at,0.2886164095999953,NDUFAF2,False
11729372_s_at,0.2884904161323912,LRRC37A3,False
11737229_s_at,0.288379042423958,TGIF2LX,False
11724753_at,0.28833279396486494,TMF1,False
11719656_at,0.2882209578866275,SEMG2,False
11759011_at,0.2881992152286549,PRPF4,False
11715557_at,0.28818959886940904,FLJ23867,False
11716386_a_at,0.28814418433944017,RAB11FIP5,False
11728414_s_at,0.28803978547099013,PDIA2,False
11721253_at,0.2879849010907437,MYLPF,False
11728329_a_at,0.2879835535578725,PRICKLE3,False
11734096_a_at,0.2877451550053165,TMEM108,False
11751401_a_at,0.2876521795482214,PRPSAP1,False
11722948_a_at,0.28758319963120205,CDRT4,False
11741925_at,0.2875780249413496,LOC101928957,False
11748022_x_at,0.28706311518655026,TNNT3,False
11763606_a_at,0.286918729855059,VAV1,False
11750576_a_at,0.28685262534505773,KDM3A,False
11732539_a_at,0.286768566483582,ASB12,False
11738952_at,0.2867372786246377,LCN9,False
11715220_s_at,0.2866141127128888,C2orf44,False
11729428_at,0.28653440208391767,ARHGAP36,False
11738107_a_at,0.2864511944628442,SHANK1,False
11724903_a_at,0.2864164352856502,MAP3K14,False
11739130_a_at,0.2861788498209056,ABAT,False
11748042_s_at,0.2859645190069026,KMT5A,False
11737295_s_at,0.2859199971200665,KIAA1328,False
11759939_x_at,0.28581963551032236,LOC100131541,False
11719769_a_at,0.28581005200525894,RNF111,False
11742253_a_at,0.28576513566507017,ZNF534,False
11721417_at,0.2855720822871621,SCNN1B,False
11740894_x_at,0.2855505255823147,SPANXN2,False
11716650_a_at,0.28549238395619886,UBE2Z,False
11732376_a_at,0.28540601202508636,TBC1D19,False
11757806_x_at,0.28526683478046855,PRDX6,False
11730105_a_at,0.28525108435329105,PKLR,False
11740498_at,0.2851646504436316,OCSTAMP,False
11723033_at,0.2849609956830667,NOV,False
11740811_at,0.2848841850764357,TPSG1,False
11744758_a_at,0.28488405722293336,PSORS1C1,False
11762405_at,0.2846053862168175,ZYG11A,False
11727671_a_at,0.2845294885078906,SYT17,False
11720442_at,0.28439628365187514,INAFM1,False
11719399_a_at,0.28436362715146973,DOCK6,False
11733265_a_at,0.28412227111400984,PIRT,False
11724322_a_at,0.28410535438669754,CST6,False
11722084_at,0.28407118846376683,INTS5,False
11754453_s_at,0.28401547685517736,NUDT4,False
11758149_s_at,0.2839910671489901,RACGAP1,False
11720682_at,0.28386234472105437,TIFA,False
11737739_at,0.2837856960217806,GPR27,False
11763502_x_at,0.28376158960844383,LOC100287497,False
11719601_a_at,0.28375385610585036,MOXD1,False
11731915_a_at,0.28370282441772104,ZNF607,False
11735699_x_at,0.28360757968299455,STK11,False
11755121_x_at,0.2834870320075875,OSCP1,False
11730113_a_at,0.28326345830027405,ZDHHC13,False
11754732_a_at,0.2830754195323614,CNDP1,False
11732974_at,0.2828671272340867,OR1D2,False
11747719_a_at,0.2825980860839938,KIAA0391,False
11730426_a_at,0.2825483588774627,ZNRF4,False
11740330_a_at,0.2825101247358992,ZNF575,False
11729504_a_at,0.2824987496403503,AOC2,False
11753872_x_at,0.2824785393097203,MT3,False
11740433_at,0.2824009516690721,SIX3,False
11754785_a_at,0.2823581989530187,ZFYVE19,False
11718449_a_at,0.2821828276307981,AGBL5,False
11727534_a_at,0.28176435335709815,AKAP3,False
11744335_x_at,0.281600349617104,PFKL,False
11739856_s_at,0.28157621131845006,TENM2,False
11739940_a_at,0.28142009265430357,SENP1,False
11749706_a_at,0.28139722820285407,CCDC138,False
11726360_a_at,0.2812876848341887,ALDH3A1,False
11731847_a_at,0.2812392535829249,RBM41,False
11733930_at,0.2811508010854482,LDHAL6B,False
11761720_x_at,0.281086826178159,HPS1,False
11725759_a_at,0.28101117610765514,C6orf203,False
11728891_at,0.2809747025472947,SLIT1,False
11727697_a_at,0.28080180083295486,TPPP2,False
11763458_a_at,0.28062932997032025,LINC00906,False
11732653_x_at,0.28056711236443543,ANKRD65,False
11730635_a_at,0.28037037648714275,GRHL3,False
11755551_a_at,0.28028058906683473,MYO18B,False
11717906_s_at,0.27999651970008976,STAU1,False
11740279_a_at,0.2799232808066608,IRX2,False
11743899_x_at,0.27973088193432555,LIN54,False
11720090_a_at,0.2797143469150838,NRSN2,False
11737774_a_at,0.2796730608613746,RNF182,False
11730674_x_at,0.27944871178162645,MAP3K15,False
11747089_a_at,0.2793436823247617,PTPRS,False
11759567_at,0.27920709604203575,TMEM265,False
11725933_at,0.2791388411502731,HSPA5,False
11727970_a_at,0.2782124285065821,SLC14A1,False
11759410_s_at,0.278036765309111,KCNV2,False
11742385_s_at,0.27774139210444654,OR8B2,False
11738361_a_at,0.27742833642627585,CCDC157,False
11738311_at,0.27733867585526506,C15orf53,False
11734017_a_at,0.2772455150136208,UBQLN1,False
11734282_at,0.2769828717035528,SLC25A48,False
11727401_x_at,0.27678454333725805,HOPX,False
11731815_at,0.2767686715967116,ISL2,False
11740900_a_at,0.27665638100250095,C4orf45,False
11727299_at,0.276615046093411,CASC10,False
11734679_a_at,0.2765980240527694,TXNL4A,False
11736977_x_at,0.2765579820309297,ZNF431,False
11721410_s_at,0.2765196203214499,STK16,False
11761652_at,0.27645716573346724,COL14A1,False
11728242_a_at,0.27639660203568567,SCO1,False
11754905_a_at,0.27633216574708863,PLCZ1,False
11746061_a_at,0.2763297337497358,EHD3,False
11749571_a_at,0.2762800136495247,ZNF692,False
11729014_at,0.2761327591006356,CACNA1E,False
11737896_s_at,0.27606695401943493,TAF13,False
11729939_at,0.2759363240342574,CRYBB3,False
11719510_at,0.2758017304752608,HELZ,False
11736879_at,0.27576477255533205,GPLD1,False
11744698_x_at,0.27557930397501873,TPRG1L,False
11730853_s_at,0.27534685486766175,P4HA1,False
11737204_x_at,0.27518515456142933,MARCH8,False
11742275_at,0.27509197975902,NXPE2,False
11722255_a_at,0.2750557964369079,RRAD,False
11730999_at,0.2749693616034987,ZNF654,False
11716439_s_at,0.27491207746516166,TAF7,False
11730868_a_at,0.27479924825243196,MEA1,False
11734129_at,0.27472133988186,SLC30A4,False
11715608_x_at,0.2747180201647303,PPIB,False
11756806_a_at,0.2747172850878249,ISG20,False
11715912_at,0.2745388812582647,EFNB1,False
11741943_at,0.27452307305343243,C10orf113,False
11734667_a_at,0.2742243997264521,KPNA1,False
11743249_at,0.2741918159147159,PLA2G2C,False
11727223_a_at,0.2741207913550736,CSGALNACT1,False
11715117_x_at,0.27408114923502236,HIST1H2AJ,False
11747906_at,0.2740430445001314,LOC101060181,False
11757698_s_at,0.2740232577853045,MIG7,False
11735795_at,0.2739746338654426,GPSM1,False
11720585_a_at,0.27389352906590075,SMCHD1,False
11724670_a_at,0.2737456211239643,LRTM1,False
11741349_at,0.2735497862643995,SLFN12L,False
11748903_a_at,0.2734574074209642,PARVG,False
11726791_at,0.2734450557871761,CNTN2,False
11723229_s_at,0.2730189512324547,PHF23,False
11763533_a_at,0.27297966696450926,ZDHHC19,False
11717522_at,0.27297022106912155,TMEM50B,False
11722019_a_at,0.27293260162013605,CEP85,False
11723881_a_at,0.27282694129696816,NFE2,False
11718203_a_at,0.2725966405513495,PRICKLE4,False
11763882_at,0.27257124600250776,LOC51145,False
11744183_a_at,0.2725660361482834,ACADS,False
11721018_at,0.2725398797458289,FBRSL1,False
11721200_at,0.27244115469681784,TRIM62,False
11758365_s_at,0.2722261671040718,TTLL8,False
11744606_a_at,0.2721787513874925,SLC35F3,False
11740427_at,0.272165628342016,PSAPL1,False
11733314_a_at,0.27212402258995805,AMER3,False
11728122_a_at,0.27179900928524675,ADGRG2,False
11716926_a_at,0.271280474147552,EXOC3,False
11737333_at,0.27085019415996214,SIM1,False
11720668_at,0.2708088055317419,KAT2B,False
11763886_s_at,0.27078933718773096,LOC100132319,False
11735367_a_at,0.2707040163294532,BANF2,False
11728357_s_at,0.27067383470279305,C10orf88,False
11751129_a_at,0.2703598498016394,MAPK4,False
11721125_at,0.2701887896028121,SPPL2A,False
11744981_a_at,0.27014209975936054,ZNF541,False
11735831_at,0.26999200736659684,FGF21,False
11724828_at,0.2698932519609105,CCL20,False
11715957_s_at,0.2698712044141479,PEPD,False
11731184_a_at,0.2698249227220121,MESP2,False
11733374_s_at,0.26981603853970026,ZNF23,False
11732970_at,0.26980804536126657,C3orf36,False
11736829_a_at,0.26969152544088715,MAP3K7,False
11762582_at,0.2695234544224728,GINS4,False
11750358_s_at,0.2694865228639244,LOC401296,False
11753536_at,0.2691817999944463,LOC105372990,False
11750242_a_at,0.26913117631961947,KLK13,False
11747003_x_at,0.26870499530038,LRRC31,False
11734497_at,0.2686608157366636,C6orf222,False
11730119_at,0.2686246551581765,CLDND2,False
11762632_at,0.2685636739493412,ZFC3H1,False
11731877_s_at,0.26850733950633593,TAS2R5,False
11762995_s_at,0.26825799189459754,TRAV5,False
11741593_a_at,0.26824797440908593,LENEP,False
11725430_at,0.26817516925604296,LIN28A,False
11748810_a_at,0.26810676295475533,EVA1C,False
11755142_s_at,0.26806365428582396,EOGT,False
11754425_a_at,0.2680466174982088,CENPJ,False
11739703_at,0.2678498321423694,TAT,False
11724958_at,0.26767684079327975,NT5M,False
11734192_x_at,0.26761398685236315,CTAG2,False
11716630_a_at,0.26760087733969057,ANGPTL4,False
11755151_a_at,0.26754025676016985,ARNTL,False
11734525_a_at,0.2675216783081073,C11orf88,False
11718815_at,0.2674820042667831,PVRL1,False
11730677_a_at,0.26732591111622966,RNF150,False
11723510_a_at,0.2673111203036096,PLEKHH3,False
11733501_a_at,0.26706656545267093,ADCY8,False
11744005_at,0.26701554707337366,PHLDA2,False
11731169_at,0.26691390750216143,SPRR2G,False
11743647_at,0.26678251727687,HMGN4,False
11751899_a_at,0.26670657826081784,DLG5,False
11754285_a_at,0.2666408538681812,TTR,False
11722864_at,0.266632774142825,NETO2,False
11735652_at,0.2663565659138244,TMEM105,False
11758216_s_at,0.2663167694386005,SOX9,False
11729707_at,0.2661417034823647,FKBP1A,False
11759474_at,0.26609342069434655,NT5C1A,False
11747415_a_at,0.266090340655993,CKAP5,False
11737689_x_at,0.2660273008127672,SPDYE2,False
11732932_at,0.26569410250617204,SAXO2,False
11755007_a_at,0.26524308788372686,LOC105376948,False
11741920_at,0.26518866077297515,GRXCR2,False
11720742_a_at,0.2651802466871414,ZNF605,False
11718112_at,0.26512090754190965,SF3A3,False
11740592_a_at,0.2650029225645122,KRT72,False
11715648_x_at,0.26499197948089126,ADIPOR1,False
11735837_at,0.2649908790209257,SPIC,False
11737550_at,0.2648937133038103,LHFPL5,False
11728376_s_at,0.26478973283615936,NMU,False
11719819_s_at,0.26476186618749276,EMC10,False
11743950_s_at,0.26431762165264444,POU4F1,False
11722193_a_at,0.264090685679574,C12orf75,False
11755619_s_at,0.2639148291228409,D2HGDH,False
11753344_a_at,0.26382182710447544,CASC15,False
11742669_s_at,0.26373771108747607,HIST2H4A,False
11746578_at,0.2636257768828417,LINC01623,False
11752284_x_at,0.2634440364137896,ALOX15B,False
11724173_at,0.2633795118317987,SDSL,False
11762521_at,0.2633707155386074,CHRNB1,False
11742583_at,0.26337012541702465,OR10G3,False
11737243_a_at,0.2632227611475627,FSD2,False
11757143_s_at,0.26309321126609364,SNORA15,False
11748589_a_at,0.26300367775905586,EFCAB6,False
11736156_a_at,0.26283577923540924,FAM168A,False
11741100_at,0.2627255542668562,RBP1,False
11730510_at,0.2627031527741764,EID2B,False
11726403_at,0.2626321990646724,OPTC,False
11749637_a_at,0.26249843855289734,SEC24B,False
11715169_at,0.26244593662399207,PLEKHG2,False
11732648_a_at,0.26231445537669035,C21orf62,False
11721418_at,0.26231214176497364,SH3RF3,False
11734317_a_at,0.2621757027666886,STARD8,False
11751590_a_at,0.2621119140252107,NCOR1,False
11742371_at,0.26205025608378707,OR2AG1,False
11721248_s_at,0.2620052592314857,GNG2,False
11737240_at,0.2619654879842031,TEX15,False
11722143_at,0.26195858189003146,TRANK1,False
11726557_a_at,0.26161412369750187,GSDMB,False
11720023_a_at,0.26145178947743153,FAM118A,False
11746355_a_at,0.2614373128068132,RAD9B,False
11727429_at,0.2613450135455707,SMIM8,False
11735963_at,0.2613037670776246,SPANXN4,False
11734887_at,0.26125970985073327,SEMA3G,False
11751465_a_at,0.26114724845204895,GRB14,False
11731968_a_at,0.26083731253432435,CACNA1I,False
11746101_x_at,0.26060323519121037,PQLC1,False
11750236_a_at,0.26055566128022367,AGBL1,False
11737635_a_at,0.2603800458612271,RHOT2,False
11739567_s_at,0.26035515519179564,FKBP5,False
11755024_a_at,0.2603165696353318,MYEOV,False
11723321_at,0.2600338841581356,FBXO30,False
11732743_at,0.2599649091106806,C20orf202,False
11746693_a_at,0.25986082161459506,COBL,False
11717570_s_at,0.25982676584885156,MYH7,False
11718987_at,0.25981311064458373,LARS2,False
11718769_a_at,0.2597259671561239,LAMTOR3,False
11721295_a_at,0.25961610654200645,STAM,False
11720550_a_at,0.25928705220331755,NCAPD3,False
11737637_a_at,0.25921407944540187,CFAP77,False
11727661_a_at,0.259090583508786,TMPRSS13,False
11741403_at,0.25887757020173807,ARHGEF38,False
11717683_s_at,0.2588177794556418,MICU2,False
11725193_at,0.2587618299084211,TTPAL,False
11739252_x_at,0.2587144882434561,HSD3B1,False
11733250_at,0.2587042257528527,ARHGAP31,False
11738001_a_at,0.2586885227203346,C16orf89,False
11750428_x_at,0.25863647792200195,LOC100128035,False
11725483_at,0.25850286540841644,UNC13A,False
11743557_a_at,0.2584601368859775,PPP1R3F,False
11742618_at,0.25813142119604326,OR4K14,False
11742510_at,0.25811591593958344,OR2T1,False
11737142_at,0.2580805119327549,LIPT2,False
11722041_s_at,0.2580661706681481,TEX2,False
11725620_a_at,0.2580120221080007,PDHB,False
11733503_a_at,0.25787884140496686,TBC1D16,False
11740059_a_at,0.25768589853354534,KIF9,False
11730668_at,0.2576700954996312,IQCF5,False
11730202_a_at,0.2576678292773814,FAM104A,False
11751809_a_at,0.2576083189941609,LINC00671,False
11740121_a_at,0.2573966014686667,LRIG2,False
11734403_at,0.2573475800293803,MTCP1,False
11723338_a_at,0.25732501887495624,PDGFC,False
11720694_a_at,0.25721363068008535,HENMT1,False
11759685_x_at,0.2571690882993985,IGLV1-40,False
11737971_x_at,0.25708351968496695,ZNF321P,False
11720924_at,0.2570457152730096,TCAP,False
11742934_s_at,0.2570326125134641,POC1A,False
11736536_a_at,0.25697452671466353,LEAP2,False
11715335_at,0.25685141144854623,OR6P1,False
11742009_s_at,0.2567092962631125,SLURP1,False
11729403_a_at,0.25660038159121784,SLC30A3,False
11730072_at,0.25649766962799614,CNTN3,False
11740631_at,0.25632702571506705,MYF5,False
11741246_at,0.2560121991730677,FOXB1,False
11757213_at,0.255788986653365,FLJ34503,False
11738755_at,0.2557399725569302,OR1J1,False
11718723_at,0.2556913941648841,ARRDC3,False
11735573_at,0.25565877008430266,MMP21,False
11717449_a_at,0.25555021011940626,ASCC2,False
11726763_at,0.2554256794929409,RLBP1,False
11722070_a_at,0.2553598129911381,CHPT1,False
11742388_at,0.2552918628092211,OR5J2,False
11731835_a_at,0.25498541504616795,RAPSN,False
11730435_at,0.25495024998904897,SRSF12,False
11761662_a_at,0.25455876958409385,LIN9,False
11742349_at,0.2544478906280283,OR4A47,False
11716188_s_at,0.2544467931422827,SEC13,False
11742742_a_at,0.25413334040524266,SNX2,False
11752114_a_at,0.25397597312222975,ABCC11,False
11718061_at,0.25380365445456493,PVALB,False
11728903_a_at,0.25373353646946994,CTIF,False
11718971_x_at,0.2536968743284843,CD46,False
11726325_at,0.25334285177555366,MAGEC2,False
11736471_at,0.25325742637107956,RAB9B,False
11730277_at,0.25321458668466756,SULT2A1,False
11720600_a_at,0.2531535264836862,CAPZB,False
11719275_a_at,0.2527951157169373,PSMA2,False
11732248_at,0.252654100266884,NR2F1,False
11738904_a_at,0.25263991774530314,KRTAP4-4,False
11762564_at,0.25232927482285744,LRRD1,False
11762749_at,0.25221712467922247,NPSA,False
11719472_s_at,0.25215635944973225,IRF2BP2,False
11734975_a_at,0.25208590086256605,CLTB,False
11749169_s_at,0.2515153813440182,KRT6A,False
11753988_a_at,0.2514544402954872,SPRY2,False
11719138_at,0.2512857069038604,MGME1,False
11723924_a_at,0.2510790382076479,NUP133,False
11755564_x_at,0.2510732117206376,CCL3L1,False
11742395_a_at,0.2508645620335074,CACNG5,False
11729677_a_at,0.25083451841256665,SLC26A8,False
11737671_at,0.250827231063138,GLB1L3,False
11742390_at,0.25079298545906303,OR5L2,False
11745039_a_at,0.250731181721482,ADCK2,False
11738714_s_at,0.2507147550502342,OR2T12,False
11751912_a_at,0.25068777719427254,CNTNAP2,False
11715481_a_at,0.2504787930717116,SST,False
11735575_a_at,0.25042754713038406,ZNF296,False
11742350_at,0.2503089266094758,OR52H1,False
11742429_x_at,0.2501467258142198,ZNF716,False
11733514_s_at,0.2501203232419273,SPAG11A,False
11731012_a_at,0.24987254156991567,SYN2,False
11718682_a_at,0.24967296767981823,AFP,False
11731248_a_at,0.24965650333422482,TMEM116,False
11756886_a_at,0.24945235238510066,TSC2,False
11743176_s_at,0.2493176893261254,RSF1,False
11719082_a_at,0.24925670822804172,GADD45GIP1,False
11725696_a_at,0.24902205421913423,PRR14,False
11738691_at,0.24873838539204204,OR2F2,False
11734598_x_at,0.24873775291312192,SLC25A52,False
11720249_s_at,0.2487083291963809,FBXL15,False
11727479_a_at,0.2486928758852331,HECTD1,False
11734176_a_at,0.24864243731636812,CFAP52,False
11726897_s_at,0.24847155048346214,ADGRL3,False
11715651_s_at,0.2484508716498576,FSTL1,False
11757627_at,0.2484205702216303,COX17,False
11761891_x_at,0.24820706251185393,VCX,False
11746349_at,0.24815753368615365,TOB2P1,False
11736204_a_at,0.24809405340692553,RSU1,False
11757334_a_at,0.24806106413923273,UQCR11,False
11762763_at,0.24802220328986443,DUOXA2,False
11758493_s_at,0.24800504385206998,NHLH1,False
11757604_a_at,0.24790734180183877,SAMM50,False
11746283_s_at,0.24782811546676498,KRTAP2-3,False
11723619_x_at,0.24777997741603447,SNAP91,False
11729864_at,0.24767748252482522,MYBPC2,False
11763601_x_at,0.24758604223289932,WDR62,False
11750541_a_at,0.24757850309517615,SSFA2,False
11742079_s_at,0.24757575601529058,FAM222A,False
11715993_s_at,0.2475331624835093,SPG7,False
11726799_a_at,0.24748397440352676,SERPINA4,False
11728024_a_at,0.24745503880407974,KLK5,False
11727941_a_at,0.24726451814878903,EME1,False
11740520_at,0.24703456924896167,SERPINA11,False
11729493_at,0.24659136973721435,TRH,False
11727564_a_at,0.24638157441818923,GYG2,False
11720247_a_at,0.2463701632761721,CEP55,False
11731258_at,0.2462884601766621,TMEM170B,False
11715981_a_at,0.2462652195740812,VPS11,False
11755380_a_at,0.2462491013351982,WDR92,False
11734121_s_at,0.24622336832022093,LRP1B,False
11741010_a_at,0.24612405895882986,MFN2,False
11761317_at,0.2460830291202773,LOC101929774,False
11748849_a_at,0.2459596604846808,BAK1,False
11738548_s_at,0.24583363090010563,KCTD17,False
11715186_x_at,0.24582107174215342,PRB1,False
11735393_at,0.24553105112287188,FMR1NB,False
11738105_at,0.2454712382775903,IGSF9B,False
11747096_a_at,0.24539856156405124,KCNK1,False
11722607_at,0.245311840320949,UFSP2,False
11750652_a_at,0.24515310178443947,FRK,False
11754973_x_at,0.245144168375544,MANSC1,False
11754450_s_at,0.24512742736067208,MTCL1,False
11722459_a_at,0.2449158657804124,ZNF768,False
11736378_at,0.24489244768908905,MSL2,False
11752420_x_at,0.24477145981841927,NPIPB6,False
11743050_a_at,0.24443070736687122,DNAJC15,False
11749548_a_at,0.24441906375283887,KCTD1,False
11764125_at,0.2443698601473937,LINC00700,False
11719322_at,0.2443681817241227,DNALI1,False
11742601_at,0.24427404282971324,OR6C75,False
11737393_at,0.2441914892710526,PATE2,False
11759229_s_at,0.2440175589973005,NBPF4,False
11729354_a_at,0.24385383151352236,ZNF200,False
11755669_a_at,0.24381789609200005,DHX33,False
11730358_at,0.24377536520090756,CCDC54,False
11762699_x_at,0.2434401639444121,CYP3A7-CYP3A51P,False
11759514_at,0.24310420300733934,BCL2L1,False
11715820_a_at,0.2429016843386157,BUD31,False
11736262_at,0.24287114065613605,INHBE,False
11743579_a_at,0.24277796038085925,MRPS6,False
11719394_a_at,0.2426304283953712,FBXO32,False
11759380_at,0.24253891507880687,KRTAP6-2,False
11750280_x_at,0.24206268457309596,EFEMP2,False
11732696_a_at,0.24196349003893391,DCST2,False
11737122_at,0.24154626589751185,ANKFN1,False
11742514_at,0.24154294304256996,OR8S1,False
11735323_at,0.2414286992851211,ZNF441,False
11729597_x_at,0.24137166707130428,TKFC,False
11755993_a_at,0.2412773746045402,SLC25A30,False
11750918_a_at,0.2412581892311106,HEPACAM2,False
11734379_at,0.2410930942054301,C11orf53,False
11733159_a_at,0.24101239047736217,FAM84A,False
11733068_s_at,0.24088311760013015,KLF10,False
11732466_a_at,0.24079479220869449,CXCL11,False
11746740_a_at,0.24059091624409654,CTTN,False
11738424_at,0.24057627514212926,BMP10,False
11755700_a_at,0.24054011122356242,TIPARP,False
11720002_at,0.2405159661413615,NRARP,False
11729910_at,0.24035527273531587,DNAH11,False
11727192_at,0.24026952899443335,ACOT4,False
11737368_at,0.2402500703718752,ADRA1B,False
11731205_a_at,0.24013217550121058,SPATA33,False
11732612_a_at,0.2399406438063193,CELF3,False
11732903_at,0.23970238932370336,TBX10,False
11745576_at,0.23969111040824895,KIRREL3-AS3,False
11744643_a_at,0.2396835553564345,LINC01554,False
11743746_a_at,0.23964108640464366,PHKA1,False
11734355_a_at,0.23964103140280824,DRP2,False
11734391_a_at,0.239569737958388,FAM124A,False
11749861_a_at,0.23955517743517968,SERPINF2,False
11719760_at,0.23949816048923311,ARRDC4,False
11732247_s_at,0.23939455687589967,HNRNPC,False
11759400_at,0.23934240759125908,PSMF1,False
11722753_s_at,0.23924881965788894,ISY1-RAB43,False
11728981_at,0.23914142933319923,ERICH5,False
11730663_s_at,0.23912238657109144,LRRC24,False
11741019_a_at,0.23900320776481904,MAPK10,False
11736949_at,0.23898821503708206,THEM5,False
11726601_s_at,0.23897161695262656,ZMPSTE24,False
11748865_a_at,0.2387760464666094,TMEM139,False
11728459_x_at,0.23876541599895076,CDH10,False
11744921_a_at,0.2387552370007855,SLC43A1,False
11763895_x_at,0.23874337567363896,SNORA58,False
11749095_at,0.23869117890372168,ANKRD18A,False
11732082_s_at,0.23849598269805258,STOML3,False
11762650_at,0.2382620839871021,LOC100289585,False
11761706_at,0.23820416704161929,HACD1,False
11761668_at,0.23818881951286186,DMPK,False
11740704_a_at,0.23814344976934443,ARID4A,False
11716262_a_at,0.2380661403599897,AP2B1,False
11743160_a_at,0.2379935620806592,HJURP,False
11727325_a_at,0.23799101619059496,GFI1,False
11740892_a_at,0.23795095657060464,KCNK7,False
11753582_x_at,0.2377195789267061,PTTG3P,False
11715318_s_at,0.23769853868628713,CYP2C19,False
11730091_at,0.2376822406833485,BEST4,False
11736964_x_at,0.23767625429058473,C8orf37,False
11718790_at,0.23749496380909801,HES6,False
11762372_at,0.23738924022400426,GSN-AS1,False
11727126_a_at,0.2373670722423431,RAPGEFL1,False
11750868_at,0.23729139518568756,ZNF852,False
11735045_at,0.23724778644253489,ATP6V0D2,False
11738771_at,0.2372190637264187,OR1F1,False
11721251_at,0.23716662764814236,MFAP1,False
11749050_a_at,0.23712971063427868,MAMSTR,False
11742133_a_at,0.2370300970403929,WNT9B,False
11727221_at,0.23698013939422324,XYLT1,False
11734796_s_at,0.23668007356474155,HIST1H2BG,False
11727374_s_at,0.23648602638192714,HMGCR,False
11739197_a_at,0.2364482056947223,PCGF3,False
11736917_at,0.23630321373296712,LYPD2,False
11759421_at,0.2362161787670164,SNRNP70,False
11721345_at,0.2361952033688489,PLEK2,False
11724174_at,0.23590884921947555,KIF12,False
11743958_at,0.23566814251517484,SNX8,False
11738896_a_at,0.23566612199140122,CD200R1L,False
11744644_s_at,0.23566605595506396,HSFX1,False
11746205_a_at,0.23551669148975418,DMWD,False
11756017_a_at,0.23543794535848447,LOC105377403,False
11736280_at,0.2354035041896326,SLC22A3,False
11745552_a_at,0.23533237104581564,CAB39,False
11742363_at,0.23523257302134284,OR6N1,False
11726470_s_at,0.2350572496223776,PLS1,False
11758375_s_at,0.23466816739265384,RNF20,False
11734118_a_at,0.23432272188235104,BTN3A3,False
11754672_a_at,0.23379971285549575,CHFR,False
11725536_at,0.23379619668248464,ANKRD34A,False
11718786_a_at,0.23364152045527087,PAN2,False
11742540_at,0.2335934178703644,OR52E2,False
11730726_s_at,0.23352337111567043,AGT,False
11747102_a_at,0.23342147563125396,SEC1P,False
11738870_at,0.2334121540865461,GLT6D1,False
11760916_at,0.23305983223450033,MLH1,False
11738692_at,0.23303896053433784,OR5H6,False
11755294_x_at,0.23294793823589077,NEB,False
11764143_at,0.23289050543118997,LOC105371964,False
11760957_at,0.23282292960877266,BCL7C,False
11741866_at,0.23274450797026033,OR1J2,False
11738748_at,0.23261122913693008,OR52K1,False
11735904_at,0.23257372935933734,IFNL1,False
11754022_s_at,0.23252982908700223,GAP43,False
11728127_at,0.23246986527729502,UCMA,False
11742357_at,0.2324055577053586,OR10Q1,False
11737876_at,0.23237090889791479,VMAC,False
11716416_at,0.23226530290722538,C1QA,False
11733167_at,0.23208293156232673,LRRN4CL,False
11730415_s_at,0.23203092946192994,CALCA,False
11754336_s_at,0.23179622130400462,DOCK1,False
11754169_a_at,0.231694573927559,PPM1M,False
11729851_a_at,0.2316861388339251,RADIL,False
11715785_at,0.23156572183113336,CRYBB2,False
11722729_a_at,0.23156375813510802,METTL23,False
11734036_a_at,0.23155042483374283,SAXO1,False
11741138_a_at,0.2315252691335436,GSDMD,False
11738364_a_at,0.23129807299760638,CEACAM16,False
11752374_a_at,0.23129097352020106,POLN,False
11730972_x_at,0.23121630447939115,CYP4F12,False
11742379_x_at,0.231206618941273,AKR1B15,False
11737832_x_at,0.23116922186198294,KIR2DL2,False
11715225_s_at,0.2309719789646163,VPS54,False
11742287_a_at,0.23094432477872728,CHAC1,False
11743244_at,0.23088921523941483,DBX1,False
11718412_at,0.23088756815816708,GPKOW,False
11715668_a_at,0.23087318347592675,PSMA5,False
11743735_a_at,0.23084232504949814,CCNK,False
11738758_x_at,0.23081479723591056,OR2A5,False
11734512_at,0.2307598057507664,ASCL4,False
11760004_at,0.23075626782391503,LOC100508226,False
11738219_s_at,0.23065890248121873,GJB4,False
11755725_a_at,0.23063379432197612,KIR3DX1,False
11720794_a_at,0.2305107960453382,SRPX,False
11742355_at,0.23039478941342773,OR2A2,False
11734533_at,0.23038359496155275,SGCZ,False
11752975_a_at,0.23037660637831353,NPSR1,False
11730115_a_at,0.23023111773193983,MARCH10,False
11729315_a_at,0.23018264735213653,ULK4,False
11749195_x_at,0.23016128539666939,DDOST,False
11732101_at,0.2301274071463171,IQCF6,False
11722659_at,0.23003230379500453,PEBP4,False
11719330_s_at,0.22992637690934642,FNDC4,False
11749783_a_at,0.22991394534099008,NDST2,False
11736090_a_at,0.22979715872048453,OLIG2,False
11753389_at,0.22974504241843294,LOC439951,False
11716243_a_at,0.2296531118532604,PPP1R16A,False
11741621_at,0.22959461605249756,LRIT1,False
11738472_at,0.22957456908656687,SLCO1B7,False
11730406_a_at,0.22942005929346904,PAK7,False
11722141_at,0.22934032682542002,RELB,False
11762320_a_at,0.22909180340089685,C9orf114,False
11761163_at,0.22901205886635453,GS52,False
11737616_at,0.22893905194211542,ARSH,False
11725646_at,0.22889356971894592,CACNG3,False
11756097_s_at,0.22888777362888688,ZMYND10,False
11738862_at,0.22881156430748592,GJA10,False
11722938_a_at,0.2287192170410581,PKN3,False
11749772_a_at,0.2286483919611326,C6orf118,False
11725639_a_at,0.22846258022947735,NSL1,False
11717128_a_at,0.2284562105141453,CLN6,False
11741922_at,0.22823118393821767,LCE2C,False
11745713_a_at,0.22811652476201227,CDCA2,False
11728484_s_at,0.22799257015581936,OCLN,False
11738433_at,0.2277827139818455,MAP1LC3C,False
11731938_a_at,0.2276918070620556,FTCD,False
11752720_a_at,0.22767441135059152,TMEM249,False
11736907_at,0.22757608469671628,KLF17,False
11717040_at,0.2275278949158073,MTMR4,False
11736743_a_at,0.22752226933800357,C1orf168,False
11738611_s_at,0.22737785949186265,CCL14,False
11738450_at,0.22728721826121256,GP5,False
11727046_at,0.22718269899338317,HPDL,False
11730071_a_at,0.22711875291697264,CNGA1,False
11724281_a_at,0.22700192690270332,SUGT1,False
11756307_a_at,0.22697018250436038,MTMR10,False
11743505_a_at,0.22696722514246703,NARS2,False
11728546_a_at,0.22693181390282488,BTBD9,False
11760179_x_at,0.22677510108200807,WASH3P,False
11735854_at,0.22674372524721265,TAAR5,False
11734274_a_at,0.22661844724226082,LOC101930115,False
11743606_a_at,0.22658603089356463,ACSL3,False
11717809_a_at,0.22646213093555717,SEPN1,False
11720293_s_at,0.22637515974752634,LIN28B,False
11757563_a_at,0.22616581019995488,PPP1R35,False
11748502_a_at,0.2260723377217099,IFT122,False
11756837_a_at,0.22601240775120984,CLEC5A,False
11755468_x_at,0.22588051786422667,WASH2P,False
11740329_at,0.22554025940346872,RBMXL2,False
11744660_s_at,0.22541417611607278,CCL4L1,False
11749787_a_at,0.22525544501966432,SEPT2,False
11734343_at,0.2251292569667395,P2RY4,False
11732070_at,0.2250542515043735,KCNK13,False
11761109_at,0.22478131328970716,FIBP,False
11729846_a_at,0.22461598738354538,BST1,False
11715229_s_at,0.22457111505458885,GRIP2,False
11756397_x_at,0.22456506748928887,PTOV1,False
11742218_x_at,0.22441201798678304,SLC13A5,False
11738644_a_at,0.22437805484015313,STAMBPL1,False
11741863_at,0.2243169014477007,OR5V1,False
11742567_at,0.2242908178361952,OR56A3,False
11741741_a_at,0.22423776620098762,SLC25A41,False
11752210_x_at,0.22416201040756872,GGCX,False
11752891_x_at,0.22402282022129555,TYR,False
11748941_a_at,0.22392673823734105,TOM1L2,False
11738420_s_at,0.22375968924214285,LOC101930169,False
11723771_a_at,0.2236426438395351,MASTL,False
11726087_at,0.22357937013799356,HSPB3,False
11740075_at,0.22352581837504787,DMGDH,False
11715319_s_at,0.2234039555043034,MAGEA1,False
11759472_at,0.22325530725349035,SP9,False
11734374_a_at,0.22322407608234485,CPXCR1,False
11715455_x_at,0.2232181577786117,KISS1,False
11718955_a_at,0.22317857160135735,FBLIM1,False
11761577_at,0.22304064206293822,MOP-1,False
11721051_at,0.22278575063572398,C5orf51,False
11728689_at,0.22255877886997452,RABIF,False
11719674_at,0.22253961225418784,REG3A,False
11730482_a_at,0.22249745287693,ARR3,False
11744812_x_at,0.22246504885202312,SCAP,False
11760015_at,0.22246036146568565,CELP,False
11746416_a_at,0.22245786053102393,APEX2,False
11726339_s_at,0.22213311513144132,MAGEA3,False
11731309_at,0.22212993932186878,C15orf56,False
11756358_a_at,0.22205722999698604,PLK3,False
11717611_a_at,0.22188662130872033,MAST2,False
11742366_at,0.2217513513678168,OR10R2,False
11717259_a_at,0.2216515376995956,STX5,False
11762575_at,0.2214319120770777,LOC643733,False
11741853_a_at,0.22130564445296552,P2RX2,False
11721700_a_at,0.221267324287122,RERG,False
11723165_a_at,0.22126427878394386,SPI1,False
11735214_a_at,0.2210433077276427,CCDC68,False
11731924_a_at,0.2208804863956984,KCNRG,False
11715669_s_at,0.22072040377443075,DCTN1,False
11751256_a_at,0.22060799977210702,STOML1,False
11728360_at,0.2205762850584551,BCDIN3D,False
11751208_a_at,0.22017788852165798,SLCO2A1,False
11736806_at,0.22012118140505765,GABRA4,False
11741734_a_at,0.22011956921078707,TMEM235,False
11727492_at,0.22011231629226277,KRT6C,False
11728832_at,0.22002870911651945,DSG3,False
11736794_at,0.21975084593607128,GNAT2,False
11756533_s_at,0.21964951575732292,YTHDF3,False
11734357_a_at,0.21946127132491308,ARHGEF33,False
11758693_s_at,0.21932455231338993,PSME2,False
11744196_a_at,0.21898833924830957,SEC61A2,False
11718471_at,0.21873554575942836,GLIS2,False
11761158_x_at,0.21873090298927655,LOC643276,False
11720808_a_at,0.2186329571379835,RABEPK,False
11756461_a_at,0.21853811500615702,LCN8,False
11757757_s_at,0.2182811650222917,HOXD9,False
11739373_a_at,0.2182130571663741,SYT7,False
11758685_s_at,0.2181814348847712,CEACAM8,False
11742496_at,0.21816683986682292,FOXB2,False
11731235_a_at,0.2181664105455777,AURKC,False
11760657_at,0.21810431431744548,LINC01602,False
11750094_x_at,0.21799540736134007,TOMM6,False
11740391_x_at,0.21796016177009933,CTBP1-AS2,False
11740463_at,0.21795129909054142,SYCE1L,False
11738005_at,0.21774911187174723,NXNL1,False
11752587_a_at,0.2176374212000971,SEMA6B,False
11759420_at,0.21759925214680273,DOPEY1,False
11734275_at,0.21759342093603717,HNF1A,False
11756603_a_at,0.21757101742660762,FAM206A,False
11742372_at,0.2173931465388325,OR10P1,False
11742499_at,0.21737256002248045,ARID3C,False
11744066_a_at,0.21729187345232887,PRDM6,False
11724637_s_at,0.21716173174515677,TEX40,False
11741936_at,0.21704947938263727,METTL24,False
11749068_a_at,0.21698088452621037,ARMT1,False
11757162_s_at,0.21660178784949097,SNORA40,False
11740969_x_at,0.21640071124713595,NPAP1,False
11764113_at,0.21636611878549672,LINC00581,False
11750901_x_at,0.21620678879049487,PGR,False
11754610_a_at,0.2158816616088569,FICD,False
11728524_a_at,0.2155675192648929,SPOCD1,False
11724336_a_at,0.21535974824040588,HSPA12A,False
11754399_a_at,0.2153414574592142,RNF121,False
11723388_a_at,0.21533205499404784,EMX2,False
11752659_a_at,0.21523040177796826,ANGPT4,False
11748638_a_at,0.21517479422508712,BTRC,False
11755555_a_at,0.21516312462187012,FANCM,False
11737753_s_at,0.21507960027726553,SNX5,False
11715206_x_at,0.2150331246105674,PSG4,False
11746334_a_at,0.2148911408712518,SV2B,False
11762473_at,0.214873907267704,LOC100131373,False
11762574_at,0.21484448285184887,CMPK2,False
11729869_a_at,0.21475897941226008,EMILIN1,False
11754165_a_at,0.21451236825073922,LRRK1,False
11758061_s_at,0.21443222264561176,LINC00472,False
11727975_a_at,0.2144041249093368,ALDH8A1,False
11755856_a_at,0.21435852489270002,C2orf16,False
11725369_at,0.21434468166279882,SPRR1B,False
11750941_at,0.21422905868526265,PMCHL2,False
11717361_a_at,0.21396411777055724,GPC1,False
11730828_a_at,0.21392393699229192,CPSF2,False
11755790_a_at,0.21384512049279766,FER1L4,False
11734489_a_at,0.21378594667331055,PUSL1,False
11748208_a_at,0.2137661218887202,ZNF317,False
11749949_a_at,0.21353815122347716,LBX1-AS1,False
11757670_a_at,0.2133034179757333,UQCR10,False
11758026_s_at,0.2132217697792705,SLC35A5,False
11734465_at,0.21321167780387737,HIST1H1A,False
11733659_a_at,0.21309970614517942,TRIM69,False
11725210_s_at,0.21288889269025915,NFXL1,False
11743590_a_at,0.21286109974529266,SNX29,False
11735753_at,0.21285651216598514,HIST1H4A,False
11752519_x_at,0.21279985627161607,EHD2,False
11753142_a_at,0.2126800607608972,PSMD11,False
11737245_x_at,0.21262809537582028,AGAP5,False
11715305_s_at,0.21255034623839503,HOXA10,False
11734566_a_at,0.21247504351941138,FAM188B,False
11743701_at,0.21219846442970147,GNL3L,False
11729322_at,0.21215803627278568,RASD2,False
11742817_a_at,0.21189901681887977,RNF214,False
11718141_at,0.21188603198698133,DKK1,False
11761022_s_at,0.21165170283844123,LOC100507412,False
11761983_at,0.21160266577653322,IQCF1,False
11730801_at,0.2115718589930783,CXCL6,False
11726721_x_at,0.21155119059282657,MPG,False
11728446_a_at,0.21141441685061343,PLCH1,False
11755950_a_at,0.21130694599233074,CCDC71,False
11735900_s_at,0.21130284404737204,HS3ST4,False
11741558_a_at,0.2111558990949824,HOXB6,False
11718495_a_at,0.21112870177884507,SRP68,False
11721389_a_at,0.21111520345597168,SCGN,False
11743480_s_at,0.2110310204540105,RB1CC1,False
11743220_at,0.21094984043900236,NKX6-1,False
11733476_at,0.21090759759595556,KCNJ6,False
11760986_at,0.2108673528138542,CCDC22,False
11727231_a_at,0.2108133844790599,ZNF19,False
11748099_a_at,0.21078307251351433,PHACTR3,False
11750326_at,0.21072633594825055,LOC284912,False
11721877_s_at,0.21059561726809586,MT1F,False
11757033_a_at,0.21057510507496086,IL13RA2,False
11715655_s_at,0.21056307940345417,VDAC1,False
11738228_s_at,0.21052660215636582,ERV3-1,False
11722205_at,0.21049840925206204,CDC42EP1,False
11719499_at,0.21047288539873893,MAOB,False
11715743_x_at,0.2104724109515579,RCC2,False
11738356_s_at,0.21032644884682528,OR4N2,False
11724551_x_at,0.2102679558208707,TMEM55A,False
11724593_a_at,0.21016778086819699,NUP37,False
11740315_at,0.21011945996466813,FAM83G,False
11741332_a_at,0.2100518216730816,TMEM150B,False
11749852_s_at,0.20992776961893062,FOS,False
11715216_s_at,0.2098657533907847,UGT2B28,False
11740796_at,0.20957384972812218,CALHM3,False
11757092_s_at,0.2095409384099694,LSM3,False
11735956_at,0.20952403721880378,METTL11B,False
11734903_a_at,0.20935457137335065,C7orf26,False
11755046_a_at,0.20926510847305552,SPHK1,False
11723845_a_at,0.2092411057094597,DEFB1,False
11717386_s_at,0.20894072015743342,MT1G,False
11744297_a_at,0.2089218818637625,RMI2,False
11732987_x_at,0.2088957480523431,IFNA6,False
11756278_a_at,0.20881324061077916,SAGE1,False
11758107_x_at,0.20869021105496507,PCBP1,False
11717200_a_at,0.20856446457226283,DPM2,False
11739852_at,0.20845438475377004,C17orf47,False
11729359_s_at,0.2084306967331574,RFTN2,False
11742140_a_at,0.20834108780613753,CFHR4,False
11732427_a_at,0.20829475170598288,ZCWPW1,False
11733938_x_at,0.2082865515925498,LYPLA2,False
11734462_at,0.20814591629282644,CCDC105,False
11736602_at,0.20799227510876506,BRIP1,False
11730081_a_at,0.20778036715494186,MTO1,False
11720986_at,0.207727403423172,YRDC,False
11736982_at,0.20749240678299388,COLEC10,False
11733299_a_at,0.2074872557059506,CLDN5,False
11763920_at,0.20727732983044217,SNORA71A,False
11742625_at,0.2071052974476488,OR10V1,False
11752526_a_at,0.2070608345697975,GLRA2,False
11734478_at,0.20698704069205415,TMEM252,False
11737356_a_at,0.2069555563837022,PQLC2L,False
11747214_at,0.20695404735691225,LOC105377021,False
11734157_a_at,0.20690161254946404,LENG1,False
11729073_a_at,0.2067868871351224,TSPAN19,False
11737957_a_at,0.2067136040020538,DUSP15,False
11722951_a_at,0.20671119195028018,GAL3ST1,False
11754711_a_at,0.20670851689518482,C1orf123,False
11756912_a_at,0.20665740788576414,AOX1,False
11757277_x_at,0.2064885124075637,HP,False
11741827_x_at,0.2062304807731889,GSTZ1,False
11732521_a_at,0.2060677483973985,CHST9,False
11740882_at,0.2057261585228892,PRSS38,False
11717062_at,0.20572559129813153,AP1M2,False
11762198_a_at,0.20536471771915907,JAZF1-AS1,False
11735500_a_at,0.20524067361890433,BTN1A1,False
11729045_a_at,0.20521797467285177,TCERG1L,False
11732548_a_at,0.20517036349705875,MYO1A,False
11758208_s_at,0.2051018725842434,KLF2,False
11733618_a_at,0.20497519661564279,ACVR1C,False
11723112_a_at,0.2047964137751888,CCDC84,False
11759594_at,0.20468016914922557,ERVK-19,False
11756363_a_at,0.20466907230541243,NCKAP1L,False
11744141_x_at,0.2046548557218157,FOLR3,False
11726566_a_at,0.20459497110894426,EIF4G1,False
11756612_a_at,0.20453272982934304,BARD1,False
11740331_at,0.20447774360972595,RTP3,False
11716442_a_at,0.2043394520295168,POLR2L,False
200000_PM_s_at,0.20418964933353137,PRPF8,False
11721190_a_at,0.2041759370994147,TTC9C,False
11759379_at,0.20407183257474784,OR5L1,False
11741446_s_at,0.2039277812302084,MED7,False
11729043_a_at,0.20386604807229167,OR51E1,False
11735933_at,0.2038618717882237,C2CD4D,False
11738099_at,0.20378464416105185,GPR25,False
11736711_at,0.2036997653188599,TMIE,False
11762958_at,0.20369425740638103,LOC100128922,False
11726419_at,0.20367914133014203,RNF112,False
11746150_s_at,0.20357444988384416,AGAP9,False
11733816_a_at,0.20349426850206068,RPL22L1,False
11740933_a_at,0.2033780370976899,FOXA2,False
11731323_a_at,0.20334220508396667,AKAP14,False
11755831_a_at,0.2033189602123136,WDR63,False
11733523_at,0.20313223145825335,PPP1R3A,False
11738581_at,0.20303498415208177,OR8D1,False
11720758_s_at,0.2029989653433705,IVNS1ABP,False
11751194_a_at,0.20291266606224262,TRIM54,False
11718759_x_at,0.2028818563517829,HIF1A,False
11750600_x_at,0.20285038718444046,CLCA3P,False
11758935_at,0.20282843843561246,C2orf49,False
11727851_a_at,0.2027805952359348,TEX264,False
11735392_x_at,0.20256313188240294,TH,False
11753654_a_at,0.20232902987325968,PRAP1,False
11721077_a_at,0.2019508113658991,ESD,False
11760326_at,0.20190441289883898,LOC643406,False
11728023_a_at,0.20186595620660597,TFR2,False
11746166_x_at,0.201792917829359,R3HDM2,False
11739319_at,0.20162855186370696,CDH8,False
11755261_a_at,0.20162567935619477,MPV17,False
11761318_at,0.2015963370194671,FAM96A,False
11739116_s_at,0.20158968858872306,EFR3A,False
11734128_a_at,0.2014360395872678,CYP11B1,False
11733881_at,0.20128438944576574,TTF1,False
11759269_x_at,0.20103489447667955,KRTAP9-8,False
11733502_a_at,0.2009567196361661,CCDC83,False
11762788_at,0.20087872423727954,ERVK3-2,False
11739465_x_at,0.20083362034563074,ALKBH4,False
11754393_a_at,0.20059785158196888,MRFAP1,False
11733825_s_at,0.2004817838784805,C1orf198,False
11729610_a_at,0.20029238091487034,ELMO1,False
11742613_x_at,0.2002922516022935,OR10G7,False
11757696_a_at,0.20023539261086842,PSMB6,False
11747118_a_at,0.2001267833802788,BRINP1,False
11749992_x_at,0.19992761087719887,SIGLEC15,False
11726812_a_at,0.1998637940667041,TFF1,False
11725868_at,0.1995551971061537,SSC5D,False
11727544_a_at,0.19952705637688706,BCAT2,False
11737643_at,0.1993636622997133,OR10AD1,False
11756024_a_at,0.1992407610044349,FAM19A3,False
11754562_a_at,0.19916888683085993,CRTC2,False
11745382_x_at,0.1989661441606796,COG7,False
11735632_at,0.1988252108072018,KRT82,False
11734433_at,0.1987857007604651,RDH8,False
11739578_at,0.19867674786766285,PGBD1,False
11744990_a_at,0.19862428906181165,TOR3A,False
11737907_s_at,0.19851512785805386,PPP1CA,False
11744253_at,0.19847671340808223,ODF3L1,False
11730543_at,0.19835480948701095,KCNK9,False
11735872_at,0.19830730394136425,PTF1A,False
11754642_a_at,0.1982017062889107,PRSS37,False
11730479_a_at,0.19805362182969025,DRD2,False
11758563_at,0.1980453875902595,METTL21A,False
11726825_at,0.19781996703698118,VPS37D,False
11742447_x_at,0.19781173015479656,RNF222,False
11761731_x_at,0.19755116061901054,SIRT6,False
11755162_x_at,0.19738220180660404,ZNF620,False
11721399_a_at,0.19736745947826342,SLIT2,False
11735824_at,0.1971325181604179,RRH,False
11753094_x_at,0.19704768513008217,FAM86B3P,False
11756154_a_at,0.19696714669012808,HRG,False
11758112_s_at,0.19676378406184028,GZF1,False
11743306_at,0.19675814347316953,FHDC1,False
11744205_x_at,0.1967272452665388,NPDC1,False
11736951_a_at,0.19670022754787558,RORB,False
11715400_x_at,0.1966920935433749,SLC25A5,False
11724668_at,0.1966623777871744,INSL4,False
11747621_a_at,0.19655042024849737,LIMK1,False
11725823_a_at,0.19642205092245923,JPH1,False
11740784_a_at,0.19629397472919435,ALS2CR12,False
11740837_a_at,0.1962088990271174,TCEANC,False
11732008_a_at,0.19615102558502395,FOXH1,False
11721396_at,0.1961432703642201,MUM1,False
11726935_at,0.19605151461213233,HOXB4,False
11735774_a_at,0.19603570224208344,ANAPC10,False
11758252_s_at,0.196016338434594,HSD3B7,False
11721675_x_at,0.19595133838801923,GLRX5,False
11739320_x_at,0.19593639390382223,ATG12,False
11729416_at,0.19577115757590857,CCDC102A,False
11757377_a_at,0.1957380049961118,DNAH14,False
11723478_s_at,0.1957302764001709,CDC123,False
11763795_a_at,0.19556067018251277,PICK1,False
11743003_a_at,0.19506420330304503,CYP4B1,False
11715635_x_at,0.1950564327085928,TMEM14C,False
11730544_a_at,0.19471338721681258,TEX38,False
11743551_at,0.19469654121631705,PAK1IP1,False
11731128_x_at,0.19435133098086252,SLC25A51,False
11759977_at,0.19416821169756332,LOC399886,False
11742122_at,0.194155318057144,GABRG3,False
11755213_a_at,0.19414829384408755,KIAA1522,False
11741916_at,0.19398878286349813,OR12D3,False
11719286_s_at,0.19396978034344486,PEX11B,False
11735687_a_at,0.19388699838716536,C20orf173,False
11747577_a_at,0.19378634439557127,LAMP5,False
11755775_a_at,0.19373918343035887,TMEM181,False
11738909_a_at,0.1937063304943842,H1FOO,False
11723627_at,0.19353544465691505,ERP27,False
11756676_s_at,0.19346176481973223,NBPF22P,False
11725605_a_at,0.1934536112597077,FKBP6,False
11733342_at,0.1934139283900941,IDI2,False
11731209_s_at,0.19338789540340293,C15orf59,False
11734059_a_at,0.1933779351186255,PSTK,False
11742672_at,0.19324221795895166,NPS,False
11724537_a_at,0.19302631453950184,ABCG2,False
11762203_at,0.1929587857237739,CLEC18B,False
11729054_at,0.19281858352244183,B3GNT8,False
11724897_a_at,0.19273375353801603,FZR1,False
11745388_x_at,0.19244424260932644,MEGF8,False
11728922_at,0.19243500870009497,ONECUT2,False
11741236_a_at,0.19239138284897853,TRIM17,False
11747602_a_at,0.19221873624618846,MAP3K8,False
11724294_at,0.1920961728028276,HPCA,False
11744741_at,0.19194421571742962,LINC00312,False
11737497_at,0.19183708813526798,ADRA2B,False
11736630_at,0.19172807825111185,BTBD17,False
11738787_a_at,0.19172428508885994,DEFB119,False
11756350_a_at,0.19171141116170926,TADA2A,False
11722401_at,0.19162990858650175,PAGE4,False
11738885_at,0.19162494735234556,WFDC13,False
11743566_at,0.1915586581406473,ACBD3,False
11746883_a_at,0.19147044431286261,ABCC12,False
11741706_a_at,0.19140537481293327,GJA5,False
11720150_a_at,0.1913627626623307,C1orf116,False
11728068_a_at,0.19118312698872234,SASS6,False
11722380_at,0.19117847750457675,NUDT3,False
11754740_a_at,0.19111353928593483,UMODL1,False
11759080_at,0.1910298890641257,GSR,False
11716223_a_at,0.19099637416213525,SEC61G,False
11738383_a_at,0.19084022094069125,IL22RA2,False
11740732_a_at,0.1908219648429978,SYT14,False
11717279_a_at,0.19081920778675943,URM1,False
11750416_a_at,0.1908130169880569,TXNRD1,False
11735008_a_at,0.19073108943799466,ZNF555,False
11754498_a_at,0.19069151014103347,FBRS,False
11742797_a_at,0.1906856133822638,C18orf21,False
11741161_a_at,0.19051779133734906,SWT1,False
11748820_x_at,0.19034472122394633,CMAS,False
11727673_a_at,0.19025368498620637,CDH24,False
11742630_at,0.19023668447507266,OR8K5,False
11718302_at,0.19016767801037343,HSD11B2,False
11755340_a_at,0.19015678518740328,SPSB3,False
11735427_x_at,0.1900397166365439,MRGPRX1,False
11760765_x_at,0.19001550071695525,POM121L9P,False
11717770_a_at,0.189830703303774,LCMT1,False
11753087_a_at,0.18982514492053287,XPNPEP2,False
11726996_at,0.18982285730367904,PINK1,False
11759248_at,0.1896626581764901,HIST1H2AL,False
11756607_x_at,0.18953165385202628,ZNF85,False
11736386_at,0.18946264082630626,LHX2,False
11752718_a_at,0.18939705132711257,GDI1,False
11735981_at,0.18939035645520538,OR3A3,False
11723838_at,0.18937356445308742,GATA6,False
11726182_at,0.18927823906971802,CILP2,False
11759418_at,0.18882796270656677,CEMP1,False
11730329_a_at,0.18881990438143564,DIO3,False
11727138_a_at,0.18881008682744582,HSPA1L,False
11715312_at,0.18873165193120098,FOXC2,False
11754770_a_at,0.1886792733221173,ZNF646,False
11754593_x_at,0.18866972754524916,TUBB3,False
11738050_a_at,0.1883952273377642,RASGEF1C,False
11723254_a_at,0.18836449159847815,HAT1,False
11743245_at,0.18835797543684585,OR52E6,False
11729723_a_at,0.18833680399278185,UGT3A2,False
11726534_at,0.18821278825536814,DPPA2,False
11758749_at,0.18820492301359845,KRTCAP2,False
11724674_a_at,0.18817687175937584,FAM149B1,False
11721492_a_at,0.1876831145984789,ANKRD7,False
11743218_s_at,0.18747586389751378,RAET1K,False
11728173_at,0.1874443552519987,AMIGO3,False
11757439_s_at,0.18744157734813277,GDI2,False
11728336_a_at,0.18737218895761035,LINGO1,False
11743215_at,0.18723815452041778,PRSS41,False
11733754_a_at,0.18717937012293462,PLEKHA4,False
11735668_at,0.18695286269778028,SLC34A3,False
11732519_at,0.1868677039519124,CH25H,False
11759558_at,0.18684093388883166,THAP3,False
11716372_at,0.18680174196340255,VPS26B,False
11752351_a_at,0.18674212788897648,PPP1R15B,False
11746158_at,0.1867415575225094,LINC00442,False
11724874_at,0.18671334285779204,RAD9A,False
11735315_a_at,0.18660265914884402,DYNC2LI1,False
11729258_at,0.18655923117897932,MNS1,False
11717129_s_at,0.18647513400533103,SAR1A,False
11740828_at,0.18638451479834403,HIST1H2BL,False
11743242_at,0.18638194100041824,OMP,False
11755003_a_at,0.18637518179145668,ADCY4,False
11759476_at,0.18637183458162127,KRT33A,False
11729241_at,0.18628197158768686,SLC35E3,False
11755626_a_at,0.18626414755210208,PNLDC1,False
11729635_a_at,0.1862344979541263,NRSN1,False
11735293_x_at,0.18623163219022446,TNFRSF11A,False
11715885_at,0.186215411612972,TMEM248,False
11731824_at,0.18577623655476705,GPR83,False
11716401_a_at,0.18565151455506065,SELENBP1,False
11758766_x_at,0.18564889533354792,HIST2H2BE,False
11753940_a_at,0.18557201775316157,NRL,False
11755625_a_at,0.1855321752988692,CCDC81,False
11733428_a_at,0.18548401111026044,BICD1,False
11755558_a_at,0.18520439067854114,DRC7,False
11727563_at,0.18498125760233577,PCDHB5,False
11716555_at,0.18496566264736364,PSMG3,False
11719523_s_at,0.1848373357669399,TOR1B,False
11724426_a_at,0.1848281525657147,CNIH2,False
11723214_a_at,0.1846171968316852,MEF2C,False
11755491_a_at,0.18451687063924874,DCDC2B,False
11738910_at,0.18448675146771795,OR51B2,False
11718042_at,0.184418393986098,MED17,False
11757874_x_at,0.1844166830176978,PFDN1,False
11721110_s_at,0.1843518911635053,NAP1L3,False
11727004_s_at,0.18424608448011995,KXD1,False
11732239_x_at,0.18424285496553375,TMEM259,False
11725154_a_at,0.1842220110688238,TDRD9,False
11724576_at,0.18402396854094494,MYCBPAP,False
11732260_a_at,0.18401836727281773,TOPORS,False
11747605_a_at,0.18397496416779827,RPP30,False
11741220_x_at,0.18381451360770196,MYOT,False
11755646_a_at,0.18374316056395945,SIGLEC1,False
11725674_at,0.18363460301427872,HINT3,False
11734627_at,0.18337392272541508,MOS,False
11753938_a_at,0.18336969753376905,FAM166B,False
11731166_a_at,0.18325235017130417,PARL,False
11735340_a_at,0.18310712836500068,TANC1,False
11728965_a_at,0.1830930710176213,ZNF468,False
11726484_at,0.18306333226327576,KRTDAP,False
11738570_at,0.18301407309549575,BMP15,False
11740462_a_at,0.18283377127985148,SMIM19,False
11724758_s_at,0.1828044694279112,GPBP1L1,False
11738543_a_at,0.18279248358587402,TFAP2D,False
11718220_x_at,0.18276873443650152,HNRNPAB,False
11760991_a_at,0.1826857457486375,CKMT1A,False
11742918_a_at,0.18268497510278292,REG1B,False
11756776_a_at,0.1825969097781445,GCGR,False
11735848_a_at,0.18254254984145277,CABP2,False
11742661_at,0.18251903395600078,SCT,False
11729061_a_at,0.18251501213496565,DNAH5,False
11742164_at,0.1823578062437956,MYEOV2,False
11724679_a_at,0.1823490308810435,TMEM131,False
11728912_at,0.18230246196862834,CDK5R2,False
11739363_a_at,0.18219382833910194,FKRP,False
11732952_at,0.18207419310946177,TCTEX1D4,False
11731233_at,0.18195653025163214,NTF4,False
11738174_a_at,0.18186204041400192,PTCHD4,False
11722022_s_at,0.1816943688599834,CDK5R1,False
11753916_at,0.18154513869259134,LINC00526,False
11718282_s_at,0.18151997039405282,NDUFV2,False
11727910_a_at,0.1813676004055249,RELT,False
11726611_x_at,0.18134389572534146,MAFF,False
11730354_a_at,0.18131029674645247,CYP26B1,False
11729520_at,0.18123465171329134,CXorf65,False
11743223_at,0.18117586090106558,SSTR5,False
11730459_a_at,0.18116237786485148,C17orf74,False
11745068_a_at,0.18113900873176808,ZNF833P,False
11724800_a_at,0.18112131855764355,LOC105369247,False
11754964_a_at,0.18086567437810003,NDUFA10,False
11745578_a_at,0.18077638650248923,TSPEAR-AS2,False
11737571_at,0.1805371081821779,SCX,False
11727311_a_at,0.1802732393938152,CEP83,False
11728597_a_at,0.1802642455408214,ZNF222,False
11717568_s_at,0.1802582878950428,NQO1,False
11750712_a_at,0.18015613164732028,SEMA4A,False
11755514_s_at,0.18006709369323146,CTCF,False
11724331_at,0.18003752713543675,NACAD,False
11723603_a_at,0.17997186866458073,C14orf79,False
11740625_a_at,0.17990726517436,FRMD1,False
11737493_at,0.1798969298418028,DGKK,False
11746339_a_at,0.1798522390183374,MTSS1,False
11726539_a_at,0.17979350694254978,OSBPL9,False
11733513_a_at,0.17956098046461852,WLS,False
11718481_s_at,0.1795554114652806,CFI,False
11755378_x_at,0.17955083883924658,WNK2,False
11750063_a_at,0.17952561259210106,ANKRD35,False
11722893_at,0.1793964151162055,HOXB7,False
11718167_s_at,0.17921750552560842,PRDM4,False
11738699_at,0.17920893570624513,OR4D5,False
11756455_a_at,0.17911473218472623,CLPS,False
11742055_a_at,0.17910286327102423,PCDHA11,False
11758122_s_at,0.17907724760486332,RLF,False
11744735_a_at,0.17903378621815394,TMEM200A,False
11725632_at,0.17892169275160405,NR4A2,False
11731646_a_at,0.17887711721622512,USHBP1,False
11728791_at,0.17880216605307575,THRSP,False
11757165_at,0.1787356786508057,SNORA53,False
11742946_s_at,0.17831678880642435,UBE2E3,False
11730296_a_at,0.17830678452319437,TLR3,False
11748259_a_at,0.1780991794959038,CUEDC1,False
11723843_a_at,0.17808571707173482,ADGB,False
11725296_a_at,0.17806717054092852,PHF7,False
11726123_a_at,0.1778743769907466,EVPL,False
11756691_a_at,0.17768735699272753,GBX2,False
11750549_a_at,0.17759225406152204,NPHS2,False
11744088_a_at,0.17743990168353818,TYMSOS,False
11741544_at,0.17737221582241403,SLFN14,False
11738388_s_at,0.17730568688066692,IFNA1,False
11722194_a_at,0.1772582146688276,NDUFS8,False
11742440_at,0.1772540543840473,OVCH1,False
11721221_at,0.17724317027183892,ZNF318,False
11729431_a_at,0.17719903344590254,PALD1,False
11736819_at,0.17707140015931117,RPE65,False
11716737_at,0.17705133560469044,PDRG1,False
11757232_at,0.17697342326597204,KCNQ1OT1,False
11755580_a_at,0.1769242816948921,CYLC1,False
11758217_s_at,0.17670819855730518,ABHD17C,False
11738601_at,0.1764877471052113,HIST1H4L,False
11721684_a_at,0.17648192608344676,ZW10,False
11745199_x_at,0.17641794229249694,ANKRD9,False
11721943_a_at,0.1763247857060867,STAP2,False
11751446_a_at,0.1761677321284183,RMND5A,False
11748551_a_at,0.17608385430208204,ADAM3A,False
11721561_a_at,0.17593758796402054,AHCYL2,False
11721889_a_at,0.17588799962041243,HSBP1L1,False
11752958_a_at,0.17579464776154594,MPP1,False
11717406_a_at,0.17556020085156188,FAM120AOS,False
11741787_x_at,0.17555242941649646,ALG1L2,False
11763891_x_at,0.17545977778336902,SNORA78,False
11727258_at,0.1752427103708842,DHRS7C,False
11752041_a_at,0.17521494150255426,C2CD2L,False
11755685_s_at,0.1751619814928237,LOC100130872,False
11720695_at,0.17511213044028823,C1orf54,False
11752708_a_at,0.17504814162461207,CRKL,False
11732099_a_at,0.17497675878163385,RTBDN,False
11716295_at,0.17493114396976614,FLOT2,False
11727405_a_at,0.17489640400055914,APCS,False
11746227_at,0.17480259166651602,LOC652276,False
11738266_at,0.17475785290246423,GPR101,False
11755368_a_at,0.17474667047157663,MSH6,False
11731945_a_at,0.17469033296813932,WDR38,False
11747659_a_at,0.17462381508685137,ARMCX4,False
11749765_a_at,0.174517472472091,ALPI,False
11715551_s_at,0.17440536770215342,GAS6,False
11727254_a_at,0.1743403462890121,TMEM51,False
11742289_a_at,0.17430641701885757,GABRR3,False
11747136_a_at,0.1742920220008771,POLR1A,False
11741065_a_at,0.17428117765786605,EPHX1,False
11715560_s_at,0.17424982059196412,PGA3,False
11756232_s_at,0.174222349221087,VDAC2,False
11718161_at,0.17416608991960417,KLF13,False
11721656_s_at,0.17400969772845384,CISD2,False
11719128_a_at,0.1735680251471472,LMF2,False
11751003_a_at,0.17350677630972983,TUFT1,False
11723511_a_at,0.1734088243026282,SHD,False
11718428_x_at,0.1734022208199177,SOD3,False
11741147_a_at,0.17335879982588756,ZNF207,False
11719528_at,0.1731459599265503,PVRL2,False
11732107_a_at,0.17307601717935525,CYP1A2,False
11733411_at,0.1730523833253484,TCF15,False
11757095_s_at,0.17297096750042,HGH1,False
11733637_a_at,0.1729084096111993,MORN3,False
11733256_a_at,0.172869290208229,KRT78,False
11723034_at,0.17278730606286752,GTF2A2,False
11734531_a_at,0.17271133776283387,TNFSF11,False
11732655_x_at,0.1726955677188948,RAX2,False
11748961_a_at,0.17268659322440358,MYOC,False
11725309_at,0.17260596694412647,CRISP3,False
11737484_at,0.17236461357317845,C9orf129,False
11744239_a_at,0.17234303315684732,CCDC159,False
11719477_a_at,0.17229983573383242,FASTKD5,False
11744458_a_at,0.1721602383071586,RAB2B,False
11727147_at,0.1720625855897918,ZNF564,False
11741287_at,0.17202328312554094,HTR3B,False
11743058_at,0.17198739562541626,RHO,False
11736902_x_at,0.17191271029939292,ANKRD45,False
11727165_a_at,0.17190097424199613,CEP295,False
11717489_a_at,0.1718553395212765,SEPT5,False
11757359_x_at,0.17183371171371978,TMA7,False
11721498_a_at,0.17179620386421096,TPST2,False
11762339_x_at,0.1716846372018636,AKR7A2,False
11742953_at,0.17163553360578143,ACTR8,False
11740727_a_at,0.1715949286627926,SYCE1,False
11725724_a_at,0.17156949613920483,FABP6,False
11734487_at,0.17143958430323908,C5orf52,False
11727755_a_at,0.17143656175093544,ZNF653,False
11761637_x_at,0.17125357260574078,MST1,False
11734551_a_at,0.17118514096027213,CX3CL1,False
11744051_at,0.17079459790594312,TSPAN1,False
11717678_at,0.1705968626459003,AVPI1,False
11734191_at,0.17059554786754955,GPR119,False
11757641_x_at,0.17057315330303127,PFDN5,False
11731328_at,0.1705703482904043,GALR2,False
11739262_at,0.17046390970283518,VPS4B,False
11738836_x_at,0.17041800446798433,ZNF479,False
11760720_x_at,0.17025544203992574,SLC52A3,False
11721959_at,0.17022964116660197,YPEL2,False
11724892_a_at,0.17002228364403035,NCAN,False
11725907_at,0.17000949994911516,SIX2,False
11757949_s_at,0.17000173907223,NINL,False
11747784_at,0.16997597450380825,LOC100287042,False
11743203_at,0.1699361744169403,TMEM257,False
11716209_a_at,0.16992006813310168,VPS28,False
11762933_at,0.16989348934099247,CMTM1,False
11742202_s_at,0.1697449251449279,DSPP,False
11726998_s_at,0.1697220879063191,CLDN6,False
11732786_at,0.1696772438897753,FFAR1,False
11756801_a_at,0.16963566750280923,PNLIPRP1,False
11717521_x_at,0.16959561572418275,PTTG1,False
11742142_x_at,0.16958120274453323,ZFP92,False
11735025_x_at,0.1695411731238762,ZBTB7B,False
11741789_a_at,0.1694272902942225,NDUFB6,False
11742536_at,0.1692195338799966,OR5D16,False
11715330_x_at,0.16895282463279526,ZNF735,False
11759228_a_at,0.16886521366200563,KLRG2,False
11720693_a_at,0.16875472159017535,IL17D,False
11744211_a_at,0.1686621229699248,NELFE,False
11738922_at,0.16858332660227118,OR5I1,False
11715129_s_at,0.16850985769207522,ZNF600,False
11725706_s_at,0.16842873044720638,AMOTL1,False
11764025_at,0.16839281278545098,LOC100507562,False
11756754_a_at,0.16830889652384423,PLSCR5,False
11732186_at,0.1680999915470666,CSRP3,False
11724701_x_at,0.16799192349795938,AS3MT,False
11719791_s_at,0.16797723771856662,GPRC5A,False
11739055_x_at,0.16796497849533815,PTPN6,False
11719190_a_at,0.16756073131317314,STXBP3,False
11729648_at,0.16745982070125745,CENPU,False
11728420_a_at,0.16742483379585926,CCDC134,False
11719033_at,0.16730748500825227,CCDC94,False
11738087_a_at,0.16728291263513997,ZNF619,False
11757847_s_at,0.167236490272955,UQCRFS1,False
11728451_a_at,0.16714699034893682,PCOLCE2,False
11738265_at,0.16710503712877633,SHH,False
11752867_a_at,0.16695342032686153,PNPLA6,False
11723398_at,0.16685089252645394,NGFR,False
11736628_s_at,0.16681746686564244,ARHGEF34P,False
11738742_at,0.16665248605185323,OR2AT4,False
11715719_x_at,0.16661850906696993,CDC37,False
11764103_at,0.16660979791160765,LOC105369468,False
11730409_at,0.16657162004122866,ABCC2,False
11728072_a_at,0.1663694128272875,DEFB123,False
11735600_x_at,0.16594260243872497,AKR7L,False
11729427_a_at,0.165825632442985,GLI1,False
11763789_at,0.16579598034273704,APOC1P1,False
11718333_s_at,0.165787364298852,SCAMP4,False
11725996_a_at,0.16563362364288906,DDX25,False
11741228_a_at,0.16557530923364763,PHACTR4,False
11715150_s_at,0.16556135579671513,PCDHA4,False
11729969_at,0.16555911970770618,WNT6,False
11742883_at,0.1654182851838022,ST6GALNAC2,False
11755186_s_at,0.16540339525004036,H2AFJ,False
11741190_a_at,0.1653452415172824,P2RY10,False
11731970_at,0.16532751554624384,HORMAD2,False
11745383_a_at,0.16530338988050763,XRCC6BP1,False
11735280_a_at,0.16519534817747006,HOXA3,False
11716674_a_at,0.16500452913108946,ACIN1,False
11731808_at,0.1649168547743936,CACNA1S,False
11737257_at,0.16489092604196898,ANKS4B,False
11744581_a_at,0.16488558547618465,KHDRBS3,False
11724692_a_at,0.16448587137027904,CAPN13,False
11732569_at,0.16440324880315293,SLCO1B3,False
11730831_x_at,0.1642896797421199,KBTBD7,False
11762348_at,0.16425295148506375,LOC642947,False
11744575_a_at,0.16425100626500383,ELOVL2,False
11742106_a_at,0.16390646262740335,C11orf21,False
11716625_a_at,0.16390267762534247,ANAPC13,False
11737349_a_at,0.163754134564019,FGF20,False
11762076_at,0.1637075291062312,SERHL2,False
11728599_a_at,0.16369580967756217,PHOSPHO2,False
11759469_s_at,0.1636809105244812,ASB4,False
11740593_a_at,0.16362200559643802,HOXD4,False
11745553_s_at,0.163506501729425,SMAP2,False
11734561_a_at,0.16341390167129094,WBSCR17,False
11732417_at,0.1632962924043389,FAM105A,False
11732371_at,0.16328583419591275,KLK7,False
11726882_at,0.16327892887548948,ATAD2B,False
11737696_at,0.16323551962984353,C10orf67,False
11726435_at,0.16321565826069595,DAGLA,False
11724948_at,0.1632106427915262,CITED4,False
11745370_a_at,0.1631707136627893,EBF2,False
11754782_x_at,0.16315141092090965,KIAA1614,False
11737743_a_at,0.16314618140347378,ARSF,False
11732957_a_at,0.16306520590849052,RNPEPL1,False
11745372_a_at,0.16294745050390763,SYT9,False
11740925_a_at,0.16282683630925407,FAM151B,False
11737840_x_at,0.16267429430997377,CYP2W1,False
11757123_at,0.1626028811598933,SNORA74B,False
11718300_at,0.16258105646229035,RPP25,False
11733700_at,0.1624976263709003,LCE6A,False
11718570_at,0.16237562280984272,NT5DC3,False
11752432_s_at,0.1622992321173981,ALPP,False
11755263_s_at,0.16226689911187486,LINC00652,False
11732034_at,0.1622315544897842,GHRH,False
11730000_a_at,0.16216695850926152,COLEC11,False
11739012_a_at,0.1621357797071559,ASH2L,False
11718409_a_at,0.16207849840707528,STXBP2,False
11744001_at,0.16196095615965825,LRRC45,False
11737402_at,0.16185250638656049,PRG3,False
11746121_a_at,0.1618439016365692,LMAN1L,False
11734392_at,0.16178278843907268,TAS2R10,False
11732007_at,0.16177955909792963,GLIS1,False
11722254_at,0.16157995883431456,UQCC3,False
11730259_a_at,0.16152902873198433,ZC2HC1C,False
11744169_a_at,0.1614549976727948,MYBL2,False
11744293_a_at,0.16145354812870225,CYTH1,False
11745631_a_at,0.1608819114791105,NHS,False
11727286_a_at,0.16084999889905627,ZSCAN31,False
11730638_at,0.16074160931722487,FRMPD1,False
11728095_a_at,0.16072051624028363,DSCAM,False
11755649_a_at,0.16071339479682162,SCN4B,False
11716569_at,0.1606337518685692,NOTCH3,False
11725750_at,0.160614772988041,GAL,False
11742170_s_at,0.1606098390996151,CDRT15,False
11743782_a_at,0.16037642969130644,ANKRD55,False
11763373_at,0.16032704985915203,APELA,False
11720521_at,0.1603060955751499,ARHGEF17,False
11748120_a_at,0.160102194513336,LCP2,False
11735966_s_at,0.16008173831467565,NUTM2A,False
11738882_a_at,0.1600437237111896,CATSPER4,False
11732942_a_at,0.15985816698250124,LOC101929876,False
11738544_a_at,0.15977105652905954,SLFNL1,False
11740299_a_at,0.15969283713757795,HOXA1,False
11752152_x_at,0.15964876726981622,OR2C3,False
11724150_a_at,0.15958339160737842,SWI5,False
11716489_a_at,0.1594617643171904,STATH,False
11742531_x_at,0.15944684770315332,OR6B3,False
11733795_a_at,0.1594276171671858,STX7,False
11716299_a_at,0.15941138510528313,ITGAV,False
11731151_a_at,0.15913791204189676,LIX1L,False
11756219_a_at,0.1590831051558604,FGL1,False
11751395_a_at,0.1590702914128043,SLC28A1,False
11742558_at,0.15893998082692265,OR52M1,False
11715242_s_at,0.15885214556479754,LCE3D,False
11729563_a_at,0.15884657776247582,LRRC3B,False
11752345_a_at,0.15877176172409008,CADM2,False
11738470_at,0.15863025219769772,KRT84,False
11737313_a_at,0.15857887440465493,TXNDC8,False
11719291_at,0.15855579842990666,RRP36,False
11719369_at,0.1584013991939499,LACRT,False
11732683_a_at,0.15838920596060074,ABCA12,False
11729216_at,0.15824690110489328,PIGX,False
11716473_at,0.1582313588793655,PUM1,False
11725954_x_at,0.1580726413564898,RNF10,False
11738606_a_at,0.15761324977562677,KCTD16,False
11727353_a_at,0.15742889945431052,CENPM,False
11736174_at,0.1572390439781832,KIAA0355,False
11730025_a_at,0.157216462587302,UPK3A,False
11730662_a_at,0.1571525457230201,RASL10A,False
11740527_at,0.15714808984545744,DEFB118,False
11719587_a_at,0.15701269821803232,MICALL1,False
11717776_at,0.15696471499750125,KIF1C,False
11747583_s_at,0.15690590688195394,PNCK,False
11756903_a_at,0.15679705209945732,HHAT,False
11725626_a_at,0.1566893431128507,ACE2,False
11755079_a_at,0.1566162133905538,ZC3H12A,False
11746589_a_at,0.15637146350739997,PRSS54,False
11741938_x_at,0.15629201529647238,KRTAP5-11,False
11720534_a_at,0.15628873377311392,MFSD5,False
11730648_at,0.15624510493714933,GP9,False
11725999_s_at,0.15621677043890403,FAS,False
11742172_at,0.1561414880278835,KRTAP13-4,False
11723137_at,0.15605410046951887,CTXN1,False
11726066_a_at,0.15596015265786908,BUD13,False
11723491_a_at,0.15594728479846465,ARHGEF3,False
11738613_at,0.15588045132705045,OR2J3,False
11719064_a_at,0.15583337057873894,GNPAT,False
11757429_a_at,0.15572671215928097,CYC1,False
11758770_at,0.15563070179374325,HSPA4,False
11755589_a_at,0.1556266516627673,DHRS2,False
11756922_a_at,0.15560358074758365,VASN,False
11730433_a_at,0.15559592383823573,ZNF341,False
11754552_a_at,0.15526571873966752,MRPL27,False
11744237_a_at,0.15512226781876473,ARHGEF19,False
11717354_at,0.1550455567997242,PCBD1,False
11732836_at,0.15497606796600386,LINC01587,False
11748139_a_at,0.15491185499716909,RNF14,False
11715488_s_at,0.15478581681757017,PGRMC1,False
11742337_at,0.15475913223731194,OR6C74,False
11750325_at,0.15471680309881342,LOC151760,False
11761475_x_at,0.15470022790073212,ULBP3,False
11738495_at,0.15444947242707263,OR7A17,False
11745440_s_at,0.15440391064178774,RELA,False
11731321_a_at,0.15437569788186065,GLE1,False
11732833_a_at,0.1543453832598805,C9orf135,False
11732968_at,0.15416786406207175,HIST1H3B,False
11747033_at,0.1539938076499371,LOC162137,False
11744715_a_at,0.15389423826063323,SLC38A6,False
11737561_at,0.15386700718638796,TEDDM1,False
11723898_a_at,0.1537337973303053,CCBL1,False
11735419_at,0.1536597708698752,HTR1D,False
11738695_a_at,0.1535728187064133,FANCD2OS,False
11715140_s_at,0.153560830568611,PCDHA13,False
11745492_a_at,0.15329846103090014,CCNO,False
11718170_a_at,0.1532785721602457,KMT2B,False
11717578_a_at,0.15326986030220804,VPS26A,False
11732453_s_at,0.15326975827018108,HGD,False
11715899_a_at,0.15324449866975448,SUCLG1,False
11758127_s_at,0.15318229940286354,CHCHD2,False
11736200_at,0.15316901601402,GLUD2,False
11744218_at,0.15314020814435036,SNAI2,False
11750283_at,0.1530034938242904,OFD1P6Y,False
11743975_a_at,0.1529668560051183,CHD8,False
11737969_a_at,0.15296553618363565,PCDHGA7,False
11719150_a_at,0.15289388693008643,SAP130,False
11757047_x_at,0.1528042175534435,ATF4,False
11735202_a_at,0.15279157513123034,N4BP2,False
11738038_at,0.15269957063783976,KLHL38,False
11757105_s_at,0.1526290944895273,UBTFL1,False
11747822_a_at,0.15229833107788343,KLHL21,False
11745917_a_at,0.1522812038906343,PRR29,False
11759754_a_at,0.15226475029623612,LINC00943,False
11740913_a_at,0.1521556797238665,SKOR1,False
11742353_at,0.15211429416156516,OR11L1,False
11729476_x_at,0.1520730786226348,GGN,False
11744862_x_at,0.15177281576049734,DHRS7,False
11724864_a_at,0.15176912079273147,GJB1,False
11715386_at,0.1516869579771331,REG1A,False
11758713_s_at,0.15165849759741581,RP1L1,False
11715686_s_at,0.15158869480070078,ARPC5,False
11734350_a_at,0.1515126220543052,TRIM11,False
11722050_a_at,0.1514035665470367,CC2D1A,False
11738493_s_at,0.15127904049846333,OR4F17,False
11736245_a_at,0.1512049525692666,PRKAG2,False
11749116_a_at,0.1511809268768929,DNM2,False
11721423_a_at,0.15109377817202346,AMZ2,False
11746943_a_at,0.15102655716149505,SH2D6,False
11750357_a_at,0.15076969483498984,ETNK2,False
11749426_a_at,0.1505853064585312,PLXNB1,False
11724457_at,0.15056323969953797,HCN4,False
11750568_a_at,0.15037874502964374,SALL1,False
11741740_at,0.1502245226301793,LRRC14B,False
11736565_at,0.15015107848334522,PTPN14,False
11729442_a_at,0.15014227808882072,ENTHD2,False
11716071_s_at,0.15007240261663984,PIM3,False
11722104_a_at,0.15006096436879074,TPRA1,False
11735348_a_at,0.15005415744840803,ZFP69,False
11731386_a_at,0.14988930218287994,HYAL4,False
11740965_a_at,0.14986115540958608,GTF2A1,False
11753639_at,0.14980134165347062,C18orf12,False
11735203_a_at,0.1497795801765382,MEGF10,False
11755970_a_at,0.14977108967706618,CHRNB3,False
11741555_s_at,0.14976356774187152,LIPA,False
11734085_a_at,0.14974859397074786,NKX2-3,False
11719756_s_at,0.14974534014706578,COA6,False
11754723_a_at,0.14973171970362945,HACL1,False
11720211_a_at,0.14966886129066045,TP53BP2,False
11757409_x_at,0.14961294436782285,TMSB10,False
11738651_at,0.1494156038426891,KRT35,False
11753574_at,0.14933818941557186,RAB9BP1,False
11730765_at,0.14928436568648598,CD177,False
11726232_a_at,0.14925827879780643,PRX,False
11745566_a_at,0.14914125024434083,INTS4,False
11721778_a_at,0.14906062252658603,ACBD5,False
11756904_a_at,0.14900698522018233,STAB2,False
11722904_a_at,0.14898761925078222,TBC1D9,False
11759160_at,0.14894168193402146,IFT81,False
11760636_at,0.14882106253727095,NAGPA,False
11720473_at,0.1487909991987373,COX14,False
11757979_x_at,0.14858652587662277,DEGS1,False
11739285_a_at,0.1484736802110411,ARL6IP6,False
11760787_at,0.14840099025488682,ARHGAP11B,False
11723526_a_at,0.14829218840700456,HOXB9,False
11752890_a_at,0.14822596171981137,SNTA1,False
11755575_a_at,0.14822291377048505,KCNU1,False
11759528_at,0.14816728336125848,MRPS31,False
11729482_a_at,0.1480694134829436,KRTCAP3,False
11761709_x_at,0.14796874380992545,WDR13,False
11724693_a_at,0.147952686907597,TRPV6,False
11721057_a_at,0.14771924318711802,ANO10,False
11720688_a_at,0.14770568892363983,ZNF133,False
11756744_a_at,0.14747217327944454,DUSP11,False
11742418_a_at,0.14746412236540635,SETD1B,False
11740635_a_at,0.14739430475909726,C19orf57,False
11732838_at,0.1471530776520558,GUCA2B,False
11715863_x_at,0.1471028288388662,DDAH2,False
11732330_s_at,0.14709589000577317,MAP7D1,False
11732029_a_at,0.14705857324714441,SPEM1,False
11716113_a_at,0.14702098653170326,STAMBP,False
11728939_at,0.14700817847300657,RASEF,False
11721028_at,0.14700075202796034,MLYCD,False
11751009_s_at,0.14698030113029456,IK,False
11730514_at,0.14692301053350615,C16orf78,False
11738835_x_at,0.14684499197029732,NDRG2,False
11723643_a_at,0.14679915717104483,ANXA7,False
11728760_a_at,0.1467480984974076,SSBP1,False
11730873_a_at,0.14674018961123453,RASSF5,False
11735616_x_at,0.14668564214255164,PRR35,False
11734400_at,0.14667612929133977,CBARP,False
11754081_a_at,0.14664452608614062,NEDD8,False
11726972_s_at,0.14647954693021087,HRCT1,False
11757215_x_at,0.1464757881786702,FKBP1AP1,False
11738055_at,0.14636277987702728,C8orf22,False
11742169_x_at,0.14635707095743747,FAM27L,False
11728104_at,0.14620600993435068,HTR2B,False
11739720_a_at,0.14607368207678237,GIMAP8,False
11742631_at,0.1460501518162093,OR4C45,False
11735823_at,0.14603548468892152,ZP4,False
11734482_at,0.1458551968934899,ETV3L,False
11738030_s_at,0.145840242040096,DLX4,False
11726264_s_at,0.1457658143893538,STRADB,False
11729137_at,0.14573821627986916,UGT2B7,False
11735650_at,0.1457077989384776,PKDREJ,False
11757799_s_at,0.14567676263543783,VAMP7,False
11735685_at,0.1456023596421436,LCE1E,False
11741534_at,0.14548854621656337,SRMS,False
11733966_at,0.14537698265251975,VIP,False
11734804_a_at,0.14534428284340434,KIF20B,False
11761746_x_at,0.1450728165244474,KRT17P2,False
11732939_at,0.14501726509917345,HS3ST6,False
11719267_s_at,0.14497220437247232,SERINC1,False
11755757_a_at,0.14494367648708278,SYNM,False
11728418_a_at,0.14493804847341696,ACSBG2,False
11740955_a_at,0.14489996808136651,PLEKHN1,False
11734513_at,0.1448671589239247,LRRC18,False
11718931_a_at,0.14485081973039943,SLC35D2,False
11742525_at,0.1446515666349151,OR52B6,False
11757127_at,0.144612862506088,SNORA23,False
11733770_s_at,0.1444790048079332,DEFB104A,False
11738801_x_at,0.14445164251725315,MYH4,False
11722770_at,0.14436222171559085,MMP24,False
11727191_a_at,0.14424652636173732,BFSP1,False
11720620_s_at,0.14422371306678924,ACLY,False
11739108_a_at,0.14421360720362053,CXorf56,False
11729325_a_at,0.14412021173985207,RAMP2,False
11741457_a_at,0.14407049929889026,ALOX12,False
11726422_at,0.14403407667636303,WDR53,False
11741857_a_at,0.1439315891000382,NYX,False
11743646_at,0.14375111339530433,C17orf105,False
11737248_at,0.14359688867890044,HTR6,False
11724108_s_at,0.14356481063741494,FAM58A,False
11762053_at,0.14348546736206322,AKNAD1,False
11717948_at,0.14336969212334422,COA5,False
11736957_x_at,0.14301987853223305,TRIM72,False
11724627_a_at,0.1429932090832634,MAT1A,False
11734147_a_at,0.14289747275449355,SLC6A4,False
11735227_at,0.14284542812572892,FAM71E2,False
11716649_a_at,0.14282896307726806,DHX40,False
11732930_a_at,0.14267212556040385,SLC6A18,False
11760273_x_at,0.1425748139345154,TRGV3,False
11715718_a_at,0.1424170466869315,ZNHIT1,False
11736690_at,0.14228928361456827,CCDC89,False
11739630_at,0.14224838119206953,RAG2,False
11733584_a_at,0.14220077963990038,TM4SF19,False
11754621_s_at,0.1421654513202088,EWSAT1,False
11755134_a_at,0.14207466355426152,PLCH2,False
11726405_a_at,0.14204358745579546,ASPA,False
11742005_at,0.14200297624130778,TPSD1,False
11736435_at,0.1419653987532322,SEMA3E,False
11734268_a_at,0.14193266222723183,HOXC11,False
11726349_a_at,0.1418311823148971,ANKRD2,False
11734485_at,0.14176830924258768,PRDM12,False
11733005_at,0.14163993859060334,FCGR3B,False
11726194_a_at,0.14161526491741927,RTN2,False
11745569_s_at,0.14154139650085526,LOC100996732,False
11742271_s_at,0.14149353318648183,KCNK4,False
11742543_at,0.14141033006657425,OR6Y1,False
11754802_s_at,0.14127397853298565,C12orf76,False
11725155_at,0.14113293694005782,FJX1,False
11747161_a_at,0.14106691739941588,TXNDC2,False
11739383_a_at,0.1410064364258718,IDI1,False
11756222_a_at,0.14096522002350595,NR1H4,False
11758053_s_at,0.14094625740980435,NCOA4,False
11721184_at,0.14072377920730392,TSPAN33,False
11733842_a_at,0.1406960308702655,SSSCA1,False
11717613_a_at,0.1406799586985245,KLHDC8B,False
11762626_at,0.1406621842666872,OR9H1P,False
11744018_a_at,0.14066064679299814,IDUA,False
11757992_s_at,0.1405524237112548,SLC12A5,False
11717663_a_at,0.14049600484178043,KLHL12,False
11732523_a_at,0.14042625802508052,TMEM232,False
11728209_a_at,0.14038907579865575,PPP2R2C,False
11725657_a_at,0.14022970964988857,ZUFSP,False
11750164_a_at,0.1402279746580835,SCRN3,False
11727420_at,0.14019272927580645,CNBP,False
11735962_at,0.1401625607325349,AKR1C8P,False
11732784_a_at,0.14009841646665655,TRIM42,False
11741763_at,0.14009711239509717,C1orf229,False
11728002_at,0.1400628730325617,MS4A6E,False
11747028_at,0.14000143063832962,HMCN2,False
11716033_at,0.1399870610843498,SLPI,False
11742463_at,0.1398437252811635,VAX1,False
11755815_a_at,0.13970651533985834,CDH4,False
11728940_a_at,0.13942645084393698,KCNIP1,False
11737681_a_at,0.1394048418278904,SLC26A10,False
11756354_a_at,0.1393919320778465,RRP8,False
11715433_a_at,0.1392544812044922,RBBP7,False
11749435_a_at,0.13925031641424587,SLC38A3,False
11738757_at,0.13902371653213108,OR2A25,False
11736859_a_at,0.13899041034583687,FAM89B,False
11730710_a_at,0.13891709048893222,TERT,False
11738819_at,0.13886316694508813,LINC01565,False
11744157_s_at,0.1388260945336338,CHKB,False
11754932_x_at,0.13860577926138612,XRCC6,False
11756514_a_at,0.13858320184223302,TEKT5,False
11736402_at,0.138570026469024,GABRA3,False
11758545_s_at,0.13832594188508388,RHAG,False
11737184_at,0.13825071907703898,SAA2,False
11717653_a_at,0.13824494476554067,GIT1,False
11761849_s_at,0.13813243460593777,CRADD,False
11742310_at,0.13811153495781037,OR1I1,False
11726430_at,0.13810809600144652,C11orf52,False
11716839_a_at,0.13804598788741193,RASD1,False
11726376_x_at,0.13804131711400297,MPV17L2,False
11745296_at,0.1379859798897684,ANKRD66,False
11726585_at,0.13795729764271122,PIPOX,False
11738531_x_at,0.1377797314606093,PCDHGA6,False
11746673_x_at,0.1376900482138028,TBL1Y,False
11738324_at,0.13766939782634668,USH2A,False
11735969_s_at,0.1376655759875164,NKPD1,False
11715832_s_at,0.13750309739028665,SURF4,False
11761517_at,0.1374746285442124,MACF1,False
11738300_at,0.137364370076365,MCCD1,False
11760744_at,0.13721895806215276,PTMA,False
11744714_at,0.13719818546077242,LINC00310,False
11721222_s_at,0.13716203013882525,MIER2,False
11738973_at,0.1371443910557515,DEFB115,False
11724332_at,0.13703790872728447,C6orf226,False
11733580_a_at,0.13691746589857404,TSPAN10,False
11740226_at,0.1368694048845393,PRR18,False
11734467_at,0.13686843735228194,AMER1,False
11716623_a_at,0.13675252873687055,XPO1,False
11755040_a_at,0.1366644375900071,CRYGS,False
11744846_a_at,0.13662169578308575,LCA5L,False
11741848_x_at,0.13655836153429088,KRTAP9-4,False
11732758_a_at,0.13652666882758197,POF1B,False
11743556_a_at,0.13634850958470235,EBF4,False
11731585_a_at,0.13595029039416215,OMA1,False
11747950_a_at,0.1359044573369916,DMRTC2,False
11715744_a_at,0.13579348606656294,ATP5J,False
11744085_at,0.13563732015194022,UBALD2,False
11764253_s_at,0.13554669528471547,IFITM10,False
11754382_a_at,0.13550395145614516,SMIM5,False
11748673_at,0.13529803698428183,LOC644794,False
11731832_x_at,0.1352490171855506,DDO,False
11722985_a_at,0.13519558499972126,UBOX5,False
11719635_a_at,0.13502508561699791,NUP153,False
11735467_a_at,0.13497976804379064,C10orf82,False
11757035_a_at,0.1349640148106458,ACKR1,False
11743230_at,0.13496360309287805,CCL24,False
11715304_s_at,0.13488224702571724,PLCB3,False
11738389_a_at,0.13486647513615413,TCF23,False
11726159_a_at,0.13473799097751502,IQCG,False
11729383_a_at,0.13469156303245963,DMRTB1,False
11732488_at,0.13457155487484393,HIST1H2BA,False
11735986_at,0.13445862077774215,KRTAP13-3,False
11758376_s_at,0.13432259162975121,CFAP69,False
11733356_at,0.13428628568040848,C5AR1,False
11735517_a_at,0.13402929663272883,TRIM60,False
11718442_at,0.13400519316400478,MAPK8IP3,False
11749483_a_at,0.13398592665308595,PTPRR,False
11720629_a_at,0.13397467620240783,KIAA0196,False
11720908_a_at,0.13389299027348622,LRRC16A,False
11764205_at,0.1338018300748458,LOC105377603,False
11741731_a_at,0.13357464433092955,FBXO34,False
11761324_at,0.13347288763203932,LOC100507646,False
11756782_a_at,0.13344777546514583,SEL1L2,False
11744062_x_at,0.1334094975208829,ACTR1B,False
11721995_a_at,0.13322295725952368,LRRC32,False
11738585_at,0.13314813458144742,OR4D1,False
11737482_x_at,0.13312291047102548,CDR1,False
11725194_a_at,0.13311439945940307,FCHO1,False
11742773_at,0.1330604839893602,GSTM5,False
11715598_at,0.13305323949545397,TFG,False
11730944_a_at,0.13290576750399397,CCDC65,False
11725239_a_at,0.13277915436022988,ASB2,False
11718473_a_at,0.13274225468556528,CLIP3,False
11750835_a_at,0.13273654596601636,PHACTR1,False
11753008_a_at,0.1327238847792956,IL36G,False
11748570_a_at,0.13263509094427778,FAXDC2,False
11744943_a_at,0.1325182068088927,RHBDL1,False
11729565_x_at,0.13247139059988325,DND1,False
11761600_x_at,0.13241451456761136,SPRNP1,False
11756944_a_at,0.1323829546824358,SNTG1,False
11756157_x_at,0.13231732875509458,PSG2,False
11732620_at,0.13225519140346684,MIR1-1HG,False
11734832_at,0.13219271752699946,GPR22,False
11728041_at,0.13211532686269697,SSTR1,False
11738721_at,0.13208885940292112,OR51M1,False
11730138_at,0.13201362297722266,KLF1,False
11759276_x_at,0.1319177214624548,OR2M3,False
11749602_at,0.13190993009649768,HPN-AS1,False
11732380_at,0.13175020830058717,NPFFR1,False
11720887_at,0.13168797229165358,PLXNA3,False
11735691_a_at,0.13160009743764564,RBM4B,False
11744299_at,0.13158778126927917,FDCSP,False
11729992_at,0.1313538326397839,DQX1,False
11735704_x_at,0.13133666161703403,MT1A,False
11742624_at,0.13128466780760117,OR5AC2,False
11722044_a_at,0.13126575491148645,METTL17,False
11735286_at,0.13124585214106085,MYADML2,False
11733748_a_at,0.13108591475690712,GPR63,False
11729900_at,0.13104505858861962,CCR10,False
11731298_at,0.13099215860320645,NEUROD4,False
11726543_at,0.13098970228335785,TULP2,False
11741992_a_at,0.13098085467552842,FAM170A,False
11740069_a_at,0.13093820671672665,KRT222,False
11724482_x_at,0.13086424447099249,SHOC2,False
11716841_at,0.13069825420517583,UBE4A,False
11721917_a_at,0.1306959623835525,ANKRD37,False
11736671_a_at,0.1305831637019055,SPERT,False
11735316_at,0.13056702232826112,CLPSL1,False
11735537_s_at,0.1304850201890998,MROH6,False
11763054_a_at,0.13018488912148718,YIPF7,False
11751447_a_at,0.1301814631787569,NXPH1,False
11758582_s_at,0.130119864626081,SIX4,False
11738440_at,0.12998363053850812,FGF22,False
11722680_at,0.12991844407650682,HCST,False
11728535_at,0.12988155864086828,BGLAP,False
11733191_at,0.1298722116084545,FAAP24,False
11716518_at,0.1298111852808957,VPS37B,False
11722268_a_at,0.1297459775589003,NFRKB,False
11724372_at,0.12972852104904273,ANXA10,False
11729638_a_at,0.12956671737689723,FAM134C,False
11736073_a_at,0.1295573816314921,ALDH1B1,False
11738043_a_at,0.12948911726859416,MPV17L,False
11740721_at,0.1294802742797011,ONECUT1,False
11741180_a_at,0.12943987191385298,A1BG,False
11740484_a_at,0.12935113637608214,USP51,False
11750882_a_at,0.12931808257213093,KCNV1,False
11732953_at,0.12930316617892654,SPINT3,False
11736820_a_at,0.12928769621733305,RASGRF2,False
11758617_s_at,0.12916721033213543,TRMT10B,False
11730591_a_at,0.1291038215620922,MCMDC2,False
11729978_at,0.12890830085776847,CARD18,False
11755164_a_at,0.12886891510031795,LEFTY1,False
11725035_s_at,0.12883574426391534,LMBRD1,False
11743952_a_at,0.12880965922703647,CFAP206,False
11744482_a_at,0.12862924160417255,TMEM246,False
11741338_a_at,0.1285284202234552,STK32A,False
11744518_a_at,0.12849777081566555,SLC2A10,False
11738100_a_at,0.1284858978324337,C20orf195,False
11736657_a_at,0.1284192317147999,REST,False
11750707_a_at,0.12837911316698697,GLP1R,False
11717024_at,0.1281907408086426,LOC102724828,False
11719419_a_at,0.12818898438486467,TMEM251,False
11737357_a_at,0.12816078044656018,CNGA3,False
11730997_at,0.1281077569702443,LRRN1,False
11739297_x_at,0.12807104671001623,METTL2A,False
11718689_at,0.1280627250033805,NES,False
11756642_a_at,0.12792751291876042,DECR2,False
11756169_x_at,0.12771916934700348,OAZ1,False
11735662_a_at,0.12747934216758858,P2RY2,False
11723812_at,0.12737033451659951,STX17,False
11755117_x_at,0.12716620795500105,FBXL22,False
11744081_at,0.1271459127794679,FBXW5,False
11731329_at,0.12700091764526372,GNRH2,False
11737752_at,0.12699239107245272,PGK2,False
11716702_a_at,0.12693376627504793,SEMG1,False
11737609_at,0.12686459114216775,GRIN3B,False
11729581_x_at,0.12685379107569172,PPDPF,False
11747438_a_at,0.126812718982782,GIMAP4,False
11729039_at,0.1267974490772646,DCDC2,False
11723790_a_at,0.12676908438602463,SNCB,False
11726556_a_at,0.12674105671680422,TAF7L,False
11737262_at,0.12672797668010688,CABP5,False
11750004_a_at,0.12669583755714023,MAMLD1,False
11716953_at,0.12665817726473227,TMEM126A,False
11741758_x_at,0.12664388355212844,TRPV4,False
11728398_x_at,0.12654420326956659,MT1M,False
11751873_at,0.12631263204871246,DEFB133,False
11717805_a_at,0.12631216258350222,CASP3,False
11732789_a_at,0.12628281058126176,OOEP,False
11752121_a_at,0.12626752370871627,ZNF324,False
11744566_a_at,0.12616979243908072,DDX49,False
11749969_a_at,0.12606178635948523,TSPAN5,False
11725908_at,0.1259954901363494,LRRC10B,False
11729311_a_at,0.12597020737411418,SPX,False
11717015_a_at,0.12570861719472193,CLDN7,False
11737230_at,0.12570696115602503,ADIG,False
11727906_at,0.12564087520313308,MMP10,False
11728792_x_at,0.12559914114059065,EEF2K,False
11752410_a_at,0.12555860853008266,PBOV1,False
11737466_at,0.12550759911873252,RUSC1-AS1,False
11741733_at,0.12547869739440162,CCDC79,False
11737390_at,0.12547555947452507,ZSCAN4,False
11735613_a_at,0.12542028175193912,ASIC4,False
11726315_a_at,0.12538017533568843,METTL22,False
11730183_s_at,0.1253399466520365,SH3GL2,False
11752655_at,0.1251588486642089,SERPINA13P,False
11754735_s_at,0.1251419712667405,ABCA13,False
11756323_x_at,0.12500949913289872,F12,False
11727741_a_at,0.12489422942194343,SYNDIG1L,False
11729022_a_at,0.12488966212955305,CNTN4,False
11726415_a_at,0.12486440353630358,ANKRD6,False
11734666_a_at,0.12481901586337918,POLR2B,False
11718186_a_at,0.12475776540467125,UHRF2,False
11719310_a_at,0.1244926029500588,CRY2,False
11751930_a_at,0.12445424028103709,KDM5C,False
11717829_s_at,0.1244461874459782,TSC22D3,False
11739300_a_at,0.12431373877513334,CISD3,False
11728623_a_at,0.12422036088784373,PAX2,False
11762459_at,0.12393736485509955,XRCC1,False
11728251_at,0.12376099095341536,GK2,False
11732990_x_at,0.12363775154445933,HIST3H2BB,False
11749983_a_at,0.12349537417498008,SERPINB5,False
11734337_at,0.12346558879497327,THSD7B,False
11731794_x_at,0.1234201264359244,CDAN1,False
11749230_a_at,0.12325078912510254,LOC100129434,False
11756221_a_at,0.1232159921330321,ASTN1,False
11723324_at,0.1230890836910425,HOXC10,False
11739506_a_at,0.12307542468550522,LONRF2,False
11737217_s_at,0.12305098558514191,ZNF124,False
11744190_a_at,0.12303493485773817,SPNS3,False
11725522_at,0.12298368303928972,MESP1,False
11748792_a_at,0.12293137636239071,GFRA3,False
11748629_a_at,0.12286941518648833,IFRD1,False
11762267_at,0.1225718347688124,ADAMTS3,False
11742244_a_at,0.12255470151070505,CEACAM19,False
11727687_s_at,0.12252938671759138,KCTD18,False
11728844_at,0.12252170920269993,PROSER2,False
11733543_at,0.12225873540093082,SFTA2,False
11735719_a_at,0.1221925881339681,ALS2CR11,False
11750360_s_at,0.1221644601094097,FGD3,False
11731302_a_at,0.12216046210195673,ITPRIPL1,False
11731869_a_at,0.12207834752888506,AZU1,False
11721355_a_at,0.12201929801124574,YPEL3,False
11723178_s_at,0.12189551788462266,SLC15A4,False
11757161_x_at,0.12186515097802446,SNORA30,False
11758388_s_at,0.12179925625133639,LHX8,False
11719358_at,0.12178251873836748,PTH,False
11720687_at,0.12170670652229115,HOOK2,False
11735949_a_at,0.12147823324279959,GPR142,False
11734069_s_at,0.12146063448717316,SSR3,False
11735410_a_at,0.12141157028502352,PLD5,False
11740125_x_at,0.12139984844571702,HIST1H2AM,False
11744879_a_at,0.12129260611168526,RARS,False
11764015_at,0.12129239529154015,LOC100507461,False
11731614_x_at,0.121198220008238,ETFA,False
11734247_at,0.12111309688066628,KRT3,False
11717569_a_at,0.12106715635341911,HTN1,False
11717363_a_at,0.12096677539861585,C9orf69,False
11722266_at,0.12092589925300978,ADCY1,False
11723175_at,0.12076840984322593,PLEKHA6,False
11762197_at,0.12072791722899556,TONSL-AS1,False
11719387_a_at,0.1207138012380339,GOLGA5,False
11724115_at,0.12062113886751434,ZNF512B,False
11732137_at,0.12042574769311631,AATF,False
11742359_at,0.1204111406972434,OR52N2,False
11715119_s_at,0.12036641923923276,C2CD4B,False
11724308_at,0.12027233937434323,MED30,False
11735907_at,0.12013590995322505,GJD2,False
11736857_at,0.11993059731265024,ODF1,False
11715902_a_at,0.11986340650849799,DDX23,False
11731904_a_at,0.11984435063987643,CRISP1,False
11738031_at,0.11984297768940376,FAM153C,False
11729400_at,0.11979894201105254,PCP4L1,False
11727590_a_at,0.11968796617234793,IL20RB,False
11741849_x_at,0.11966913119404284,KRTAP17-1,False
11733392_at,0.11955044970988679,UBL4B,False
11753039_a_at,0.11954307784951658,CLMP,False
11762815_at,0.11949614482794885,MFAP2,False
11741911_a_at,0.11944278648846378,GBP3,False
11746366_x_at,0.11939167070090313,EPB41,False
11729307_x_at,0.11934087603479904,GPR35,False
11725261_at,0.11933859567084096,C20orf144,False
11738930_s_at,0.11932114321857376,FRG2,False
11742136_a_at,0.11926507173951607,HTR3D,False
11740666_at,0.11917981566232608,PTCHD3,False
11716986_a_at,0.11908101978347442,GTF2B,False
11747356_x_at,0.11903528324665469,FSCN1,False
11723966_a_at,0.11892330643918025,SLC22A11,False
11747520_a_at,0.1188392448486779,PMS2CL,False
11721694_x_at,0.11864458673786803,WAS,False
11754648_a_at,0.11859552199957923,UBFD1,False
11754543_s_at,0.11842728112656023,CH507-42P11.6,False
11734895_at,0.11832010311082675,CTC1,False
11728089_a_at,0.1181669272718876,DKK2,False
11734516_at,0.11811712087701699,APOL5,False
11744724_a_at,0.11806870272978184,CERS2,False
11754154_a_at,0.11804457925564704,CYP1A1,False
11734166_a_at,0.1179480124194064,PGBD2,False
11762633_at,0.11791548165316974,LOC100287225,False
11740225_a_at,0.11785298469856983,CHST4,False
11741882_a_at,0.11759977575141034,ARTN,False
11718132_at,0.11756268077941799,RBP4,False
11743162_a_at,0.1173966313319077,CTSE,False
11715281_at,0.11736899273531608,ASIP,False
11733365_a_at,0.11720014975919579,NR2E1,False
11754600_a_at,0.11714382533066181,SHC3,False
11724657_at,0.11710673230331113,RBP3,False
11762869_a_at,0.11705670135852872,LRRC37A5P,False
11731818_a_at,0.11703255243478881,CD40,False
11735327_at,0.11697889464428571,LMX1B,False
11731658_at,0.11696803355664702,TRAM1L1,False
11760506_at,0.11682523765413301,NCAM1-AS1,False
11759730_a_at,0.11681732784638788,OVOS,False
11763832_a_at,0.11681107624034587,FAM47E,False
11754391_a_at,0.11673978039454641,CCDC51,False
11735480_a_at,0.1165883801741916,FAM160A1,False
11742792_at,0.11640553095191049,ARL9,False
11750087_a_at,0.1164046948962267,CALCB,False
11743428_a_at,0.11636424168191702,RUNX3,False
11721650_at,0.11636040154297245,PI3,False
11720431_s_at,0.11634397951410279,COL15A1,False
11738052_at,0.11632134965069134,MRGPRX3,False
11737705_s_at,0.11629047690512415,LOC105370720,False
11728755_a_at,0.11628247707683352,NHLRC3,False
11761044_at,0.11627632660730887,BCRP3,False
11738554_s_at,0.11623803710959844,XKRY,False
11716532_a_at,0.11601069299187182,EGFL6,False
11720544_x_at,0.11577345470769967,AGPAT2,False
11742434_a_at,0.115671927853819,LRRC16B,False
11753783_a_at,0.11555840415991536,CIB3,False
11720340_a_at,0.11553974545777593,STX1A,False
11728595_a_at,0.1155340480531932,CAV3,False
11729065_at,0.11544737317519074,SPPL2C,False
11730675_at,0.1154002821005433,C17orf50,False
11724982_s_at,0.11536792990847203,PCDH7,False
11721336_at,0.11531849143848973,LDOC1,False
11730095_at,0.11526290918354108,KHDC3L,False
11723825_a_at,0.11524999283732318,PHYKPL,False
11733015_a_at,0.11508365623045055,DALRD3,False
11718770_a_at,0.11506719759110189,SELK,False
11725859_at,0.11488863416013849,APBA1,False
11723855_a_at,0.1148683701383652,CASKIN2,False
11721901_a_at,0.11482559605901332,NMRAL1,False
11746146_s_at,0.11477436524527725,LOC101928422,False
11741372_x_at,0.1147349828466784,SPDYE6,False
11742322_at,0.11468087293336122,OR2AK2,False
11734505_a_at,0.11468051435054086,ASPDH,False
11731347_at,0.11463271113274012,PRR32,False
11761753_x_at,0.11453189337101871,SYF2,False
11737293_at,0.11445716454737617,TACR3,False
11719148_a_at,0.11444952113213373,ARRDC2,False
11718625_a_at,0.11436892457628635,DGUOK,False
11762789_at,0.11429143493866945,LPEQ6126,False
11758159_a_at,0.11425697014356595,RELL2,False
11745641_at,0.11422238425368927,KDM4E,False
11731081_at,0.1141538269229278,RBP2,False
11762285_x_at,0.11415239687672987,SSX8,False
11754813_a_at,0.11412396278148544,SLC35B1,False
11741512_a_at,0.11404471568907165,SEC14L3,False
11727117_at,0.11400988007932651,NPPB,False
11753754_x_at,0.11400156455040035,SNCG,False
11737715_a_at,0.1139786160488187,NFKBID,False
11737651_at,0.11378134492974219,USP50,False
11732825_at,0.11375094258175533,SPATA19,False
11757016_s_at,0.11367773045675161,ZNF727,False
11730214_at,0.11349215750497384,DUOX2,False
11738630_a_at,0.11327638841224492,RBL1,False
11726200_at,0.11299883366986357,CTF1,False
11722903_s_at,0.11299202575544046,GSTT2,False
11724408_at,0.11288757574645249,STAC2,False
11763596_a_at,0.11285533332282706,JAKMIP3,False
11740877_at,0.11277573857488403,GDF7,False
11738194_at,0.11271973982003881,TAS2R3,False
11734153_at,0.11271034509115643,DLX6,False
11722950_a_at,0.11270351474488133,CIART,False
11760638_at,0.11265602348625395,LOC84843,False
11715986_s_at,0.11240245473868238,YPEL5,False
11742481_s_at,0.1122437060014417,PRAMEF20,False
11745156_a_at,0.11219186027377423,OR13A1,False
11734556_a_at,0.11217349795622336,DDX27,False
11730974_x_at,0.11216942256409196,CST2,False
11749260_a_at,0.11195881162706604,MAGEA4,False
11734280_x_at,0.11183272471325915,RBMXL3,False
11753904_a_at,0.11167341944222915,CDC42EP2,False
11719698_x_at,0.11153610335784922,HSPB11,False
11745020_a_at,0.11146227970447392,TNFRSF12A,False
11737113_a_at,0.11142373644996209,MED19,False
11723671_x_at,0.11140015506863918,BNIP2,False
11760993_at,0.11129886887121694,SDCBP2,False
11723116_a_at,0.11123798446525718,RAD51L3-RFFL,False
11727334_at,0.11120531586677118,ALPPL2,False
11716850_s_at,0.11117741999275614,MFSD14B,False
11728410_a_at,0.11117146382155445,INO80C,False
11741516_at,0.11094566652792806,SELV,False
11748540_a_at,0.11064437601157004,MOB2,False
11756477_a_at,0.11049385010902708,TTLL11,False
11757235_at,0.11043834372460076,DNM1P35,False
11738396_a_at,0.11026375143666574,COL28A1,False
11742882_at,0.11018049116492983,PPID,False
11723013_x_at,0.11010902083542641,CAPZA2,False
11733752_at,0.11004462112857576,GPR50,False
11751645_x_at,0.11001364948647209,PBXIP1,False
11735073_a_at,0.1098879744088845,ZNF596,False
11725109_a_at,0.10978281949731974,FAM98C,False
11763919_at,0.10963288110253817,SNORA19,False
11738573_a_at,0.10946726097854623,MS4A2,False
11725408_a_at,0.10942444319620154,DEAF1,False
11743631_a_at,0.1093712992249746,ALMS1,False
11760191_at,0.10935908289303307,UQCRQ,False
11757428_a_at,0.10925338412266863,SF3B5,False
11728192_at,0.1091649492870058,LCN1,False
11756291_a_at,0.10904206014002947,CCDC53,False
11740620_a_at,0.10902775471415388,CHRM2,False
11744139_at,0.10898206768803607,TPGS1,False
11735785_a_at,0.10896584787863811,NPY2R,False
11746624_at,0.10888240272301095,CPS1-IT1,False
11736944_at,0.10873617099026503,C2orf15,False
11729408_a_at,0.10837888960227798,CNTNAP4,False
11755714_a_at,0.10832598904553989,GPX5,False
11720069_s_at,0.10827779591494993,COMMD8,False
11726129_at,0.10826599103071394,HBZ,False
11730878_x_at,0.10826533265801389,MYCT1,False
11762565_at,0.10824247982074821,ANKRD20A5P,False
11732668_a_at,0.10806081890769162,APITD1-CORT,False
11739145_a_at,0.1080032582308425,ITGA3,False
11735642_at,0.10799600299041325,FAM132A,False
11744236_a_at,0.10798950587368078,DDX60,False
11744639_a_at,0.10796955817914324,SH3D21,False
11726618_a_at,0.10791112599530228,C1GALT1C1,False
11744390_s_at,0.10768861370032984,TIMM8B,False
11736441_a_at,0.10766752396215955,UROC1,False
11733471_at,0.1076065511129918,PLEKHG4B,False
11716086_a_at,0.10759336866782628,PXDN,False
11715736_s_at,0.10743964528072916,CASC3,False
11742493_a_at,0.10728763913368061,EME2,False
11719072_x_at,0.10710975454293797,WDR18,False
11756228_s_at,0.1070401868539297,NECAP2,False
11742370_at,0.10693342233367203,OR52A4P,False
11716944_a_at,0.10668867328756802,YIPF3,False
11731690_a_at,0.10661362464353037,PIK3C2G,False
11730588_at,0.10657565720402054,GATA5,False
11757309_a_at,0.10653679597665923,COL2A1,False
11741924_a_at,0.10650381862586754,GRB10,False
11732353_s_at,0.1064506018483997,NT5C3B,False
11726654_a_at,0.10640661709300872,PARVB,False
11744520_a_at,0.10623637089704656,PCGF1,False
11717232_a_at,0.1061645669395889,PNLIPRP2,False
11754223_at,0.10608480172234849,ZMYM6NB,False
11756088_a_at,0.10596869582224916,LRP2BP,False
11751925_a_at,0.10596217239556525,VWDE,False
11746481_a_at,0.10574802378166888,TMEM219,False
11745041_x_at,0.10547491433862466,CIDEC,False
11748187_s_at,0.1054312310808034,STRC,False
11723998_at,0.10538130135833365,SPC25,False
11726231_at,0.10531475778248904,NR0B2,False
11729149_a_at,0.10524806235069997,MRPS23,False
11762829_at,0.10524218349424598,LOC100506242,False
11727025_a_at,0.10521011513746187,FLAD1,False
11759077_at,0.1051600566018693,HIST1H3A,False
11731084_at,0.10510444766902614,ST8SIA2,False
11754528_s_at,0.10506347015709783,TRAF7,False
11731492_at,0.10506336650129162,PRPF18,False
11745762_x_at,0.10503217371405875,AHSA1,False
11744065_at,0.10502135371545883,ZNF589,False
11721702_a_at,0.10501147221440765,CMTM7,False
11762206_s_at,0.10498609022560036,DRD5P2,False
11724494_x_at,0.10498495618121235,SF3B4,False
11740914_at,0.1049582573043226,LINGO3,False
11718991_a_at,0.10494646636381656,NDUFB7,False
11758718_x_at,0.10484795830009712,ATP5E,False
11731957_at,0.10473819367063839,GUCA2A,False
11746556_a_at,0.10455846671741377,SLBP,False
11735970_a_at,0.10454596101251187,DNAJB13,False
11740037_a_at,0.10450953180062746,ADCY5,False
11742176_s_at,0.10440578768994274,HIST1H2BO,False
11738193_a_at,0.10438179455392214,PITX3,False
11728093_a_at,0.10428924325409104,MAP3K1,False
11744186_at,0.1042422802018828,C16orf70,False
11733699_a_at,0.1041604297712622,TEAD4,False
11736918_x_at,0.10407857679172575,HIST1H2AH,False
11754888_a_at,0.10407621997668427,ADSSL1,False
11728577_a_at,0.10406826639596194,C2CD4C,False
11749778_a_at,0.10402105266633553,PDIA6,False
11724597_a_at,0.10401162579958573,KIFC2,False
11729010_at,0.10400623683475824,CDH22,False
11761627_a_at,0.10396743958156174,WDR61,False
11735508_a_at,0.10396142904715536,AKR1D1,False
11756211_s_at,0.10392328441266076,C11orf73,False
11742330_at,0.10389412821560022,OR9K2,False
11748349_x_at,0.10388366634538906,TGM4,False
11757133_s_at,0.10387210461091378,SNORA8,False
11759291_s_at,0.10370962318211052,PSMD12,False
11729790_a_at,0.10370884479227094,CUZD1,False
11761716_at,0.1033140094232748,COA3,False
11730559_a_at,0.1032578055244345,BCO2,False
11745688_a_at,0.10311400863634705,AVPR2,False
11737118_a_at,0.10304608707003941,PABPC5,False
11734296_a_at,0.10301791890811755,P2RY14,False
11715143_s_at,0.10300311823574157,OR9Q2,False
11763778_a_at,0.10298638766658721,MCM3AP-AS1,False
11735569_at,0.10291366702917941,ZAR1L,False
11754489_a_at,0.10290437885384661,NDUFAF5,False
11718376_s_at,0.10282661029418891,LOC401127,False
11750501_x_at,0.10276229307143608,CLNK,False
11740547_a_at,0.10271982359947508,KCNJ14,False
11736674_a_at,0.10269191623637225,KLHL35,False
11723419_a_at,0.10262557452705738,COL9A3,False
11735973_at,0.10262312142079431,POU4F3,False
11743184_a_at,0.10251854542295605,CYB5R1,False
11717317_at,0.10249821817918885,GPAT4,False
11717593_x_at,0.10234013611312218,CENPB,False
11738706_at,0.10225157285030491,OR6C65,False
11752206_a_at,0.10195377887000813,OTOF,False
11721133_at,0.10178644930545787,GFPT2,False
11716491_s_at,0.10172881710049216,SERPINA3,False
11733841_a_at,0.10172798324287197,EVI2A,False
11760690_at,0.10170739526397003,VWA2,False
11741739_at,0.10163795388588463,KRT37,False
11723829_s_at,0.10163469301147779,ANO1,False
11740081_a_at,0.10163461955885436,EPOR,False
11729668_at,0.10148091934908982,ZCCHC8,False
11730419_at,0.10144534460897794,PRND,False
11738654_s_at,0.10138331943584059,LOC101930165,False
11737101_a_at,0.10121536671337392,PPARGC1B,False
11742522_at,0.10117484275090555,OR5T3,False
11762746_s_at,0.10099003637359798,ZNF826P,False
11715338_s_at,0.10086431380765633,DCAF12L2,False
11733689_at,0.10083355813081134,PANX3,False
11737055_at,0.10059997570560128,ZNF678,False
11733008_a_at,0.10059254830241965,AMOTL2,False
11742591_s_at,0.10043369545699862,OR2M1P,False
11723804_a_at,0.10034242291956089,AKAP12,False
11757488_a_at,0.10016919208276981,POP7,False
11738410_at,0.1001614071343251,KRTAP8-1,False
11738486_a_at,0.10006741830957294,DNASE1L2,False
11744154_x_at,0.09999927607835918,SMG5,False
11742822_a_at,0.0998574481579733,DNPEP,False
11727289_a_at,0.09968738418040499,LIM2,False
11757723_a_at,0.09959173160723607,CD163L1,False
11743860_at,0.09929856329032287,ANGPTL7,False
11738394_a_at,0.09922887157742369,RAD54L2,False
11732646_a_at,0.09921995938110457,GUCY2C,False
11747640_a_at,0.09920685334910329,TDP2,False
11746024_at,0.09890228703853178,LOC100293044,False
11738382_at,0.09883064972273259,HMHB1,False
11731478_x_at,0.09873607146807971,CHMP1B,False
11727936_a_at,0.09870246523412839,SLC9A3R1,False
11729820_at,0.09861484585307831,USMG5,False
11744463_a_at,0.09855455157383916,CNPY2,False
11742305_a_at,0.09854412197849466,THEG,False
11732871_a_at,0.09849858708058155,LCN6,False
11755199_a_at,0.09845206018831072,LMNTD2,False
11725059_at,0.09845191772591232,GNG3,False
11721223_at,0.09841305557606254,ACOX2,False
11732643_at,0.09831290634806115,OR2C1,False
11715535_a_at,0.09825261070040356,GPS1,False
11737654_at,0.0981593927246253,OR6F1,False
11760602_s_at,0.09811748555570816,LINC00337,False
11719243_a_at,0.09794820467231338,NAT9,False
11727662_at,0.09792877140576525,FOXA3,False
11721852_at,0.0978603564314507,NCAPH,False
11732818_at,0.0976066488052843,TMEM171,False
11749026_a_at,0.09760025901418277,PTPRA,False
11723237_a_at,0.09758797536322797,POC5,False
11742622_at,0.09748656213911276,OR4S1,False
11741195_x_at,0.09743192945743771,SIGLEC14,False
11730033_a_at,0.09741399491304552,RPS6KL1,False
11734437_x_at,0.09739840809060911,BRSK1,False
11760524_at,0.0972783127908129,VSTM2A,False
11721043_at,0.09715317262866988,ERI1,False
11727274_a_at,0.09707511863618326,SHROOM2,False
11743399_x_at,0.09697564358603662,STARD3NL,False
11750429_a_at,0.09689297539775381,CHRNA6,False
11737841_a_at,0.0968478688371381,FAM214B,False
11747372_a_at,0.0968420777408815,SYBU,False
11727956_a_at,0.09682080145284165,PIANP,False
11724181_at,0.09677958533514758,SPACA4,False
11753662_x_at,0.0967711873365079,GYPB,False
11720427_a_at,0.09676715135558793,ILVBL,False
11740556_at,0.09675417289658274,CCDC141,False
11724448_a_at,0.09674319968512715,DNMBP,False
11730450_at,0.09622836103893515,NEURL2,False
11759720_x_at,0.09619150209115919,LOC400590,False
11760050_x_at,0.09610855186220281,LOC100134368,False
11722249_s_at,0.09610679347265533,C10orf11,False
11740836_x_at,0.09604933441080327,NUGGC,False
11741855_at,0.09600221702470924,ARGFX,False
11759596_at,0.09596520844051978,PCAT4,False
11756970_a_at,0.09593309000188122,CHIT1,False
11758118_s_at,0.09589394668065204,YARS,False
11721793_at,0.09587981440647526,RGMB,False
11725917_s_at,0.09585861771322218,RNF19B,False
11727801_a_at,0.09572316708033071,POP4,False
11756233_a_at,0.09562783543401301,AKIRIN2,False
11734508_at,0.09557091408570899,FOXI2,False
11738162_a_at,0.09539071187849431,XCR1,False
11759214_s_at,0.09535864987465807,RBM43,False
11738680_at,0.09530459381494286,OR56B4,False
11740503_x_at,0.09523594036594844,APOBEC3D,False
11738283_at,0.09520929595491502,WFDC9,False
11722040_a_at,0.09518742480672983,EIF2B3,False
11738441_at,0.09517995814637509,CCL17,False
11717827_a_at,0.09512607025818845,DBI,False
11738908_at,0.09507881015807237,OR2F1,False
11723968_s_at,0.09500790374293981,PPCS,False
11742398_at,0.09500187230168752,HOXC12,False
11745195_a_at,0.09493930222184863,UNC45A,False
11759257_at,0.09492435459952182,TMEM211,False
11716126_x_at,0.09492037200729686,ZYX,False
11745522_a_at,0.09491792520788354,UNC50,False
11738754_at,0.09486630698147563,OR4D10,False
11726764_at,0.09479495228493928,AQP8,False
11735518_at,0.09461062030323898,HES7,False
11745664_s_at,0.09461049807298004,KRTAP21-1,False
11738011_a_at,0.09460524499100986,MYLK2,False
11720522_a_at,0.09452262187042995,NSDHL,False
11754171_a_at,0.09443808091124169,TMEM37,False
11742233_a_at,0.09432237843000398,TMPRSS7,False
11738752_at,0.09430725036051557,OR1K1,False
11726912_a_at,0.09406183689810901,FAT2,False
11731931_at,0.09400867800156483,KIAA1755,False
11738060_s_at,0.09396510245123064,HIST1H4H,False
11746687_a_at,0.09394972444380419,ZSCAN1,False
11729018_a_at,0.09394938909717788,SPRY3,False
11757240_x_at,0.09392468529717284,NFYC-AS1,False
11743948_at,0.09383883843795955,BMP6,False
11734013_a_at,0.09373086371633375,BMP4,False
11735657_at,0.09348553718680755,KCNC3,False
11721983_a_at,0.09346167210550967,PID1,False
11741164_at,0.09343653986830196,CST5,False
11742585_a_at,0.0933721768966818,NCR2,False
11754048_a_at,0.09330872524060935,ERH,False
11719476_at,0.09330208708005164,FAM210B,False
11754835_a_at,0.09329010160166154,IGSF21,False
11743362_s_at,0.09328594877292525,ADSS,False
11743233_at,0.09328378092450458,C16orf96,False
11755376_a_at,0.09324237707653132,TTC12,False
11719092_at,0.09303955933136829,DUSP26,False
11722483_a_at,0.09298249571070157,FAM57B,False
11737415_at,0.09292845353375107,BPIFB4,False
11716270_a_at,0.09284803577417913,SLIRP,False
11724722_x_at,0.09265242949217456,HAGHL,False
11728962_at,0.09260982123801222,CTU1,False
11717846_a_at,0.09251954936078394,PLEKHJ1,False
11741685_a_at,0.09220693773303729,TAS1R1,False
11762499_at,0.09204856507961848,POLQ,False
11761939_at,0.09201677760011662,PLPP4,False
11730875_a_at,0.09192068647299184,FANCI,False
11734590_at,0.09187950271122206,NPBWR2,False
11738864_a_at,0.09186263592601432,ABHD12B,False
11746190_a_at,0.0917643889773695,PLIN4,False
11716050_at,0.09167745382854453,GBF1,False
11738733_at,0.09167019216487142,OR2T10,False
11720181_a_at,0.09150275085516293,DRG1,False
11738133_a_at,0.09150170608528463,ZNF80,False
11730834_a_at,0.09144778668125524,KATNA1,False
11755711_s_at,0.09140972093100884,ANKRD30BP2,False
11731210_at,0.09133392641098888,C2orf57,False
11755493_a_at,0.09132166594685466,EXOC6,False
11745584_a_at,0.09115022260235899,ZFP57,False
11753696_a_at,0.09112353783529221,PATE1,False
11729264_x_at,0.09097998461119289,ADAT1,False
11758204_s_at,0.09092756762639798,PPP2R5A,False
11722752_a_at,0.09092175120990915,ELMSAN1,False
11746941_s_at,0.09089807656673089,FAM138A,False
11741692_a_at,0.09079181968767393,CDKL1,False
11758540_s_at,0.09075232344627984,ZNF449,False
11743845_a_at,0.09045314673485745,TMEM102,False
11741636_at,0.09036928993662395,OR2W3,False
11752923_a_at,0.09034337012556852,LOC100287837,False
11727667_at,0.09028248013417829,DNAH7,False
11716037_x_at,0.09018448259375836,GPAA1,False
11731230_a_at,0.09013138602361129,RPUSD3,False
11736926_at,0.09012404784749169,TMSB4Y,False
11740951_s_at,0.08998230387528731,HRH2,False
11758150_s_at,0.0899155039771492,ARSE,False
11734156_at,0.08989784265704771,PRDM14,False
11756399_x_at,0.08968750383349157,CCDC189,False
11757029_a_at,0.08944439984629032,NDUFA9,False
11744498_x_at,0.08943149836480722,TRO,False
11734603_s_at,0.08937621857769552,CYSRT1,False
11742632_at,0.08935959517148052,OR4X1,False
11760842_at,0.08931535633923857,CTAGE3P,False
11756136_a_at,0.08908212819700749,PLGRKT,False
11729249_x_at,0.08888315260132992,ZNF205,False
11731591_a_at,0.08873648032380285,NOC4L,False
11761743_a_at,0.08869661699618477,UCK2,False
11731976_at,0.08855472635425103,DNAJB3,False
11757238_at,0.08852790848391148,DISC2,False
11763697_s_at,0.0883297731149682,SNHG9,False
11742348_at,0.08831506863341972,OR51I2,False
11753846_at,0.08822893486021849,KRTAP21-3,False
11737280_at,0.08811468802139086,IFIT1B,False
11762207_at,0.08779556683960095,PCOLCE-AS1,False
11731115_at,0.08770101352985098,ACTL9,False
11737224_at,0.08763188810233381,MAS1,False
11731944_at,0.08762946115255266,IGSF5,False
11732741_a_at,0.08737962475281216,PAK3,False
11761210_at,0.08734450965658602,SDS,False
11757228_s_at,0.08733494684923848,ABHD11-AS1,False
11734720_a_at,0.08726765117862334,PLPP2,False
11747972_a_at,0.08706889457909735,ADGRB3,False
11746487_at,0.08694019694420685,LINC00638,False
11727955_at,0.08687889872022629,ABCD1,False
11737227_at,0.08671873165340037,PPP1R27,False
11722057_a_at,0.08671220594052606,SNRNP40,False
11750234_at,0.08661982280526405,DSCR10,False
11746247_x_at,0.08661922902479825,GK3P,False
11733338_x_at,0.08654633667571522,FANCE,False
11720117_a_at,0.08651839236369327,SIPA1,False
11740915_at,0.08647954078075103,RFX8,False
11715112_at,0.08629293147847876,ERICH3,False
11738555_at,0.08622226306834294,TAS2R40,False
11731754_at,0.08619320076385051,CDX2,False
11737920_a_at,0.08617832358396288,ZNF233,False
11723982_a_at,0.08607998643451564,ARHGAP28,False
11737444_a_at,0.08595171016886384,GPR156,False
11761115_a_at,0.08593433328311555,MTCH1,False
11732046_at,0.08590705850705556,KRT85,False
11744776_a_at,0.08589491921041328,NNMT,False
11737447_at,0.08582924674605696,YY2,False
11755978_a_at,0.08581158376974182,GPR139,False
11760467_at,0.08576523132386289,LOC613206,False
11760260_at,0.08557792163770055,ROGDI,False
11735557_x_at,0.0854892077265767,KRT18P55,False
11728758_at,0.08547585157300895,CHIC2,False
11751954_at,0.08545431675679623,MAGI3,False
11756049_a_at,0.08543381735602901,TOMM20L,False
11715126_s_at,0.08541900996714645,HIST1H2BN,False
11723896_a_at,0.08538504682518641,JAG2,False
11738563_at,0.08527096021421392,KAAG1,False
11718057_at,0.08517163953728164,UTP11L,False
11718816_a_at,0.08502778516817627,PLCD1,False
11756545_a_at,0.08500506464870472,GKN2,False
11740223_x_at,0.08491111619219652,LRRC26,False
11742031_a_at,0.0848285031936212,PPIP5K1,False
11744596_a_at,0.08479040998127038,LYPD6B,False
11717942_at,0.084755397526608,EIF2B1,False
11716290_a_at,0.0846847041753607,MRPL22,False
11735347_a_at,0.08465485136247763,MIEF2,False
11744752_a_at,0.08464395497923821,GTF3C2,False
11732885_a_at,0.08456829025517194,CCDC158,False
11738430_a_at,0.0845602837994095,DEC1,False
11729353_a_at,0.0845245060031195,LNPEP,False
11726888_a_at,0.08452333599311224,PORCN,False
11720232_at,0.08443488070987848,UCHL3,False
11737380_a_at,0.0843652695703218,PRR19,False
11727640_a_at,0.08425548466472771,ZNF335,False
11742865_a_at,0.08414391404771096,TJP3,False
11762141_a_at,0.0840192724614825,LOC105372520,False
11732929_a_at,0.08372500305826586,KBTBD12,False
11735601_at,0.08346058901211348,CHRNE,False
11742586_a_at,0.08318194365637373,ARL5C,False
11758141_s_at,0.08318063201883909,CPLX1,False
11763851_a_at,0.08305661745546725,CRHBP,False
11740798_at,0.08303681501743058,SUMO4,False
11737593_at,0.08293112302735653,KLLN,False
11731373_at,0.08290954191279977,SUN5,False
11715174_s_at,0.08265098562841539,KRTAP10-1,False
11754778_a_at,0.0825315469781105,MRPL55,False
11723929_a_at,0.08251304176535225,OGDHL,False
11727284_at,0.08248991268030988,CUX2,False
11758498_at,0.0824586891076319,DNM3,False
11757132_at,0.0824145097497679,SNORA29,False
11761365_at,0.082322600188174,MIR181A1HG,False
11736997_a_at,0.08226826373378628,MOSPD3,False
11715144_s_at,0.08221863360592128,KRTAP19-7,False
11746318_at,0.08217956380751933,PCDHB18P,False
11736696_a_at,0.08203482474843314,HEMGN,False
11727698_a_at,0.08201314896508599,VMO1,False
11723040_a_at,0.08187751108070217,FABP1,False
11738437_at,0.08180100177395783,SRY,False
11716562_at,0.08165700406045029,AIMP2,False
11737764_a_at,0.0816122633527177,TSKU,False
11732686_x_at,0.08158780290690447,PIWIL2,False
11740497_at,0.08149690827269063,SPATA31E1,False
11754720_a_at,0.08137815562379812,C16orf86,False
11728790_x_at,0.08134432091484294,DGCR6L,False
11722061_a_at,0.08110596031324292,PPP1R1A,False
11753140_at,0.08103561619279799,LINC00205,False
11720180_at,0.08087984192639229,DDX28,False
11740025_a_at,0.08077662415576387,C12orf73,False
11756667_x_at,0.08074474920017091,C6orf223,False
11758296_s_at,0.0805174161048839,CDC34,False
11761749_at,0.0805051810724573,IGHV7-81,False
11754523_a_at,0.08040058864454609,DPM1,False
11737790_a_at,0.08039028058233388,PTRH2,False
11738033_a_at,0.0803689492068615,PCDHGB4,False
11739818_at,0.08033335948336975,C9,False
11722399_a_at,0.08025740332008939,DAPK3,False
11738594_at,0.0802270194536298,DUPD1,False
11743690_x_at,0.08021088862067328,PTCHD2,False
11738769_at,0.0800891070822837,OR4F15,False
11742135_at,0.08006975351106145,ACBD4,False
11735122_at,0.080034325693853,TIMM8A,False
11742579_at,0.07992896228252326,OR9I1,False
11742319_a_at,0.07988826102268662,KLK15,False
11728082_s_at,0.07983834233028075,ELFN1,False
11715694_at,0.0797470292326816,COX7B,False
11719007_s_at,0.07958107657506301,BTBD6,False
11720092_a_at,0.0794632564592593,RPUSD1,False
11722826_a_at,0.07946017801459894,NCAPG,False
11750474_a_at,0.07944220897205283,CABP4,False
11742801_a_at,0.07941267174116004,MAP2K3,False
11751125_a_at,0.07940216047917073,ABCC6P1,False
11738116_a_at,0.07934418251513467,GABRQ,False
11762602_x_at,0.07931472566387163,HOXD8,False
11732536_a_at,0.07924191115773793,ACRV1,False
11729888_a_at,0.07910024199350896,BRINP3,False
11715175_x_at,0.07898759156146282,KRTAP10-3,False
11758243_s_at,0.07893956119558508,APOA4,False
11757141_s_at,0.0789375267333248,SNORA25,False
11723917_s_at,0.07892646532123801,EIF2S2,False
11732966_a_at,0.07890074764571046,MIA,False
11729650_a_at,0.07886234276521116,TXN2,False
11745573_s_at,0.07881755895735701,LOC646938,False
11722224_at,0.07880957535797788,NPR1,False
11736928_a_at,0.07880065089152305,BMP2K,False
11735983_at,0.07879823350881288,OR10H3,False
11738947_at,0.07878895537349317,BSPH1,False
11734988_s_at,0.07858500627127515,FEM1B,False
11751100_a_at,0.0785562083101348,ESRRB,False
11743026_at,0.07851256937251357,MARCH11,False
11735461_at,0.07840661066060087,SPRR2B,False
11734389_a_at,0.0781991129837494,GLYATL2,False
11754707_a_at,0.07791541912390945,CUEDC2,False
11735611_a_at,0.07789928579494033,CCDC187,False
11755951_s_at,0.07779685454748622,PRMT5,False
11741358_a_at,0.07778938306138339,PTPN4,False
11719683_a_at,0.07771779389470107,MPC1,False
11738422_at,0.07762206880309368,PRAMEF2,False
11717576_a_at,0.07760762604207912,SFN,False
11737521_at,0.07755724915092636,CHRNA9,False
11742306_at,0.07742797911420692,SULT1C3,False
11734412_at,0.07724707211592151,ZNF280A,False
11755415_a_at,0.07716060753407364,EIF2B4,False
11723920_at,0.07712289412277189,KLHL41,False
11734266_a_at,0.07704517168762585,PHOX2B,False
11729749_at,0.07701037471512742,SAA2-SAA4,False
11763926_x_at,0.07692237197093404,SNORA70C,False
11759176_at,0.07690614346129511,GTSE1,False
11733609_x_at,0.07689951180150655,TRIM73,False
11721203_at,0.0768395984344063,SCARF2,False
11732022_a_at,0.07681929908677732,TTC25,False
11751209_at,0.07681289836427894,LOC100129717,False
11722987_a_at,0.07673030343195474,ZMYND15,False
11728032_at,0.07672814601606759,TMEM174,False
11721768_x_at,0.07670391163798419,ATAD3B,False
11740742_at,0.07652892278335202,ZNF645,False
11742116_x_at,0.0764293740875419,LDHA,False
11720017_at,0.07638755251152887,CGNL1,False
11730631_a_at,0.07634940431742274,WDR72,False
11741795_at,0.07634279087400306,TECTA,False
11731387_at,0.07627858326167908,TTC22,False
11740908_x_at,0.07617874658925036,PMS2P9,False
11725048_a_at,0.07613723105624635,S100A1,False
11760348_at,0.07595969009238489,CRYAB,False
11763070_x_at,0.07594832201741576,LOC102723552,False
11727495_at,0.07592216140194073,TCEB3,False
11730249_at,0.07590753861668204,MRPS28,False
11733115_a_at,0.07583767788119469,CA2,False
11733757_at,0.07579133500335795,MAGEB10,False
11731435_a_at,0.07549014242588552,SLC7A6OS,False
11744165_a_at,0.07543879240807501,PPME1,False
11721610_a_at,0.07539512599750214,KIAA0753,False
11716138_a_at,0.07515337695037047,TMEM30A,False
11760048_at,0.07510361253965084,LINC01558,False
11757146_at,0.07509464117201499,SNORA84,False
11738625_a_at,0.0750212179225978,SLC17A8,False
11763051_s_at,0.07490564049459113,RNF165,False
11730436_x_at,0.07487210297391315,TAF1D,False
11717443_s_at,0.07485195971261883,JAGN1,False
11729151_at,0.07481061483941714,PIGM,False
11730568_at,0.07468810933637994,PYDC1,False
11738093_at,0.07464364111528378,CCDC172,False
11732830_a_at,0.07455428366763077,ETV2,False
11728846_at,0.07451050953314377,HAND1,False
11763896_at,0.07442052068989467,SNHG25,False
11748725_a_at,0.07440532940342648,PHEX,False
11734171_at,0.07436045311175986,PRTN3,False
11733303_at,0.07435464353722726,ZNF790,False
11737639_at,0.07435314503904542,CST9,False
11737455_at,0.07431154140282738,FBXO47,False
11756204_s_at,0.07423889747132782,TUBBP5,False
11764108_at,0.07419175588083786,LOC105372897,False
11729950_a_at,0.07417970754910974,TTLL6,False
11754724_a_at,0.07413590441402823,CCDC88B,False
11718722_at,0.07401063478360158,PSCA,False
11716861_s_at,0.07391752429709049,TMEM184B,False
11742451_at,0.07379542313264706,TAS1R2,False
11721209_a_at,0.07378162573357798,EXO1,False
11745047_a_at,0.0737581631575148,SLC27A4,False
11732093_a_at,0.07363527075632569,PEX16,False
11745142_a_at,0.07363102569282046,CEP89,False
11737798_a_at,0.07356938102304932,PROCR,False
11721026_a_at,0.07352898243719375,OCEL1,False
11743314_a_at,0.07352631214603701,FASN,False
11747043_at,0.07338485031922456,ADAMTSL4-AS1,False
11730037_at,0.07320889954269881,DEGS2,False
11742157_at,0.07313038439363563,OR1J4,False
11737554_at,0.07311575024908291,GJD4,False
11735936_at,0.07308944733419048,IFNK,False
11723077_at,0.07278781978859997,PBDC1,False
11759587_at,0.07266541201982683,HTRA3,False
11757279_a_at,0.07232420750100751,TIMMDC1,False
11746126_s_at,0.07211565500584552,STAG3,False
11753428_x_at,0.07200328271503167,TATDN1,False
11726111_a_at,0.07189665094982645,FBXL19,False
11761686_at,0.07184589250063567,IFIH1,False
11732769_at,0.07175413672677537,RNF152,False
11738500_at,0.07170845417267623,OR8B8,False
11738575_at,0.07161703422498004,TAS2R9,False
11744621_s_at,0.07155135579302213,LOC100130093,False
11717136_x_at,0.07141047578275311,PCSK1N,False
11725537_at,0.07119852903242735,ZNRF3,False
11725884_s_at,0.07101488223576918,CNEP1R1,False
11742032_at,0.07094117660548883,NUTM2G,False
11736080_a_at,0.07090721108395395,CAMLG,False
11741169_at,0.07089576542677098,MC2R,False
11721572_at,0.07080325899288674,C10orf99,False
11758427_s_at,0.07073850826173277,ENTHD1,False
11731927_at,0.0707134190164375,CST8,False
11737129_at,0.07070706338083545,SPACA1,False
11751724_a_at,0.07065155465233845,ZNF542P,False
11731391_at,0.07063610101799445,TGM7,False
11733681_a_at,0.07058242913246184,TMEM132D,False
11722876_at,0.07057998289852972,ARHGEF15,False
11731334_a_at,0.0705778166210138,GPR55,False
11764161_a_at,0.07055509000610505,LOC105374565,False
11740636_at,0.07047634736090631,ZNF774,False
11731474_at,0.07024022790334465,SFRP4,False
11747353_a_at,0.06998471508505218,CUL1,False
11744146_x_at,0.06992277887255235,RBM3,False
11728713_at,0.06978538537213902,LOC100996517,False
11757372_a_at,0.06976138265712822,NUDT1,False
11719850_at,0.06972596167221051,RNF139,False
11722807_a_at,0.0697138152311972,WDR54,False
11731257_a_at,0.06960641897595171,TRIM67,False
11715467_s_at,0.06958374634088807,ARHGDIB,False
11763587_a_at,0.06949639715671996,ZC3H4,False
11732702_a_at,0.0694583837655336,CITED1,False
11756475_a_at,0.06939527766037178,C6orf1,False
11761780_x_at,0.06922580564263582,GS1-124K5.11,False
11734235_a_at,0.06921239091757642,PLA2G12B,False
11731692_a_at,0.06909612163438382,BPIFB2,False
11730892_at,0.06903151112703892,ACTL7A,False
11735920_at,0.06901458304689154,MRGPRE,False
11732256_at,0.06901430743669643,SHB,False
11715979_x_at,0.06895352728908721,BRK1,False
11742149_x_at,0.06882398100420406,KRTAP10-10,False
11717490_a_at,0.0688099880066723,TDRD3,False
11740490_at,0.06878516258090113,KRT75,False
11716880_s_at,0.06878091234721703,MAD2L1BP,False
11736998_at,0.0686827136824098,NIPAL1,False
11729120_x_at,0.06855465460997405,HSPA1B,False
11733753_at,0.06850024182743747,PGLYRP3,False
11735595_a_at,0.0684396786667144,SH2D4B,False
11755530_x_at,0.0684155488719287,ZNF34,False
11727071_at,0.06827155052506746,ENPP6,False
11754574_a_at,0.06824597316948514,C6orf52,False
11761792_a_at,0.06810902653549367,NR2F1-AS1,False
11720827_a_at,0.06808346360251853,CENPW,False
11720430_a_at,0.06804960314125282,ORMDL1,False
11756114_a_at,0.06797972761488232,RBM10,False
11715815_a_at,0.06790974917361678,PSMC3,False
11729760_a_at,0.06785957252075636,PLA2G2D,False
11743630_s_at,0.06747034544894201,RPL26L1,False
11715264_s_at,0.06746321920127216,UTS2R,False
11735068_a_at,0.06742957840200801,CES3,False
11735621_x_at,0.06731837242159926,SPO11,False
11755955_a_at,0.06731187104683689,FAP,False
11756412_a_at,0.06725803822045692,NT5DC2,False
11723753_a_at,0.06722692260147824,ZFAND2A,False
11724584_at,0.06709663389983364,ZKSCAN4,False
11735857_at,0.06692084700214718,IFNE,False
11747493_a_at,0.0669191004672778,TMEM128,False
11735919_at,0.0668173695657219,RNASE10,False
11738222_x_at,0.06667299322928741,RAET1L,False
11736692_a_at,0.06663406605289436,TNFRSF18,False
11737778_at,0.06663084408518122,TNFSF8,False
11726940_a_at,0.0666251871644018,SLC7A9,False
11736785_at,0.06637846293380649,HOXA2,False
11761665_at,0.06620264562666581,LINC00311,False
11727756_at,0.06612455794670061,OSM,False
11741387_a_at,0.06607672079545121,ZNF530,False
11761876_at,0.06602560995391914,SKCG-1,False
11726673_s_at,0.06589365650244376,ASCL1,False
11727335_a_at,0.06584414476920876,ACMSD,False
11740283_at,0.06566636834036942,TMED8,False
11755656_a_at,0.0656461859360528,ZDHHC5,False
11715241_s_at,0.06559031992482307,LCE1D,False
11757935_x_at,0.06556528993211398,KIAA1551,False
11728663_at,0.06541644056224036,HSD3B2,False
11743214_at,0.06539152261997085,OVCH2,False
11728504_a_at,0.0653629867310823,BDKRB1,False
11716669_x_at,0.06522057129032371,RAB1A,False
11761892_at,0.06520358291215589,LINC00334,False
11749555_a_at,0.06512495839872838,MAP2K1,False
11742643_x_at,0.0650835293231527,MBD3L5,False
11748607_a_at,0.06496243153685562,ARHGEF11,False
11719855_a_at,0.06485781228835809,FAAH,False
11756684_a_at,0.06485544009198731,DYNLRB2,False
11723713_at,0.06478299581006879,E2F1,False
11738451_at,0.06471858865960475,ZCCHC16,False
11730908_at,0.06447788151607901,HRC,False
11737805_a_at,0.06444559685857101,TMPRSS11D,False
11737110_at,0.06441014804277674,ILDR2,False
11733986_x_at,0.0644044751292578,TUBA3E,False
11738924_at,0.0643478257322671,KRTAP4-5,False
11722312_a_at,0.06428451653737012,CLDN18,False
11749596_at,0.06427223548652801,LOC100287808,False
11740566_at,0.06424569842259178,ATXN3L,False
11735482_at,0.0642283483303569,ZNF699,False
11756909_a_at,0.06415983295731605,PIWIL4,False
11731285_at,0.06415435267548746,PRSS58,False
11728977_a_at,0.06405521709638186,SRRM3,False
11730711_at,0.06394495576298567,TEX13A,False
11738598_at,0.06390899971396434,RNASE12,False
11716844_s_at,0.0638034359939766,DNAJC13,False
11721068_a_at,0.06378627577750061,FHOD3,False
11715453_a_at,0.06367415192680685,COL4A2,False
11739400_s_at,0.06364745598371557,FBXO7,False
11725925_at,0.06359220754552564,MYBPH,False
11735684_at,0.06357165808619497,PPP1R3G,False
11719100_at,0.06351148830578972,FAM234A,False
11751765_a_at,0.06339825196539711,RAVER2,False
11729646_at,0.06326376195089765,TM4SF4,False
11756763_a_at,0.06320432985496667,HINT2,False
11737706_a_at,0.06317509682247432,FAM181A,False
11754330_a_at,0.06310029640709734,IRF2,False
11763893_s_at,0.06302269415129552,SNORA59A,False
11750418_at,0.0630115488257116,PLEKHD1,False
11728022_a_at,0.0629241545604284,TMEM45A,False
11755049_a_at,0.06262599169667105,PIK3C3,False
11732023_at,0.06260987127381225,KCNK15,False
11726355_at,0.06253097812693155,ENPP1,False
11726688_at,0.062499078056603354,CAMP,False
11720832_x_at,0.06246269237668463,SOX18,False
11742360_at,0.062452556100884564,OR5A2,False
11739794_at,0.062379762256474305,LRFN2,False
11753714_a_at,0.06232504777518722,HBE1,False
11738521_x_at,0.06232478960547719,SLC14A2,False
11735469_at,0.06223556701917105,OPN1SW,False
11754986_a_at,0.06211893285221387,WDR25,False
11728126_x_at,0.06206506380860912,PHGR1,False
11762106_at,0.06192886478368881,LOC100289580,False
11737287_at,0.06191833742785803,GALR1,False
11751259_a_at,0.06181999048448338,CACNA2D1,False
11715292_at,0.061765934331703666,ST8SIA1,False
11731359_a_at,0.06160077752137469,FAM19A4,False
11737131_at,0.061587196667941525,FITM2,False
11720649_a_at,0.06156723430178102,FBXW9,False
11737382_x_at,0.06141447238142051,GALR3,False
11732048_at,0.06138510436740309,RXFP3,False
11733657_a_at,0.061309052948689644,HMX1,False
11720311_a_at,0.06130597966192451,XRCC5,False
11746903_s_at,0.061284543262378935,DNM1P46,False
11753265_x_at,0.061284220277990076,DPY19L2P2,False
11736827_at,0.06119256165912671,RASSF9,False
11744168_at,0.06113242206469053,DPT,False
11751786_a_at,0.06106826481795329,CRNN,False
11719829_a_at,0.06106020774668385,SLC26A11,False
11742413_a_at,0.061007022019026164,HECTD4,False
11738560_at,0.06098660332836048,OR10W1,False
11760637_x_at,0.06091226484689249,ID2B,False
11735627_x_at,0.06090188469731045,ZNF841,False
11750252_a_at,0.06089394098370127,LOC102724488,False
11755025_a_at,0.0606788164370801,FAM193B,False
11753093_a_at,0.06066260037205042,TPTE2P1,False
11747226_a_at,0.060572180826368546,ADCY10,False
11760329_at,0.060545433257558755,RCBTB1,False
11741880_at,0.06053890599074957,SERPINE3,False
11744166_at,0.060522179212641324,FH,False
11738848_at,0.06048969080741037,GFRAL,False
11725340_a_at,0.06047851136462159,RNASEH1,False
11729024_at,0.06047088206711702,KCNA5,False
11752875_a_at,0.06046657792994381,SATB2-AS1,False
11720114_a_at,0.06043141949172406,UBE2D4,False
11721745_at,0.060420797517012556,APC2,False
11742641_a_at,0.060392817404154045,RAB19,False
11742491_at,0.06030065923392774,KBTBD13,False
11763925_x_at,0.06030029019522136,SNORD9,False
11741560_s_at,0.06025827591443825,HOXA6,False
11755504_at,0.060255350665197834,RBM34,False
11756091_a_at,0.060252786418339414,C11orf94,False
11720729_at,0.06016405253061672,CSDC2,False
11727193_s_at,0.060153234831646994,MMP23A,False
11721352_at,0.05999688142233125,SLC1A1,False
11751392_at,0.05997179733689221,ANXA2P1,False
11751848_a_at,0.05996481202584157,HCG9,False
11738586_at,0.05957339892046998,HGC6.3,False
11742470_a_at,0.05956344079314864,SLC35F4,False
11742594_at,0.05951002431833313,OR8K3,False
11733436_at,0.059482965735716854,SLC7A10,False
11754490_a_at,0.059378626901415946,IMPG1,False
11722643_a_at,0.0592668895643887,BRPF1,False
11756956_a_at,0.059266448312746044,SPEF1,False
11719202_a_at,0.0590228436950488,MORN2,False
11762567_at,0.059011163334774575,ALDOAP2,False
11751166_a_at,0.05899401929630226,TRIM5,False
11742878_a_at,0.05880719450102019,SLC52A2,False
11718598_x_at,0.05880642632469121,DDRGK1,False
11727803_at,0.05877905834237753,GJA9-MYCBP,False
11738015_a_at,0.05874425719591387,SLC10A3,False
11740538_at,0.05866210467286397,SCGB1C1,False
11738957_a_at,0.058606381935003116,PSPN,False
11753207_a_at,0.05856112154019625,MOB1B,False
11741352_a_at,0.05854919440092387,ZNF334,False
11727399_at,0.05848848039046569,C16orf82,False
11749533_a_at,0.058337742175699585,GPR37L1,False
11722476_x_at,0.05826057079245338,CMC1,False
11719967_at,0.0581879631263918,HTT,False
11761906_a_at,0.058186629006810694,MGAT4C,False
11746535_x_at,0.058078096872174564,LOC100132167,False
11757468_a_at,0.0580492029538252,NPPA,False
11748538_x_at,0.05804916944563401,GUSBP2,False
11717853_at,0.058007456044537276,CCL21,False
11732815_at,0.05794549451535264,CPN2,False
11751055_a_at,0.05792237054190003,NAGS,False
11731496_at,0.05778937626964995,INHBA,False
11734173_at,0.05777128942509734,CALR3,False
11723463_a_at,0.05771688736467509,C14orf80,False
11718383_a_at,0.05770074853924966,AIFM1,False
11741530_at,0.057663974639869775,EFCAB8,False
11717772_a_at,0.05761285600830377,OTUB1,False
11740056_a_at,0.057398559391038634,HARBI1,False
11744977_at,0.05739228437558083,MGC45922,False
11745660_x_at,0.05736132004609621,POM121C,False
11717885_a_at,0.05732213772880022,CCDC3,False
11734229_at,0.05729368699776675,FRRS1,False
11732437_at,0.05714555601749749,RHOV,False
11738567_at,0.05714457934164639,OR5C1,False
11734308_at,0.0571418538249409,IL10,False
11735346_s_at,0.05700609496923797,C1QTNF5,False
11719911_at,0.056937953266532865,TNFSF12,False
11718800_at,0.05690047253527256,PTPRU,False
11731021_a_at,0.05687526250844888,MUCL1,False
11758405_s_at,0.05685263420591072,SMO,False
11759791_at,0.056852218096891984,FILIP1,False
11737549_at,0.05680446853028052,GAS2L2,False
11738967_at,0.05677455047341674,DEFB112,False
11722579_a_at,0.056557538467169974,CHMP4A,False
11753942_a_at,0.05652525826340132,UCA1,False
11716091_x_at,0.05641844780980892,PRG2,False
11734182_a_at,0.05628687669565287,CCDC9,False
11763989_at,0.056254378073432906,LOC101927057,False
11730261_a_at,0.056086690187449835,PRKAR2B,False
11759027_at,0.05593417468419451,AHSA2,False
11738325_at,0.05588844914497695,OR14I1,False
11725882_a_at,0.05583758525425013,RNFT2,False
11739166_a_at,0.055830640468616737,LYPD1,False
11757260_at,0.055797997428140615,SCARNA10,False
11723262_at,0.055789828922454425,AMN1,False
11723220_at,0.05575627949027307,IAPP,False
11753455_s_at,0.05575408525928863,RETNLB,False
11721760_a_at,0.0557392044939049,TSEN54,False
11725458_a_at,0.05571234495878401,KLHDC8A,False
11716042_x_at,0.055696589806555744,PPP2CB,False
11742006_at,0.055681632350956266,KRTAP12-2,False
11748105_a_at,0.05564256839710067,ASB3,False
11738574_at,0.05553198401155756,TECTB,False
11726317_at,0.05550775605567149,SELE,False
11756113_a_at,0.05541788871241998,TEX13B,False
11739764_a_at,0.05535945211385529,KIAA0895L,False
11727321_at,0.05529163447922649,EMILIN3,False
11726956_at,0.05517776145345173,FOXS1,False
11745089_a_at,0.05514590189673336,NR2C2,False
11718499_at,0.055113967368802,MRPL54,False
11721461_a_at,0.05509532876484133,COPS5,False
11727931_x_at,0.05497876995399541,PSG11,False
11742405_at,0.054973133509552054,EFNA2,False
11752925_s_at,0.05494941324888121,NPY5R,False
11756031_s_at,0.05479480560515529,KRTAP2-2,False
11732912_at,0.05476277601359574,ODF4,False
11734838_a_at,0.054714263265055435,ACSF3,False
11735272_a_at,0.054710031982049975,SHROOM1,False
11715393_a_at,0.05457124551061018,C3,False
11733698_s_at,0.0545473053468437,SGK1,False
11735607_a_at,0.05438874305297305,C12orf56,False
11741926_x_at,0.054302921305425175,FUT5,False
11737379_at,0.054264446544952244,MTNR1B,False
11735220_at,0.05417877865461607,LPAR3,False
11738465_at,0.054153564448718175,TPH2,False
11735027_x_at,0.054080951291839416,LOC105369261,False
11736870_at,0.05407952304239637,C10orf12,False
11738211_at,0.05407661041308352,DCDC1,False
11735423_a_at,0.054075789432725986,PPP1R36,False
11722978_a_at,0.054058933050096944,TAZ,False
11730006_at,0.054045691928207816,C19orf18,False
11740926_at,0.054001290247090265,SATL1,False
11726125_at,0.053834340766025196,HOXA5,False
11734643_a_at,0.053813718730504216,PLA2G4F,False
11734103_a_at,0.053787029600401555,FGGY,False
11757174_x_at,0.05369214117502202,SNORA5B,False
11728046_at,0.05365360406215595,C1QTNF4,False
11733234_at,0.053393180134176675,PTGER1,False
11723435_s_at,0.053384311946344985,TTK,False
11732907_a_at,0.0532213625878461,C8orf74,False
11733960_a_at,0.05320422040433938,USH1G,False
11751291_a_at,0.05316435763269519,SFXN4,False
11735908_a_at,0.05311297000870975,KRTAP4-12,False
11759925_at,0.05309953395637387,PRDM5,False
11744086_a_at,0.053086900792231204,PRR15L,False
11731434_s_at,0.053066906488106816,MRPL34,False
11742527_at,0.053048773515268786,OR6S1,False
11731844_a_at,0.05303773784152966,DNASE1,False
11732904_a_at,0.0526363597097557,CLEC1B,False
11743994_at,0.05262891746134068,KCTD5,False
11742010_at,0.052545136524989725,S100G,False
11736392_at,0.05249814603771439,IRGC,False
11762882_at,0.052461815136351723,C1S,False
11731706_at,0.052321925424048794,CCL22,False
11738160_at,0.052156373786853456,NANOS2,False
11738759_at,0.052070593350550504,OR8I2,False
11745229_x_at,0.05203239266651361,TRMT2B,False
11742468_at,0.052017066442066676,RASSF10,False
11737556_at,0.05200666979844084,TLX3,False
11750884_a_at,0.051999662605572684,AKAP8L,False
11716204_a_at,0.051969767625998385,ASNA1,False
11737021_at,0.051951057197380246,GRIN2B,False
11722835_a_at,0.051905840307678,KPTN,False
11734212_at,0.05186704477730742,CT45A10,False
11736525_a_at,0.05184645113449869,ADAM29,False
11738218_at,0.051820501673093,GPR151,False
11762833_x_at,0.05176951290036904,LOC642846,False
11722944_at,0.05167275734951674,PALB2,False
11723617_at,0.05157808209939605,C3orf79,False
11755300_x_at,0.05152112037629037,SAPCD2,False
11717543_x_at,0.051474869569561495,MAPK3,False
11741944_a_at,0.051463657159825586,AADACL3,False
11754582_a_at,0.051388558631680126,RMND5B,False
11723426_a_at,0.051359690779342757,ETFB,False
11717396_a_at,0.05132188307316218,CHTF8,False
11742932_at,0.05127810630414386,SAMD1,False
11734588_a_at,0.05111643365475534,SLC18A2,False
11736695_a_at,0.05100295672208925,SLC18A1,False
11758258_s_at,0.050879727851453754,MYPOP,False
11717302_at,0.05083688460093345,TACSTD2,False
11755529_s_at,0.05079406662591784,ZNF322,False
11756554_x_at,0.05053995781108674,PSMC5,False
11754525_s_at,0.0505137943321401,RNF146,False
11755349_a_at,0.05039877655954452,GDPD3,False
11715891_at,0.05039103570603004,PNLIP,False
11723527_a_at,0.050302166361124286,TCTEX1D2,False
11726035_at,0.050159608988677606,PGAM2,False
11716485_at,0.050149125418294284,STK38,False
11741413_a_at,0.050033073750042165,FAM101A,False
11733035_at,0.04996581123646489,C7orf73,False
11731993_at,0.04992007245604948,CLECL1,False
11725088_at,0.04990736095615637,MYH1,False
11755861_a_at,0.049684710957752294,LPIN3,False
11755440_s_at,0.04967636224129992,SPDYE1,False
11721174_a_at,0.0495042539826085,PYM1,False
11738656_a_at,0.04944553055895505,PACRG,False
11737897_a_at,0.04942028518924715,ABCB7,False
11737541_at,0.049413029037275555,ZACN,False
11757096_s_at,0.04936540204696188,ZNF492,False
11738284_at,0.04928042509059989,KRTAP13-2,False
11738572_at,0.04927001102061862,CLDN17,False
11733658_a_at,0.049234958730936314,GDPD4,False
11734623_at,0.049169232319898115,CRYGN,False
11726493_at,0.04911891317058551,ZNF775,False
11738321_at,0.04897838177262331,OR7D2,False
11742141_at,0.04889764441822569,OR1C1,False
11757164_s_at,0.048868190298303124,SNORA32,False
11742807_a_at,0.04870099057853838,WIF1,False
11738604_at,0.0485715038213617,DEFB107A,False
11758699_x_at,0.048502649891521483,FAM25BP,False
11731301_a_at,0.04846497613060579,HIC1,False
11742263_a_at,0.04842638196187638,SPAG8,False
11736655_a_at,0.04841519328864875,PTGR1,False
11752796_x_at,0.04841492510609992,C3orf33,False
11748155_a_at,0.04835763439945963,ZNF670-ZNF695,False
11720202_at,0.048306095987156746,GMPR,False
11732153_a_at,0.048266065760885754,ZDHHC6,False
11720137_a_at,0.048261578051564225,ANAPC4,False
11715214_at,0.04816774052725034,MARK4,False
11738905_at,0.048069703727924004,MOGAT1,False
11718605_a_at,0.047955534294803454,SCRG1,False
11738734_at,0.047842579398383545,OR51A7,False
11731363_a_at,0.04782974825993779,KLC3,False
11726535_a_at,0.04782884790958519,MORN5,False
11715546_s_at,0.04782142279184145,CBX1,False
11755198_s_at,0.04773704781825836,SNAI3,False
11736353_at,0.047650700656658856,GABRA5,False
11748387_at,0.047626472988595396,PP13,False
11758460_s_at,0.047584220549098076,FAAH2,False
11742347_a_at,0.04752543463179755,FGF8,False
11743023_at,0.04744531024696083,RTN4RL2,False
11744100_a_at,0.047423936499634806,GMPPB,False
11756411_a_at,0.047328219748343225,STAB1,False
11739890_at,0.047305006009626616,PRSS12,False
11728415_s_at,0.047256174659648764,POMZP3,False
11731701_a_at,0.04723139149301533,NTSR2,False
11743315_a_at,0.04696092711237385,TXNL1,False
11731236_at,0.0468915098043008,SCGB2B2,False
11742171_at,0.046865663301072856,ASCL3,False
11719193_a_at,0.04685626898940834,CBY1,False
11742397_at,0.04683523309422447,ANP32C,False
11746920_a_at,0.04669579776003149,C5orf34,False
11730036_at,0.04664231301720549,SP5,False
11738510_s_at,0.04658326254818994,NPPC,False
11722207_a_at,0.04657980662498977,MMADHC,False
11734323_a_at,0.046575826723805516,PAQR7,False
11737584_a_at,0.04655822424757532,ALX4,False
11716322_s_at,0.04654365516519079,PRKCDBP,False
11759798_at,0.046541827565425235,LOC541472,False
11735800_at,0.046335047304119525,P2RX3,False
11755044_x_at,0.04631385745342865,GSAP,False
11747516_a_at,0.04611171639832948,EXOSC10,False
11731796_at,0.0460325204435725,FAM47B,False
11754381_a_at,0.04595277964510652,TMOD1,False
11754952_x_at,0.04590957988457206,PLCD3,False
11742365_at,0.04589831645904221,OR51I1,False
11730694_at,0.04581116172957232,GJB7,False
11718208_a_at,0.04580231306948552,TMEM9B,False
11730438_at,0.045792732525661656,FBP2,False
11735913_s_at,0.04576206447541287,TNXA,False
11734155_s_at,0.04569631691562073,CSRNP3,False
11722679_a_at,0.045624993375258174,PARP8,False
11723524_at,0.045508806019437596,AGR3,False
11731746_at,0.045468542461211195,IPMK,False
11754014_at,0.045383679296472246,LOC100129395,False
11729056_at,0.04529537321072155,IQCF2,False
11742147_at,0.04523782670129203,OR52B4,False
11722330_at,0.045191086127006716,MEX3A,False
11751565_a_at,0.04517382005620175,RASSF3,False
11718009_a_at,0.04516172959181705,STX18,False
11741452_a_at,0.04505961748096181,NDUFAF3,False
11745647_x_at,0.045055452017790605,ASB16,False
11762868_a_at,0.0449889709170028,LOC100289283,False
11739333_at,0.04495353009244946,SSTR2,False
11740197_s_at,0.044950709256766544,ISPD,False
11741538_at,0.04491818838655829,KLHL30,False
11716549_s_at,0.04490846016452147,ISLR,False
11743886_at,0.04483830818195505,ATXN1L,False
11733635_at,0.04480374883765524,FAM92B,False
11721467_s_at,0.044788899786551324,CD276,False
11736770_a_at,0.04476428897701119,ADAM23,False
11745834_a_at,0.04475686309089775,ECT2,False
11726708_a_at,0.044744080366513395,FAM195B,False
11728594_a_at,0.04469874835111932,TDRD10,False
11754872_a_at,0.044659937263559046,E4F1,False
11742902_s_at,0.04464785334591611,AP3S1,False
11732184_a_at,0.044634665778245534,PAPOLG,False
11753554_a_at,0.04457946916872236,SPINK13,False
11717961_at,0.04455613177114202,MED11,False
11761354_at,0.044534860786916076,LOC100289409,False
11724459_x_at,0.04452084197335087,MCAM,False
11736590_a_at,0.0444114030646868,RAMP3,False
11759227_at,0.044357132096156715,CLEC4C,False
11730496_x_at,0.044335310739127984,NUDT19,False
11741407_at,0.04432327159064127,SFMBT2,False
11742288_at,0.04432280072712836,PTX4,False
11741324_s_at,0.044288230892013905,TRIM51,False
11738298_at,0.044221484329125815,SLC10A5,False
11715109_at,0.044203574402101764,SAMD7,False
11725346_x_at,0.04417619730754687,GPX1,False
11762461_x_at,0.044149118713757624,SEPT5-GP1BB,False
11732716_a_at,0.044094285229298036,C1QTNF9B-AS1,False
11718888_a_at,0.04406720930710648,TMEM59L,False
11744217_a_at,0.04391954860632233,TSPAN17,False
11715233_s_at,0.043827479278823085,SPATC1L,False
11732553_a_at,0.043810345756475015,ENKUR,False
11745338_a_at,0.04379827656401301,RAB3IL1,False
11731228_a_at,0.04377399206105771,DLK2,False
11718542_a_at,0.04376459447107119,PARP6,False
11729684_at,0.04367344570465582,THAP10,False
11730593_at,0.04366090501919117,SLC16A12,False
11729945_at,0.04329765451325148,STX1B,False
11738514_at,0.043252428533634285,OR2W5,False
11721685_at,0.043072220564892474,CCL19,False
11758652_s_at,0.0430525252558451,KANK1,False
11751503_a_at,0.0430303819653776,FGF17,False
11738729_at,0.04297808273940663,OR5M3,False
11750596_s_at,0.04297497625699735,BPESC1,False
11757271_s_at,0.04290212446028877,LOC105370447,False
11715235_x_at,0.04290149503753172,UQCRHL,False
11737263_at,0.04287021793532015,HRK,False
11728148_at,0.0428153163600776,PRSS50,False
11719964_a_at,0.04273419794595914,UBE2E2,False
11740533_at,0.04269693969179836,KRTAP5-9,False
11757007_a_at,0.042644671184053726,NUTM1,False
11715246_x_at,0.04254820222095482,ADGRB1,False
11743204_at,0.04254212992723219,NANOS3,False
11733590_a_at,0.04251620335525425,SV2C,False
11753559_at,0.04250982024417512,SAA3P,False
11745600_a_at,0.0424569155445536,TSKS,False
11755960_a_at,0.042455993653413605,LRRC39,False
11736085_a_at,0.042421093017976245,CTNNBL1,False
11734524_at,0.04236084084149089,C6orf15,False
11747261_at,0.04232110642354112,LOC389199,False
11763971_at,0.042321101209243865,LINC01082,False
11737299_at,0.04230055060491022,RAB42,False
11738700_at,0.04218782760261708,OR51S1,False
11736909_at,0.04218191793640091,C1orf210,False
11742458_a_at,0.04215592197471873,C2orf81,False
11762825_x_at,0.042126049999045116,PLA2G4C,False
11717784_a_at,0.042122485403935005,THYN1,False
11758458_x_at,0.04212175742123734,GPX4,False
11752299_a_at,0.042075566955715016,HERC1,False
11728031_at,0.04191955945112151,KERA,False
11761473_a_at,0.04187046488745124,SPATA41,False
11726229_a_at,0.041770238512590416,HTR3A,False
11758595_at,0.041718975849932345,NBEA,False
11729659_s_at,0.04167680363033474,TMEM69,False
11749484_a_at,0.041666354286813485,AXDND1,False
11725452_at,0.041613273640592204,MCUR1,False
11737029_at,0.04151012266751742,LCT,False
11741724_at,0.04148180172813581,FLJ45079,False
11739397_a_at,0.041476331391595865,MUC20,False
11757412_a_at,0.04144990186266332,MDP1,False
11729410_a_at,0.041417994810395604,ZNF415,False
11742777_at,0.04135504461963342,TBCC,False
11760550_at,0.041327376435469375,FBXW4P1,False
11761902_at,0.041258479632208946,FAM186A,False
11722112_at,0.04120467859080232,ADRA2A,False
11722221_at,0.04120455781720802,BFSP2,False
11726884_a_at,0.04119493432987816,LDHD,False
11751382_a_at,0.04119347613587388,P2RY12,False
11742412_a_at,0.04118858775445231,SSPO,False
11737468_a_at,0.04118265643948678,PDC,False
11753919_a_at,0.04117121745184011,IDE,False
11760965_at,0.04112895397639698,TTC3P1,False
11751840_s_at,0.04112628253117376,GOLGA2P11,False
11733947_at,0.04095914324498614,EIF5AL1,False
11718608_at,0.04093731301805246,UBA7,False
11762670_at,0.040795843242777706,DBIL5P2,False
11741599_at,0.040685425597219445,LCE2A,False
11719139_at,0.040594480658062856,TNP1,False
11731956_at,0.040452726631197304,CFAP100,False
11731776_at,0.040442532073327375,CCL11,False
11742616_at,0.04034837003772827,OR5W2,False
11734272_a_at,0.04033571509622355,RPS6KA6,False
11754001_a_at,0.040312134374133266,SUN3,False
11744089_at,0.04031004906682476,SH2B2,False
11757220_at,0.040272118784765776,RPS2P32,False
11740718_a_at,0.04021731687581863,ENOX1,False
11743825_a_at,0.04020474974929295,PODXL2,False
11763298_at,0.04014651640113759,ERVK3-1,False
11742343_at,0.04008292513241228,OR4K5,False
11756644_x_at,0.04006932221392336,ARRDC1,False
11764249_a_at,0.0400263418635161,LOC105369165,False
11737196_a_at,0.039899238310549444,GALNTL5,False
11732669_x_at,0.039886832015857715,CORT,False
11732807_at,0.03975954693443141,MAGEB3,False
200006_PM_at,0.03975938437416732,PARK7,False
11720413_at,0.03960487487123324,ARRDC1-AS1,False
11727288_at,0.039592973625840036,PROK1,False
11757738_s_at,0.039534107495585016,FAT1,False
11733346_at,0.039487996315460155,UAP1L1,False
11763879_a_at,0.0394352700596639,LOC105369434,False
11715919_a_at,0.039421725472781825,SH3BGRL3,False
11751405_a_at,0.0393362236977211,MCHR2,False
11732851_at,0.03931397505366036,CCDC60,False
11726851_x_at,0.03923952946778337,ZC3H3,False
11724125_at,0.03921714078087095,HSPB9,False
11753137_a_at,0.03920738122768602,LDLRAD2,False
11742180_at,0.03918350029282274,LCE3A,False
11745626_x_at,0.039173313583525916,PCDHGA2,False
11734637_at,0.03916974021500851,TAS2R60,False
11729031_a_at,0.039140041939539134,C1orf194,False
11721158_a_at,0.03912028181100336,DRAM2,False
11742284_at,0.039024754354447744,LINC01205,False
11763194_at,0.03886269258230507,LOC100506082,False
11748015_x_at,0.03884675656312237,VDAC3,False
11763759_x_at,0.03883055763844353,SPRR1A,False
11720129_a_at,0.03878400359951591,COMTD1,False
11752536_a_at,0.03876587193696262,DNAH6,False
11731653_a_at,0.03876549461043305,IVL,False
11718315_at,0.03869648168358621,SLC16A2,False
11754837_a_at,0.038695636044816004,LRRC69,False
11716413_x_at,0.038694977017268276,MT1E,False
11720923_a_at,0.03848376362397005,HCP5,False
11739096_s_at,0.03844037266740012,CPSF7,False
11738342_x_at,0.03842082399218214,MAGEA10-MAGEA5,False
11727166_a_at,0.038363142590793535,FBXO15,False
11730035_at,0.03829530007038121,FMO4,False
11758246_s_at,0.03818066833152222,ARL4D,False
11754698_a_at,0.03814100465052147,PLAC8L1,False
11738270_a_at,0.03813872856202148,SERP2,False
11749107_a_at,0.038121805854814964,SLC4A11,False
11754044_at,0.03809690409257749,CLSPN,False
11715193_s_at,0.0379857239864378,UNCX,False
11740725_at,0.037857091291846896,POU3F4,False
11738974_at,0.03780005230925132,DEFB113,False
11759917_x_at,0.03777943793545415,ZNF808,False
11746330_a_at,0.037773726616558534,GSS,False
11735430_at,0.037733044191471526,BEST2,False
11744130_a_at,0.037720298513715264,VGLL1,False
11718843_s_at,0.03769787762061467,DNAJC25-GNG10,False
11744444_a_at,0.03769428389880938,NDUFB10,False
11735935_s_at,0.03750200920309975,USP17L10,False
11752896_at,0.037477549179179746,MIF4GD,False
11742606_at,0.03747691477437612,OR1N1,False
11728916_at,0.03746634020089883,SLC7A4,False
11737945_x_at,0.0374076564588578,LCE1B,False
11745559_a_at,0.0373025593738419,C2orf73,False
11735901_s_at,0.03718126684360782,PRAMEF11,False
11743673_at,0.037145130830720956,KDM6B,False
11755954_a_at,0.03705797298325936,ZBTB49,False
11744562_x_at,0.03695552923836021,EVA1B,False
11764022_at,0.036942379033671466,LOC105377245,False
11729310_a_at,0.03669474815635684,SKA3,False
11744806_at,0.036672163419461605,PPY2P,False
11735020_a_at,0.03664630499115999,IL4,False
11737653_a_at,0.03655330943084657,FAM26D,False
11720182_at,0.03649752194078306,SMG8,False
11735985_at,0.036470990748398505,TAS2R41,False
11741335_at,0.036397990929795676,ERN1,False
11736313_at,0.0363817883610556,C3orf30,False
11720214_at,0.03622894766347835,C17orf75,False
11740699_a_at,0.036122357472196574,ENTPD8,False
11738843_a_at,0.036105040102497855,POTEA,False
11723500_a_at,0.03599737426320613,ZBTB45,False
11728532_at,0.035967819737289304,FCER1A,False
11763892_at,0.035939509433963915,SNORD17,False
11717750_a_at,0.03592136771074566,CD320,False
11732701_a_at,0.03583668468080779,CSGALNACT2,False
11743720_s_at,0.035729987067222226,KSR2,False
11725809_at,0.03563965040415169,ARC,False
11735867_a_at,0.035542259982459454,C5orf46,False
11763072_at,0.03552893134494181,OCR1,False
11739047_a_at,0.035525270374668225,MMRN2,False
11724398_a_at,0.035425012118704226,RHCG,False
11730200_a_at,0.035423921689281435,ALAD,False
11746075_a_at,0.03536475723308725,ZNF511,False
11725455_at,0.035362614259309935,CD247,False
11726443_a_at,0.03535881450787069,KCTD6,False
11738693_at,0.035297889948249506,OR13C3,False
11752180_x_at,0.03529771016342723,VHL,False
11719619_at,0.035198140394778435,TMEM187,False
11730140_at,0.035139506383651584,LGALS13,False
11718785_a_at,0.03508920323323753,R3HCC1,False
11727229_a_at,0.03500101135367797,OAZ3,False
11727675_at,0.03498804834386206,MOCOS,False
11738387_s_at,0.034910634130650715,IFNL2,False
11732757_a_at,0.03476148786056983,ESPNL,False
11742595_at,0.034736040845432546,OR51F1,False
11720475_x_at,0.03467491485401421,SFPQ,False
11751829_a_at,0.034662768531864493,PINLYP,False
11718632_x_at,0.03462926190751072,PCBP4,False
11738685_at,0.03454918382799969,OR10S1,False
11719482_a_at,0.0341980909767318,MRPL21,False
11740351_a_at,0.03415644421000845,SEZ6L,False
11731310_a_at,0.03414595293104531,C12orf42,False
11754448_a_at,0.034143850866789505,TDRD5,False
11748215_x_at,0.03401894529703889,C8orf44,False
11764081_at,0.03398742504647682,FAM26E,False
11716235_a_at,0.033929186904785184,RAE1,False
11729712_at,0.03386672418718652,SPRR2A,False
11741173_at,0.03385092478614958,PADI6,False
11732828_at,0.03383416937865799,BSND,False
11749561_at,0.033655035793164145,LOC388882,False
11747216_at,0.03361445853679877,LOC100130071,False
11746372_a_at,0.033587697542925087,NUDT6,False
11743225_at,0.033581792612538616,C9orf172,False
11727101_at,0.03357734590156731,IGF2BP1,False
11716461_at,0.033550033726437896,NELFB,False
11738610_at,0.033518278211672324,OR10C1,False
11726092_at,0.033478016302861825,PLBD2,False
11740392_at,0.033469036446033336,CACNG2,False
11717045_a_at,0.03335169569892759,C2,False
11732920_a_at,0.03335029425695546,FOXN4,False
11742237_a_at,0.03324234025465044,KNCN,False
11731607_a_at,0.03319643890379503,SCIN,False
11740557_at,0.033056321915083765,TLX1,False
11742551_at,0.03301760427689538,OR2W1,False
11744599_x_at,0.032953852523709595,NUP62,False
11760126_at,0.03277453771831809,THOC3,False
11744465_x_at,0.032767325814110626,PPP1R15A,False
11717838_a_at,0.03276392654011866,SRSF4,False
11746728_at,0.032670773099819896,LINC00941,False
11728505_at,0.03264909295254279,ZNF524,False
11725179_at,0.03263072898997906,COL26A1,False
11755976_a_at,0.032623353561202065,CASP12,False
11734255_at,0.03261569902313184,ADAM20,False
11730728_a_at,0.03259427194440576,UBA3,False
11760782_at,0.03252090390371429,MGAT4EP,False
11727185_at,0.03244932722627903,DRC1,False
11732365_a_at,0.03243472028853948,NT5C3A,False
11723714_a_at,0.032370281088642275,CPXM1,False
11747691_a_at,0.03229788230381361,GARNL3,False
11719706_at,0.03228860094388191,RNF113A,False
11721536_a_at,0.03222235111858729,SURF1,False
11732078_a_at,0.03220954882976706,EVA1A,False
11735396_at,0.03202841339467659,ZNF70,False
11732642_at,0.03198066117652796,PGLYRP1,False
11730416_at,0.03188691815636999,ACTRT2,False
11716617_at,0.03185888162447299,MRPL36,False
11742364_at,0.031842596879686644,OR5AR1,False
11742184_a_at,0.03172770475314975,LAMA3,False
11742338_s_at,0.031619512396671816,KRTAP4-9,False
11719586_a_at,0.03159891545630481,TAGLN3,False
11743406_x_at,0.03152032151186562,SMIM14,False
11726124_at,0.03144027872429254,TCN1,False
11762427_at,0.031420830545911646,LRRC37A11P,False
11747014_a_at,0.03137464488673113,TP53TG5,False
11742291_a_at,0.031362583594372835,KCNG2,False
11742352_at,0.03133563372096409,OR2Y1,False
11736824_at,0.031241012031611122,C10orf95,False
11724635_at,0.03123787172396211,YOD1,False
11726133_a_at,0.03123705684659254,SYN1,False
11751068_a_at,0.031189800210695087,KIAA1257,False
11748934_a_at,0.03117039099548037,DFNB59,False
11734625_s_at,0.031107952955409003,TRIM49,False
11716937_a_at,0.03107104713594724,NUPR1,False
11716202_a_at,0.03103856639029829,PFKM,False
11737236_at,0.03103646998691762,IGLON5,False
11733064_a_at,0.031024805281250567,SIL1,False
11757955_s_at,0.030824454266441877,RALYL,False
11738727_at,0.03079467294571007,OR6M1,False
11737352_a_at,0.03073477742256101,PNPLA5,False
11727121_at,0.03072600194499889,MYCBP2,False
11721303_at,0.030694998550656636,CLEC2B,False
11742500_s_at,0.030497789330748044,PRY,False
11759408_at,0.030460963347350926,AQR,False
11761193_x_at,0.030456821258503318,LINC00839,False
11730979_at,0.03044736727115947,AFM,False
11723655_a_at,0.03041439823168444,DNAJB11,False
11725006_a_at,0.03039462013311026,ARHGEF25,False
11742362_at,0.030385200471729396,OR6V1,False
11722457_a_at,0.03038148190877243,L3MBTL2,False
11757131_at,0.030366130544113912,SNORD15B,False
11735374_a_at,0.030320726101354223,GDF5,False
11741637_at,0.030236549257331442,TMEM95,False
11740889_a_at,0.030159956739965143,ATP2A1,False
11715429_s_at,0.030070975564738516,ARF4,False
11739854_s_at,0.030052655329431497,LYRM1,False
11756288_a_at,0.030019286905133256,NRDE2,False
11723535_at,0.029911335031519447,PDGFRL,False
11727599_x_at,0.02988028930507998,C9orf64,False
11745593_x_at,0.029864252458731082,SNX15,False
11754539_s_at,0.02978287383162179,LOC90768,False
11741478_at,0.02973205239215912,SPATA1,False
11760046_at,0.029678515204627123,LOC338797,False
11720266_a_at,0.02966710809869527,TBCK,False
11742578_at,0.02965847976326952,OR5H2,False
11735858_a_at,0.029658392614713872,RIIAD1,False
11732074_a_at,0.029556607622436663,CCDC7,False
11744769_at,0.029548826438833498,CDKN2A-AS1,False
11733193_a_at,0.029497366095971495,GTF2A1L,False
11740220_a_at,0.02947788181784431,SMAD9,False
11742512_x_at,0.02939771589371718,KRTAP4-8,False
11757449_a_at,0.029368349045742273,IFI27L1,False
11737067_a_at,0.02928912114961653,TGM5,False
11737054_a_at,0.02921175023562536,PHRF1,False
11723791_s_at,0.02920596130900654,APOC3,False
11725611_a_at,0.029109762430372294,TMEM200B,False
11751273_a_at,0.02901782672456164,GPR34,False
11722244_at,0.029016755450006294,TMEM27,False
11735899_at,0.028965217808528964,C12orf71,False
11728746_a_at,0.028884790036728638,CLCA1,False
11724542_at,0.028807443040219448,TKTL2,False
11743346_x_at,0.02880332464167137,C11orf24,False
11733558_a_at,0.028784286213586772,PIP5KL1,False
11721903_a_at,0.02870349050118378,JOSD2,False
11732737_at,0.028601032053298715,NUP62CL,False
11716444_a_at,0.0285744754824053,KEAP1,False
11728322_a_at,0.02844873073749043,RAD54L,False
11731852_at,0.028392772150160474,LOR,False
11730492_at,0.028344648197804818,LRRC4B,False
11759867_at,0.028331031310512563,CNBD2,False
11742516_at,0.02824259699806316,OR2T4,False
11733556_a_at,0.028228655809064116,CCDC67,False
11731856_at,0.02809552249484764,PAGE1,False
11735676_a_at,0.02807728345037104,OSGIN1,False
11721990_at,0.028026473307458114,LECT1,False
11724589_s_at,0.028000620847230588,MMP12,False
11757257_at,0.027999880277536488,PISRT1,False
11736279_a_at,0.027977238990677913,MUC7,False
11723275_at,0.027912166591311575,MAPK8IP1,False
11724641_a_at,0.027881293260074866,ARHGAP44,False
11755216_a_at,0.02773806849641604,CDH16,False
11742546_at,0.02767753458056505,OR52I1,False
11737724_at,0.027602538043505206,TFDP3,False
11720636_s_at,0.027576285547826686,ISCA2,False
11723024_a_at,0.027516492622021865,CREB3,False
11746932_a_at,0.027515287823787576,ASPHD1,False
11755501_a_at,0.027506624236444715,PLSCR2,False
11717761_a_at,0.027502370182511945,G6PC3,False
11716169_at,0.02744834811359935,CCDC28A,False
11735237_at,0.027292430084505496,EFCAB3,False
11715382_x_at,0.02725507803289667,PLD3,False
11736989_s_at,0.027246697736656715,PRPF40B,False
11738487_at,0.027087739424664935,PSKH2,False
11737411_at,0.026971902462098275,SPATA45,False
11746688_at,0.02690645699617935,LOC100288358,False
11730565_at,0.02689418667248113,PNMT,False
11731908_at,0.0266851785603696,C19orf71,False
11738168_a_at,0.026575491862212513,BATF3,False
11730860_at,0.026560120148256684,SLC6A7,False
11760735_at,0.026547270066226883,GRK6P1,False
11735941_at,0.026546454809269832,STH,False
11757401_a_at,0.02648258174170554,KRT10,False
11724595_at,0.02639084691934186,RP2,False
11744584_a_at,0.026345315080585262,HYI,False
11742656_at,0.02628596191810419,MSGN1,False
11754865_a_at,0.026218228622351823,RBM45,False
11742620_at,0.026179842507566123,OR4B1,False
11740940_at,0.026161682931620016,HMX3,False
11720152_a_at,0.026107016947584764,DENND4B,False
11741890_at,0.026042305499168958,NKX2-4,False
11734376_at,0.026037148841613875,POU4F2,False
11741802_a_at,0.025996770024131987,KIAA1324L,False
11742183_at,0.0258791705621339,NOBOX,False
11728353_at,0.025869590360390812,MSMP,False
11756772_a_at,0.025869292352318603,INTS8,False
11747811_x_at,0.02581336454286867,POLR2M,False
11732742_at,0.02580255756312953,ATP4B,False
11746955_at,0.025796704579109934,SH3RF3-AS1,False
11728025_a_at,0.025685099302060276,PPM1J,False
11735561_at,0.025668716521800795,ZNF192P1,False
11745190_a_at,0.02559627043977414,FUS,False
11724767_a_at,0.025595290424701687,PMM1,False
11755353_a_at,0.025575535575074325,MYO7B,False
11731780_at,0.025539626046576464,GSTA3,False
11736663_s_at,0.025431793523186454,ZNF354B,False
11724268_s_at,0.02541280051199729,TMEM185A,False
11759788_at,0.025359778930282247,NUP210P1,False
11733319_a_at,0.025337902289904297,TRPC4,False
11736940_at,0.025312842954237996,CHRNB4,False
11755131_a_at,0.025257071847342598,PRR26,False
11717059_a_at,0.025246892201894054,CECR5,False
11727939_a_at,0.025245501121623447,SLC45A3,False
11726388_at,0.025155157821758162,SMCP,False
11718054_a_at,0.025088839670315038,LSM1,False
11728620_at,0.024954507410018024,SPRN,False
11725955_at,0.02495230632134036,TIMM17A,False
11733564_at,0.024799295548041195,C9orf163,False
11737732_a_at,0.024770640915902403,AQP6,False
11734639_at,0.02471715073434029,OR1A1,False
11741714_at,0.024694260019194298,C17orf77,False
11715166_at,0.024609543460100025,DNAJC12,False
11746151_x_at,0.024561136470051148,BMS1P4,False
11738248_a_at,0.024401190063342588,C11orf71,False
11750702_at,0.024119763051647685,PAPPA-AS1,False
11716546_s_at,0.024012454712657817,DRAP1,False
11749392_a_at,0.023981483350533486,ATP5C1,False
11735822_at,0.023908973174689194,LGALS17A,False
11728109_a_at,0.023825218026361453,DNASE2B,False
11735977_at,0.02381781066795002,HCCAT5,False
11726174_at,0.023754928991486485,SAMD5,False
11738933_at,0.023744766060874882,CDX4,False
11757217_at,0.023711542968155974,ATXN8OS,False
11738358_at,0.02366638518720772,PRR23C,False
11720139_a_at,0.02363019252715771,VSTM2L,False
11731017_x_at,0.023612824184034417,KLK4,False
11738745_at,0.023581888148985732,OR1M1,False
11745135_a_at,0.023463751959145844,TMEM239,False
11735689_a_at,0.023433068455021383,DDX41,False
11720075_s_at,0.023368806821803888,SLC35F5,False
11729681_a_at,0.023292885572173152,PHYH,False
11744240_at,0.02328096055449514,SNTN,False
11741839_a_at,0.023264187420520884,RBBP8NL,False
11742361_at,0.02325661324411058,OR4C13,False
11717689_a_at,0.02324502160055837,RNF19A,False
11723854_at,0.023203061096925263,SAMD9,False
11733474_at,0.02319374642386443,SOX21,False
11740970_s_at,0.023162424061898543,NUTM2D,False
11717807_at,0.023131751802203074,RNF103,False
11730387_a_at,0.023130367154123258,CCKBR,False
11716992_at,0.023099229984747886,CIC,False
11734340_a_at,0.02303225709846549,FAM124B,False
11740645_a_at,0.022846350527224446,NXPE4,False
11757649_a_at,0.022830169799867517,CORO7-PAM16,False
11731287_at,0.022767103010492562,GRXCR1,False
11723616_a_at,0.022753512696710356,PLTP,False
11741918_at,0.022753100527670222,ART1,False
11723367_a_at,0.02268156719742293,RAB26,False
11745943_a_at,0.02267425129893176,GUCD1,False
11757046_a_at,0.022548629779229945,SLCO4A1-AS1,False
11744309_at,0.02243753927436526,DBH,False
11755083_a_at,0.02238266475188849,APBA3,False
11735865_a_at,0.022379098312575813,AIRE,False
11743296_a_at,0.022320237698831825,CENPF,False
11741464_at,0.02224627968703114,UPK2,False
11753178_x_at,0.022223264576567897,LOC283788,False
11747057_at,0.02218210249081042,C10orf142,False
11754743_a_at,0.022173536843932,CWC22,False
11735861_at,0.022167702127481922,FAM9A,False
11754780_s_at,0.022157313625390543,ZNF767P,False
11755621_x_at,0.02209887414022642,DUSP9,False
11723634_at,0.02206992179856167,GDF3,False
11741474_at,0.022063787411960165,FOXN1,False
11721725_at,0.02204119769554557,PSKH1,False
11737666_at,0.021970400263335008,HHLA1,False
11751726_a_at,0.021950575429313102,LOC155060,False
11733764_at,0.021939507889371015,PFN3,False
11749247_a_at,0.021872554565646376,ZNF625,False
11740726_a_at,0.021862257735881213,FAM9C,False
11756496_a_at,0.021836722392592902,SERPINA6,False
11755985_a_at,0.0218071782696061,SMIM21,False
11743243_a_at,0.02180043201305214,HOXD12,False
11748470_a_at,0.0216788013837735,MTA2,False
11730486_a_at,0.02161571356587444,SERPINA9,False
11752955_a_at,0.021555811634413585,CEACAM22P,False
11734630_a_at,0.02154128022708661,DSG4,False
11736572_at,0.021420677098861363,TIGD6,False
11745185_s_at,0.021388874381812934,LOC644762,False
11742302_at,0.02132032810583236,1060P11.3,False
11729830_s_at,0.021302162518794295,DCLRE1A,False
11732982_at,0.02128337332210134,OR2J2,False
11738923_at,0.021259590806151966,TAS2R42,False
11715997_a_at,0.0212552474495071,NDUFC1,False
11761867_at,0.021242372453373737,LINC00272,False
11761925_at,0.02123302377074686,FER1L6-AS1,False
11730390_at,0.021184135682056626,SEMA3A,False
11759268_at,0.021112553499767595,DEFB134,False
11762236_at,0.021103231140554648,LOC100287010,False
11744170_s_at,0.0210440433393078,NAT14,False
11738954_at,0.021030217688145076,NMS,False
11732377_a_at,0.021010261865268103,BROX,False
11730646_a_at,0.020990665382395073,ECEL1,False
11739848_at,0.02094761963561434,SLCO1B1,False
11720027_x_at,0.020946889025557212,VGF,False
11722927_at,0.020927836880181103,CCDC137,False
11742333_s_at,0.02081165960474266,OR4M1,False
11716384_at,0.020723741888353683,CCL2,False
11742424_s_at,0.0207015845414332,POTEM,False
11753307_a_at,0.020659601081965177,UPK1A,False
11716342_s_at,0.0206570269247506,LOC101060373,False
11732578_x_at,0.02064164711713913,NCCRP1,False
11725869_at,0.02063220330076363,HOXC4,False
11725556_at,0.020611510684121273,PRRX2,False
11735493_at,0.020607427986622583,C10orf55,False
11720426_a_at,0.020598508097899315,WDR7,False
11733761_at,0.020527129869828374,TMEM190,False
11733583_at,0.020467061310804346,PSORS1C2,False
11754587_a_at,0.020410940260201287,FYN,False
11740530_a_at,0.02039233575110298,TBX22,False
11716923_a_at,0.02029624688197847,PURB,False
11741847_a_at,0.02026631558791423,C2orf83,False
11726241_at,0.02025875683481151,RYR3,False
11720469_a_at,0.02022516218336331,TSTD1,False
11742492_at,0.020186999426948554,TRIM77,False
11715637_a_at,0.020097146355898304,UGP2,False
11725825_a_at,0.02007907339144978,GJB3,False
11728198_at,0.020070423057929075,ALG1,False
11721304_at,0.020059640314232133,RAMP1,False
11725582_at,0.02002283408249888,IL17B,False
11717855_s_at,0.020002924890369415,TSSC4,False
11719846_a_at,0.01999152007291983,TFPT,False
11733357_at,0.01988604810475417,CCDC185,False
11721368_at,0.019872065549752443,CRLF1,False
11759953_at,0.019808724706602915,LINC01270,False
11726629_x_at,0.01978685521210439,CDK11B,False
11752323_a_at,0.019775735143880858,TSPEAR,False
11731678_s_at,0.019712762651046687,FAM20C,False
11745630_a_at,0.01968660439171006,LYG2,False
11725292_a_at,0.019683323685000365,DAO,False
11729331_at,0.01966038950695073,MAB21L2,False
11738246_at,0.019602026838280707,OR3A2,False
11738741_at,0.019524515179619204,MYL10,False
11742628_at,0.01951837011464672,OR2T6,False
11740783_a_at,0.019479690768979433,OPN4,False
11725962_a_at,0.01944408835594197,TCHH,False
11740921_at,0.019365539488700043,NKAIN3,False
11716802_a_at,0.019333652504032187,SETD5,False
11761509_x_at,0.019242707455827648,KRT87P,False
11763985_at,0.01909485073133819,LOC101928162,False
11745132_at,0.019074515799978414,LGALS8-AS1,False
11734898_at,0.019073081686731254,IPP,False
11754345_a_at,0.01885942568171596,TRAPPC12,False
11733591_a_at,0.0188202353745724,C1orf204,False
11715252_at,0.018806029182167356,RSRC1,False
11730131_at,0.01876757300736924,CT62,False
11717571_a_at,0.018676486683264458,CPSF3,False
11754691_a_at,0.018676187209491504,C2orf70,False
11728487_at,0.018661955363390555,PIWIL1,False
11729090_a_at,0.01865287293462267,FAM178B,False
11762239_s_at,0.01863046886521433,LOC101926969,False
11737183_at,0.018501163195696946,EXOC3L2,False
11741237_a_at,0.018471176807619092,C4orf17,False
11737784_x_at,0.01844816230400394,CST4,False
11726853_a_at,0.018446517689884655,TPTE,False
11744251_a_at,0.01844238816856409,ITGA8,False
11743209_at,0.01838811704032464,GJA8,False
11726072_a_at,0.018349438493522982,EMC2,False
11748345_at,0.018327020576929934,FKBP9P1,False
11744405_a_at,0.018323451059072078,C2orf76,False
11738566_at,0.018320463174884723,ASTL,False
11731920_at,0.01822220397289644,RSG1,False
11730967_at,0.01821206882093735,ACTL6B,False
11755327_s_at,0.018198082592148942,LOC154761,False
11739766_at,0.01815496492676996,PNPLA3,False
11721348_a_at,0.01810922327443135,SSH3,False
11738899_a_at,0.018087901710061263,SERPINB12,False
11752705_s_at,0.017944565277924717,FAM225A,False
11721166_a_at,0.017936587934158917,APOM,False
11740608_at,0.017904163902701095,DEFB125,False
11744004_at,0.017902567071950728,PIK3R2,False
11720049_a_at,0.01787176922129263,GBE1,False
11744129_at,0.017815585331635513,MYO9B,False
11763302_at,0.017772653677114003,LOC100128751,False
11725144_a_at,0.01776972801996273,ZNF784,False
11733478_at,0.017769508499414905,OLIG3,False
11762888_x_at,0.01768264736981608,DIO3OS,False
11756457_a_at,0.017650950694582942,ARMC7,False
11722573_a_at,0.01763703406545229,ERAP2,False
11737372_at,0.017625210098084522,NLRP10,False
11739112_a_at,0.017612255980119763,GRPEL1,False
11757752_s_at,0.017472327696885184,STK36,False
11742528_at,0.01743106953268765,OR6K3,False
11735982_at,0.01740698686024243,KRTAP9-9,False
11764172_a_at,0.017398859212000847,LOC102724880,False
11742150_at,0.01738427941417388,OR2B3,False
11728000_a_at,0.01737268759645783,CERS1,False
11740443_a_at,0.01735009421399971,CCDC39,False
11754741_x_at,0.01731218463651467,DZANK1,False
11738442_at,0.01725501615368351,KRTAP6-3,False
11728970_at,0.01721854611929536,RNF133,False
11740426_at,0.017216224730137068,CDC42BPG,False
11737298_at,0.01719924700147047,TMPRSS11F,False
11742313_at,0.0171559319543291,OR56A4,False
11757882_x_at,0.01714124304721001,GSTA2,False
11742146_at,0.017134690734946684,OR51Q1,False
11755381_s_at,0.01711977080304801,PLGLA,False
11731256_at,0.017018407198039796,HYPM,False
11751698_a_at,0.016989666401122247,EAF2,False
11755077_a_at,0.016963210427491205,ZFP69B,False
11720127_s_at,0.016941333392492385,ITPKC,False
11750787_a_at,0.016928001659361272,SLC24A2,False
11735298_a_at,0.01690760036905999,IMPG2,False
11721213_a_at,0.016855171775964402,CLIP2,False
11723860_a_at,0.016855026281844977,MPP6,False
11729651_at,0.016819666251283227,GABRD,False
11731168_at,0.01676923595248415,IGFL1,False
11728951_at,0.01675563908024269,GSDMC,False
11738301_at,0.016735011954889672,KRTAP3-1,False
11744864_at,0.016728507287284134,MALRD1,False
11756032_a_at,0.016711195815650916,CBR3,False
11735628_at,0.01668296940931672,TFAP2E,False
11754729_x_at,0.016676545742591958,LOC102724788,False
11741843_a_at,0.016673082473455458,ACRC,False
11732291_a_at,0.016635619316058548,FAM186B,False
11762738_at,0.016575296686010495,ASB14,False
11764104_at,0.016545742071191576,LOC105376348,False
11739007_at,0.016502625124253507,CAPZA1,False
11730982_a_at,0.016500441516630705,RNF25,False
11723010_a_at,0.016481618571677785,KIF20A,False
11731260_at,0.016447034128025603,KCND1,False
11755499_a_at,0.016330428574225776,METAP1D,False
11741725_a_at,0.016328027863074284,SCAF4,False
11736921_a_at,0.016269691832756727,PCSK2,False
11724749_at,0.01626184156315412,CEND1,False
11726939_at,0.016229498916899097,MAGEL2,False
11743079_a_at,0.01622618419267031,TRMT6,False
11751140_a_at,0.01620710428679166,IL1RAPL2,False
11732847_at,0.016191063525514915,CABP7,False
11717097_a_at,0.016094301434091695,NAA20,False
11733540_at,0.016043690712511677,CNPY1,False
11743462_a_at,0.016020067349094187,SLC2A8,False
11723342_a_at,0.015918825947449203,C11orf84,False
11718157_s_at,0.015753643915913246,PTX3,False
11728933_at,0.015750995808348812,SPACA7,False
11719475_a_at,0.01569295613854198,BEX1,False
11742411_s_at,0.015601312825673267,CCDC168,False
11760070_at,0.015587225866521984,LOC645010,False
11757211_x_at,0.015549153656980268,H1FX-AS1,False
11724387_at,0.0155409039418428,HOXB2,False
11732949_at,0.015519239055425866,NLRP5,False
11723051_at,0.015499923279459642,FGFBP1,False
11737065_a_at,0.015442046347159366,COL9A2,False
11715813_at,0.015401613366179316,HIGD1A,False
11719194_a_at,0.015382859708241315,DFNA5,False
11728319_x_at,0.01531668494880711,TUBA3C,False
11728574_x_at,0.015267415570215229,TMEM151A,False
11757151_s_at,0.015262224179461893,SNORA72,False
11721039_a_at,0.015222183082881978,CAPN15,False
11721810_at,0.015183905801159867,PIM2,False
11753004_a_at,0.015134948526745367,CKB,False
11735489_at,0.015075939064176312,TIGD4,False
11754249_at,0.015020997795408794,WHAMMP2,False
11752906_a_at,0.014966460517021754,TELO2,False
11752938_a_at,0.01496465148498411,HTR5A-AS1,False
11734312_at,0.01494102080491177,NRN1L,False
11722090_a_at,0.014925382281412396,EFNA4,False
11726471_a_at,0.014880288859800994,SOCS7,False
200098_PM_s_at,0.014814084855690489,ANAPC5,False
11727218_at,0.014777560458750017,TSSK2,False
11744038_a_at,0.014761535574544057,NKAIN4,False
11738267_at,0.014749508782043327,C7orf33,False
11752115_a_at,0.014747493974784807,FMR1-AS1,False
11738730_at,0.014717345917452206,OR5A1,False
11730101_a_at,0.014715070393548265,CRYGA,False
11756926_x_at,0.014707014470773107,TMEM63B,False
11715346_at,0.01465999053112131,EBI3,False
11730273_at,0.014657404382312595,MYOD1,False
11734441_a_at,0.014636909480309306,FOXI1,False
11742951_at,0.014633953344539336,MED10,False
11740239_a_at,0.014616241274037661,CFAP161,False
11727551_a_at,0.014615444682205006,ADAMTS10,False
11743199_at,0.014546280592397603,C8A,False
11737026_at,0.014540377511528977,IRX4,False
11753660_x_at,0.014485924643238828,UBE2V1,False
11741709_x_at,0.01447090046441911,PRCD,False
11756167_a_at,0.014452193170536332,FOXF2,False
11738376_at,0.014431182103380345,GNAT3,False
11725268_s_at,0.01436476190636617,FAT4,False
11726350_at,0.01431086046106474,ANKRD39,False
11754709_x_at,0.014247903375302415,SLC25A34,False
11759051_x_at,0.014136898455600577,SPANXD,False
11755662_a_at,0.014081789675019328,LRSAM1,False
11762850_at,0.014073036120191586,ESPNP,False
11728642_s_at,0.014068059328717826,DEFA5,False
11759384_at,0.014065866942840129,DEFB128,False
11719244_s_at,0.01402475549988483,CNOT11,False
11732605_at,0.013988608110732707,CBLN4,False
11723000_at,0.013900784710090847,MYL7,False
11733717_at,0.013862093062727709,CALML6,False
11720513_at,0.013847816738886113,SNAI1,False
11729791_at,0.013843477362280159,CARTPT,False
11742609_at,0.01379796365152189,OR4D11,False
11744327_x_at,0.013789726418672765,UBB,False
11730027_at,0.013753702479493582,GPHA2,False
11744860_at,0.0136740469455349,LOC100287290,False
11737289_at,0.013669143961474155,FLJ44635,False
11742246_at,0.013665566671401673,ATP11AUN,False
11754814_a_at,0.013654916798291486,NUP93,False
11738725_at,0.01358929722064551,OR5B12,False
11735107_a_at,0.013574643704589178,CENPO,False
11751387_a_at,0.013569743137525292,FAM69C,False
11746590_a_at,0.013485371124351584,RGS8,False
11755547_a_at,0.013391650181011757,STK33,False
11717849_at,0.013378065617557843,CCDC167,False
11731579_a_at,0.013369761938872488,LYPD3,False
11744966_a_at,0.01334992125523294,INSL3,False
11728982_at,0.013261432843430603,C8orf48,False
11728501_a_at,0.013244998279494291,LRRN2,False
11728304_at,0.013237479135103277,SYNDIG1,False
11732378_at,0.01318352615082917,C5orf47,False
11764100_at,0.013162183327416978,LOC105376874,False
11744073_a_at,0.013152195312292269,PNKP,False
11744638_at,0.013124602286561583,SND1,False
11745399_a_at,0.013044949036423444,HPSE2,False
11731388_a_at,0.01302487392076397,TMPRSS6,False
11719336_a_at,0.01300932651320053,TEAD3,False
11738603_x_at,0.012972561953545998,LCE3C,False
11735411_at,0.012962704204851273,FZD9,False
11755596_a_at,0.012952612356678418,NLRP4,False
11738385_at,0.012811060265033898,NEUROG3,False
11715673_x_at,0.012809064663352536,JUNB,False
11738098_a_at,0.01280813861230109,MYBPHL,False
11754894_a_at,0.01280784040955063,UNC79,False
11717270_a_at,0.01278783348205342,SNAPC2,False
11737857_a_at,0.012787763462300622,DNAAF1,False
11757378_s_at,0.012724491752689622,RMDN3,False
11725108_a_at,0.012658911208936889,POLR3GL,False
11728732_a_at,0.012647160115738545,STRA13,False
11731500_a_at,0.012617219674367734,KRT19,False
11747903_a_at,0.012533106358459032,SAMD4B,False
11718821_a_at,0.012509361923802427,MTIF2,False
11734543_at,0.012494218804621425,SPINK8,False
11731269_at,0.012471050323115653,KRT31,False
11735888_at,0.012412412207184286,NTN3,False
11749351_a_at,0.012306242341097007,ABCA7,False
11758356_s_at,0.012297911001473526,HIST3H2A,False
11727149_at,0.012258131307812654,CCDC87,False
11731870_a_at,0.012074783403559396,NOXA1,False
11763121_x_at,0.012037102735762759,LOC100132099,False
11743819_a_at,0.012012678206042446,INIP,False
11730685_a_at,0.012004799205203132,CSMD3,False
11725909_a_at,0.011994777896179244,TCL1B,False
11735210_a_at,0.011974613646440079,SGPP2,False
11744771_at,0.011959660239500213,TTTY12,False
11729157_a_at,0.011873416253858026,MFAP4,False
11725585_at,0.011826724622228708,PI15,False
11735336_at,0.011806674305477603,CPLX4,False
11718237_a_at,0.011801549737408431,C1orf115,False
11730715_x_at,0.011792161665913433,CSAG1,False
11724001_a_at,0.01176914265627842,LNP1,False
11735842_at,0.011735802623351561,LCE4A,False
11751539_at,0.011714834387603065,LOC100134391,False
11738444_at,0.011710113998095921,OR51G2,False
11741976_at,0.011674253961616763,OR11A1,False
11740664_a_at,0.011628792502576384,GPRC6A,False
11756247_a_at,0.011611785805285641,ATXN2,False
11736652_a_at,0.011607689291877625,CFAP57,False
11757300_s_at,0.011569947433946137,ELOVL5,False
11755881_a_at,0.0115590816303227,EXOC3L1,False
11737124_a_at,0.011540193478189487,TRAPPC3L,False
11744524_at,0.01152247436332111,SMAD5-AS1,False
11735806_x_at,0.011418722273764018,SSX2,False
11724258_a_at,0.01141337996257094,MUC15,False
11738812_at,0.011410232576764235,NLRP13,False
11728354_a_at,0.011405129990777063,CHCHD5,False
11727700_at,0.011365585480934482,HOXC13,False
11742283_at,0.011334275343912978,FGF3,False
11754230_at,0.011320129479984238,DBIL5P,False
11758843_at,0.011314653632399186,LOC101929060,False
11716867_at,0.011305498742073265,FEM1A,False
11736795_a_at,0.011254170611058288,GHSR,False
11725944_a_at,0.011245247774714655,STT3A,False
11738509_at,0.01123788292494349,CPSF4L,False
11733443_at,0.01123067511123142,LCE2B,False
11760299_at,0.011181670195395933,SPR,False
11735943_at,0.011173234176085517,KRTAP19-6,False
11721728_a_at,0.011160100110139489,ARHGAP30,False
11736095_a_at,0.011126791084389239,GATC,False
11729100_a_at,0.01109622843415602,CFAP70,False
11741707_a_at,0.011093263423129359,PCDHGC3,False
11722523_a_at,0.011027580829385238,TMCO4,False
11718687_a_at,0.01101322369283666,WDTC1,False
11740810_at,0.010976600817237031,OR7E24,False
11759660_at,0.010949657533960426,ZNF385C,False
11755990_a_at,0.010925525784486698,CAPN12,False
11731245_a_at,0.01079902938546259,GDF9,False
11760049_at,0.01075314213596629,LINC00308,False
11728953_a_at,0.010640447734088414,ADGRV1,False
11738359_at,0.01063789360037354,LOC101805491,False
11724165_s_at,0.01062971162348792,GPR146,False
11737399_at,0.010620727568275007,C1orf185,False
11737645_a_at,0.010606928852333494,FAM150A,False
11751956_a_at,0.010548306946725925,MYH14,False
11743238_at,0.01051941885549239,LRRC30,False
11742650_at,0.010461019866830738,DPRX,False
11731798_a_at,0.01045873022020304,LGALS2,False
11754198_at,0.01040495596724718,LINC00341,False
11763970_at,0.01039396930236625,PRRX2-AS1,False
11729995_a_at,0.010357943269651488,GDF10,False
11734542_a_at,0.010348268334363975,TDRD12,False
11733744_at,0.010311761487297516,MS4A12,False
11730365_at,0.010259443114272094,AMPD1,False
11734432_a_at,0.010208117198015457,CELF5,False
11745357_x_at,0.010202825740359165,AP1S1,False
11757207_at,0.010147971407018161,CNKSR1,False
11746005_a_at,0.010142190752017995,SPACA6,False
11745588_at,0.010102238416327522,TTTY5,False
11737150_at,0.0100805666943029,IL26,False
11763118_x_at,0.010079254768753848,C7orf34,False
11729321_s_at,0.010079120070481562,MUC6,False
11720984_at,0.010060643624679138,NPTXR,False
11740595_at,0.01004394560900905,EDDM3B,False
11737127_a_at,0.009982183550636717,ITGA1,False
11734471_at,0.009863900603531766,LCE1C,False
11727517_a_at,0.009813986272591916,TMEM79,False
11761958_s_at,0.009798154543921408,TRAV12-3,False
11738642_at,0.009724318495606477,NOX3,False
11763059_at,0.009687845972179174,LOC100128185,False
11758562_s_at,0.009622558837939901,C1GALT1,False
11725806_at,0.009610854401079576,KCNJ8,False
11758602_at,0.009504005852567818,THSD4,False
11759610_at,0.009458704121808577,HOXB-AS3,False
11741121_a_at,0.009330347762448104,ZNF700,False
11746745_a_at,0.009318348694392915,CHRM4,False
11738517_a_at,0.009298361989996727,ZAN,False
11724532_a_at,0.009268847789340425,HAUS4,False
11728116_at,0.009224636247204389,DNAH10,False
11756874_a_at,0.009219982738009334,GRP,False
11729554_at,0.009207052003545504,CFAP73,False
11735830_a_at,0.009194097498805525,IL1RL2,False
11730680_at,0.009059052829428312,MC3R,False
11717669_a_at,0.009044211238969714,IWS1,False
11738976_x_at,0.009043859724045965,DEFB131,False
11734469_a_at,0.009034307340924346,TMEM215,False
11733168_at,0.008955497789806487,TSSK3,False
11738668_at,0.00885176027804211,VN1R5,False
11735509_at,0.008840766361028303,RTP5,False
11738452_a_at,0.00882886054771545,PCDHGC5,False
11722863_at,0.00874421773780096,SCGB2A1,False
11721149_a_at,0.008726249192208232,LYSMD2,False
11725215_a_at,0.008686467283030795,FCN3,False
11715874_s_at,0.008596815506307276,ATP5H,False
11737529_a_at,0.008556087111243386,RPTN,False
11750184_at,0.008516833148738115,LOC100287413,False
11749735_a_at,0.008509708076458632,SPATA5L1,False
11749383_a_at,0.008492176914433028,BCORP1,False
11756606_s_at,0.008412415237555843,RWDD2B,False
11716553_a_at,0.008402437988625952,RHBDD2,False
11715930_at,0.00839832572281951,SDHAF2,False
11728822_a_at,0.008364435727396945,GDPD2,False
11735568_at,0.008350481276150706,KRT33B,False
11739514_a_at,0.008346945302281156,CNTN6,False
11738549_at,0.008346404969489943,OTUD6A,False
11737973_at,0.00832853680939799,RAB39A,False
11742112_a_at,0.008296191867510027,C1orf141,False
11735855_at,0.008290707157015352,TNP2,False
11742759_a_at,0.008249420660159422,TRIP11,False
11744303_a_at,0.008248682365787255,TFB1M,False
11756660_a_at,0.008238768404815442,PROM1,False
11720298_at,0.008198593626663711,CXCL10,False
11741320_a_at,0.00819430855118705,DIABLO,False
11737644_a_at,0.008083648952708326,RNF183,False
11741828_x_at,0.00807219560338223,OR2A1,False
11719797_a_at,0.008058608455134397,ASMTL,False
11734755_a_at,0.008037776623529166,CCBL2,False
11742358_at,0.007996049635907884,OR5AN1,False
11763591_a_at,0.007947801629558158,ZDHHC8,False
11735664_s_at,0.00794278031222513,SFTPA2,False
11764008_at,0.007927234309183778,LOC102724929,False
11738783_at,0.007912298403356405,HIST1H3C,False
11761432_at,0.00789550551645642,LOC100506257,False
11723085_s_at,0.007878461336101365,IL17RB,False
11742564_s_at,0.007836100590034156,LOC101927079,False
11727550_at,0.007713832059851945,DOCK3,False
11737057_at,0.007713108068057265,SSMEM1,False
11745629_at,0.007706232793183673,LOC149950,False
11720166_at,0.0076643390381144596,CDC42EP5,False
11736401_a_at,0.007638599737322077,DTX3,False
11735108_a_at,0.007569875373672052,DCTN3,False
11731286_at,0.007497991072877718,EDN2,False
11755692_a_at,0.007484373261959459,MTMR8,False
11726908_a_at,0.007422945246178548,ANO2,False
11718507_a_at,0.007414711863148389,PSMG2,False
11762751_x_at,0.007343226127017038,WASH1,False
11730408_a_at,0.007325350899242573,C19orf33,False
11737621_at,0.007319136932674661,HEPN1,False
11741939_x_at,0.007275475705174045,IFNA14,False
11734428_a_at,0.0072283493187456005,MAGEA11,False
11749250_a_at,0.0072139738423690454,ZMYND12,False
11721197_s_at,0.007206727968035866,DCHS1,False
11723999_a_at,0.007200317847455336,NRAP,False
11755672_a_at,0.007176533434597962,GRIK5,False
11733731_s_at,0.0071352349710611124,BCKDHA,False
11753837_s_at,0.0070944814784059,DEFB109P1,False
11761882_at,0.0070221260633053515,SMIM2,False
11715260_at,0.006998053462998319,RRNAD1,False
11726879_at,0.006992755946668188,TTBK1,False
11738674_x_at,0.006985679401748662,UTF1,False
11734409_x_at,0.00696056905251904,FOXD4L1,False
11760845_x_at,0.006939330891725904,GABARAPL3,False
11761848_at,0.006935561241552327,SNRPD3,False
11760821_at,0.006911002605751548,LOC100996461,False
11742437_a_at,0.00690563750746441,UNK,False
11755259_a_at,0.0068557022893330245,C12orf74,False
11757205_at,0.006844937944657431,GUCY2EP,False
11761651_at,0.006842630829653372,LOC403312,False
11734616_at,0.0067431651207853095,PRR23A,False
11742597_s_at,0.006731723138104422,OR8H2,False
11742668_at,0.006726858836760746,FABP9,False
11744662_x_at,0.006698162058435432,HMG20B,False
11736900_a_at,0.006676554743841135,COL27A1,False
11734443_at,0.006662815660161512,C18orf42,False
11724200_a_at,0.006658354294106751,PYGM,False
11746301_s_at,0.006646718943963584,LTB4R2,False
11757821_s_at,0.006622795153770843,LDB1,False
11744960_a_at,0.006597558439110636,ZNF311,False
11757885_at,0.006571970992972189,VSIG10,False
11755417_a_at,0.006547085747999496,KIAA0922,False
11735326_at,0.0065330418024138505,MYH15,False
11734451_at,0.006517893329258652,SULT1B1,False
11738768_at,0.006454347623329922,OR4F6,False
11730632_a_at,0.006428356837149854,OCA2,False
11753487_at,0.006408824955637335,CSPG4P1Y,False
11756034_a_at,0.006381004809529068,RLN3,False
11742387_s_at,0.006380467267512825,OR1D5,False
11737392_at,0.0063608745683693116,PROKR2,False
11724421_at,0.006347628843862669,EPHB3,False
11760231_x_at,0.006273714507936866,TDGF1P3,False
11730699_at,0.006238470192027755,PLA2G10,False
11732020_at,0.006228270209940342,SPATA31D1,False
11730089_at,0.006194091650535433,HAS1,False
11752969_at,0.006173398524236506,URAHP,False
11732911_at,0.006104006116567492,PRSS45,False
11737305_a_at,0.006074445237445983,FAM166A,False
11735889_a_at,0.00606435446718569,PRAMEF12,False
11738322_at,0.006046444644544078,LINC00552,False
11731229_at,0.005999117268224458,ALX1,False
11733653_at,0.005957619850179941,FTMT,False
11740260_a_at,0.0059488768828444534,CDC42BPB,False
11755449_a_at,0.005892100183323151,COL20A1,False
11743795_at,0.00587882685992976,LACE1,False
11764109_at,0.005848712211262595,LOC105378099,False
11733396_at,0.005768631481139053,FLG2,False
11762502_at,0.005768539997898834,DAOA-AS1,False
11716166_x_at,0.005698253064439704,NUDC,False
11737599_at,0.005689279361964634,CXorf67,False
11751229_a_at,0.005647837897180221,PPP2R2D,False
11724688_a_at,0.005645664990855506,SAMD11,False
11740101_at,0.005645143956303191,CNR2,False
11743216_at,0.0056284481076215595,OR10A6,False
11762463_at,0.005608434952266257,C8orf17,False
11755851_a_at,0.005568493251960504,UBR4,False
11745403_a_at,0.005558447228071755,ZNF683,False
11736578_a_at,0.005413088283402966,AP1G2,False
11759756_x_at,0.0053728234929039725,ERVK-4,False
11755699_a_at,0.005364809238559107,ACCSL,False
11737059_at,0.005345305697111925,MMP26,False
11715262_at,0.005284011800202646,MTNR1A,False
11732917_at,0.005198828562926152,DZIP1L,False
11731925_at,0.005109966582405021,CRCT1,False
11727217_a_at,0.005082149448736467,CETP,False
11737640_at,0.005069104624499076,ZNF556,False
11737119_a_at,0.005065535406420292,NEK10,False
11738511_at,0.0050458848531159195,DEFB4A,False
11728387_a_at,0.005000806857093929,ADAM32,False
11735815_at,0.004972649930956766,VWC2,False
11745281_at,0.0049279330985644255,LOC100287896,False
11716500_a_at,0.004899079567279803,PIR,False
11742476_a_at,0.00489554850835403,GLRA4,False
11740697_a_at,0.0048826326299737065,MAGEB6,False
11737656_at,0.004880120851126787,LCE5A,False
11725856_a_at,0.004876983142609258,DNAH1,False
11725438_a_at,0.004847171413366633,HBD,False
11753237_x_at,0.0048368898280483465,LOC728989,False
11740130_a_at,0.004824634506665718,CACNA1B,False
11742460_a_at,0.004824146735846785,CCDC154,False
11731985_a_at,0.004800687079088215,HGFAC,False
11728288_a_at,0.00479270446064761,KRT15,False
11730866_a_at,0.004729267865478192,GALNT18,False
11756509_a_at,0.004685466046759889,BAMBI,False
11720326_a_at,0.004660525152154848,FRZB,False
11718015_a_at,0.004640991933345481,ZMAT5,False
11715575_x_at,0.004631923989899815,PPM1G,False
11763146_at,0.004631427741227114,HSP90AB5P,False
11735380_s_at,0.00459496667977006,LOC102725117,False
11755097_a_at,0.004593628217423235,KIF17,False
11743217_at,0.004586338940992093,PRM3,False
11750339_at,0.004531081333362791,GGNBP1,False
11721578_at,0.004500375890196615,WTIP,False
11737817_a_at,0.004473836764424409,CDKL5,False
11715227_s_at,0.004446231830666552,PCDHA7,False
11755546_a_at,0.004400099952173305,LFNG,False
11717867_a_at,0.004367943190959983,ZNRD1,False
11741930_at,0.004356169157833516,ACSM4,False
11738564_at,0.0043514663747675,OR8D4,False
11732452_a_at,0.0043284407075479606,MS4A3,False
11749391_x_at,0.004310712281362043,QPRT,False
11757178_at,0.004306926242564121,SNORD67,False
11734977_at,0.004292485915735758,PCDHB12,False
11738744_at,0.004289704250687788,OR4C3,False
11721005_a_at,0.004260084114583035,TMCO3,False
11723138_at,0.004242811414170585,POP1,False
11729634_at,0.004231319879562189,PRR30,False
11742952_at,0.004222931564614787,VIMP,False
11729095_at,0.0042089505741449065,KRTAP1-5,False
11759589_at,0.004159487491667723,DSCR9,False
11735074_at,0.004118257638188199,ST20-AS1,False
11742166_at,0.0041154394615972745,KRTAP7-1,False
11742533_at,0.00409409643313724,OR10J3,False
11742134_at,0.004065244539074538,GPR150,False
11742544_at,0.004055178540345558,OR5AS1,False
11762929_x_at,0.004028563478214264,FAM66D,False
11746485_x_at,0.004019191207352469,FAR2P2,False
11755226_s_at,0.003991078802417211,KLHDC7A,False
11752193_a_at,0.0039014801803994976,RGL4,False
11733652_at,0.0038631857093543126,TMEM225,False
11727742_a_at,0.0038612893560619464,NKX2-1,False
11718140_a_at,0.0038594215389775024,EMP3,False
11718831_at,0.003855527289700669,NDUFA2,False
11737370_at,0.0038281795755761906,TAAR1,False
11742101_at,0.0038180435768405325,QRFPR,False
11734576_at,0.003790865602888343,ASB16-AS1,False
11727220_at,0.003694595176114184,FITM1,False
11741988_at,0.0036833669760490844,MBOAT4,False
11738949_at,0.003682311555412844,FGF16,False
11731111_at,0.0036703966808880966,CLEC3A,False
11727349_at,0.003654424191742459,TBC1D21,False
11727907_a_at,0.003639094160475268,SLC9A3R2,False
11732656_at,0.003607727129566223,MFSD6L,False
11718480_s_at,0.0035856625162087852,MID1IP1,False
11729639_at,0.0035852209294373796,RAB25,False
11753604_a_at,0.0035654681978350552,IL21,False
11726824_a_at,0.0035622111488623634,ZNF565,False
11731150_at,0.0035201592410552514,CBLN3,False
11738832_x_at,0.003491450586920844,RIPPLY3,False
11721788_at,0.0034839162183844343,C1orf226,False
11735609_a_at,0.003474562765068054,FER1L5,False
11722307_at,0.003461737270095491,GLCE,False
11745157_a_at,0.003447692298753132,HELT,False
11733581_a_at,0.0034449436739866198,CA7,False
11728001_a_at,0.0034414046997553087,TMEM114,False
11726833_a_at,0.003345749763017583,HSPB2,False
11735059_a_at,0.0033217989583200144,WISP2,False
11729529_at,0.003316421768105476,KRT86,False
11718899_at,0.0032931620303558624,POLG,False
11751545_a_at,0.0032874129319672867,RPL34-AS1,False
11730167_at,0.0032700238380169774,GAST,False
11738824_a_at,0.003245756186148577,DNAJB8,False
11737553_at,0.0032406693676828207,C15orf32,False
11759571_a_at,0.0031966571420557277,IGLC1,False
11761153_s_at,0.003191000292569141,CYP51A1-AS1,False
11747124_at,0.003180012775572273,LOC100293612,False
11756488_s_at,0.003169613812739562,KIF2B,False
11741420_a_at,0.003153532605543171,GPR75,False
11757637_a_at,0.0031489541163752426,MUS81,False
11750232_a_at,0.0031437681539570276,GGTA1P,False
11750876_a_at,0.003097143690207996,SCFD1,False
11727146_at,0.0030969403211347822,GPR160,False
11740549_at,0.0030839013704132916,ALOX12B,False
11737884_at,0.0030800907710005153,TMEM82,False
11731777_a_at,0.003078985143952328,POMGNT2,False
11730884_a_at,0.003078639269092748,GPATCH1,False
11730425_at,0.0030440867082121388,ZNF628,False
11734648_at,0.0030263444717034526,BPIFB3,False
11735190_at,0.003002480098702089,FBXO48,False
11734318_at,0.0029955646644456283,DCLK3,False
11738778_a_at,0.0029859591021903905,CABYR,False
11738822_at,0.0029766802333875938,OR9Q1,False
11725436_a_at,0.0029663767771113433,SCGB3A2,False
11746690_a_at,0.002912784884773119,URB2,False
11715248_s_at,0.0028910156863955947,CRISP2,False
11755304_a_at,0.0028650435568092552,LONRF3,False
11729972_at,0.0028623210810857953,CYP4Z1,False
11721720_s_at,0.002826763699670083,CELA2A,False
11718527_at,0.0028117946655187996,MSC,False
11745365_at,0.0028064432620148677,KLHL29,False
11724594_at,0.0027695467409835097,HRASLS,False
11715173_s_at,0.0027690505674084834,KRTAP10-12,False
11753741_a_at,0.0027688387890376464,MLN,False
11718421_at,0.0027671929627710264,TMEM115,False
11737381_at,0.0027369518455468604,SPATA25,False
11743921_at,0.002731800023200488,TMEM125,False
11730740_a_at,0.002729635681372968,PDLIM4,False
11738114_a_at,0.002706452126136509,MUSK,False
11756086_x_at,0.002685995656887915,HNRNPA1L2,False
11715594_a_at,0.0026767282490686305,RBM38,False
11738756_at,0.0026509916191660133,OR10AG1,False
11760389_x_at,0.00264442798467593,PI4KAP2,False
11731145_a_at,0.002643419219292546,SYNE1,False
11739983_x_at,0.002626687239172333,PRH1,False
11720240_at,0.002592531663994487,TMSB15A,False
11753160_s_at,0.002584952149728765,PCDHGB6,False
11723700_at,0.0025443642299820637,OAS3,False
11741481_at,0.0025426136618622343,GDF2,False
11732581_a_at,0.00249590144993193,SLC24A5,False
11742384_at,0.0024879958644999436,OR4E2,False
11741453_at,0.0024840248526000392,SPINK4,False
11727360_a_at,0.002475503923599929,GJD3,False
11738784_at,0.002474263767670386,PLA2G2E,False
11729363_at,0.0024489989555396296,ZPBP,False
11756756_a_at,0.0024251533952063704,BLVRB,False
11744820_a_at,0.002417632468778055,LOC100130691,False
11738902_at,0.002416524313543754,KCNK18,False
11735926_at,0.0024159908999591816,C10orf120,False
11735290_a_at,0.0023902576733967726,TNIP2,False
11740847_a_at,0.002386279076327017,ZNF229,False
11731364_a_at,0.0023849623194713834,CCDC63,False
11716289_a_at,0.002321680828851127,BLOC1S1,False
11744192_at,0.002299782452045148,CASKIN1,False
11734611_at,0.002252040504391042,GUCY2D,False
11759279_x_at,0.002248297870743301,OR10G8,False
11721558_at,0.0022386676600638753,FBXO41,False
11735387_at,0.002226326899224048,ZNF560,False
11732499_at,0.002177896016104818,CACNG1,False
11716222_a_at,0.002172018513251195,RNASE1,False
11745577_at,0.002135086874892141,C3orf56,False
11758632_s_at,0.0021125444358551576,CXorf51A,False
11727347_at,0.0021107455777575803,ITPKA,False
11735226_a_at,0.00209928919563727,CDH20,False
11738163_at,0.00209144101871335,OR8A1,False
11718997_at,0.0020740841423181277,AHSP,False
11756374_a_at,0.0020656165052982084,TPST1,False
11744459_at,0.002050561251674165,TDRG1,False
11732935_at,0.002045226155498346,CT83,False
11723047_at,0.002031586677132104,CRABP1,False
11721344_a_at,0.0020160139300977493,CTRC,False
11741590_x_at,0.0019588577707112254,ICAM4,False
11735520_a_at,0.001950084839065502,FGF18,False
11741421_s_at,0.0019447339868015473,SLC16A13,False
11730562_a_at,0.0019408328910144861,GRIA4,False
11738207_a_at,0.0019255571420253032,ERMARD,False
11758364_s_at,0.0019196077987866478,C19orf52,False
11727890_a_at,0.0019114336264854262,PFDN6,False
11731887_at,0.0019000145795715813,KIF14,False
11727119_a_at,0.001899594616695,ADAD1,False
11727839_x_at,0.0018669723622706295,ORC1,False
11752277_a_at,0.0018518933693878663,STON2,False
11754817_s_at,0.0018424752329274721,REG1P,False
11750181_a_at,0.0018269905388343206,PFKFB1,False
11742154_at,0.0018105956101608373,OR5AK2,False
11731326_a_at,0.0018028839566056319,RNF39,False
11729553_a_at,0.0017799777217851682,PRR7,False
11738919_at,0.0017655012859287568,TAS2R50,False
11724677_at,0.0017593549642741957,TRMT5,False
11733568_x_at,0.0017194605324135832,ZNF433,False
11742538_at,0.0016858930557975996,OR9G4,False
11756492_a_at,0.0016854434135959316,ZBTB48,False
11741371_at,0.0016394352475665086,GRID2IP,False
11755588_a_at,0.0015963878812290245,SLC5A5,False
11715170_x_at,0.0015847588339759431,HNRNPCL1,False
11737363_at,0.001569925278931554,RPRML,False
11718388_a_at,0.0015471717777091254,NUDT2,False
11744023_at,0.001537067751390526,ADAT3,False
11738701_s_at,0.0015274324873383606,OR11H1,False
11741891_at,0.00151584339741976,EVX2,False
11761930_at,0.0015145463890792747,OK/SW-CL.58,False
11738728_at,0.0014982619273712226,OR5B2,False
11741456_at,0.0014918015951745727,WIPF3,False
11742312_at,0.001473067277530872,OR4K15,False
11717515_a_at,0.001468311124154652,HSD17B10,False
11719833_at,0.001457937135951624,MPZL2,False
11758241_s_at,0.001434102890359179,DYNC1I2,False
11733755_at,0.001431640258928261,PKD2L1,False
11715926_s_at,0.0014173513186524172,PLEC,False
11737542_at,0.0013624859391921473,GOT1L1,False
11731803_a_at,0.0013504674392191634,COLCA1,False
11758373_s_at,0.0013463165134685354,NTF3,False
11754482_a_at,0.0013434837478589012,PSMB1,False
11756975_s_at,0.0013372716257960982,TBX2,False
11743770_at,0.0013082382782817438,MAB21L1,False
11756012_a_at,0.001270950882127872,SULT6B1,False
11721609_a_at,0.001258634863240982,PABPC1L,False
11734421_a_at,0.0012447575490571652,WBSCR28,False
11725400_a_at,0.0012426025994527333,TTLL1,False
11720251_at,0.0012422258239792202,CCL18,False
11737249_a_at,0.001236459418039233,C9orf43,False
11742431_a_at,0.0012330814627509615,DGKI,False
11726475_a_at,0.0012303100080024415,TMEM52,False
11726550_a_at,0.0012192116087084387,CCNB3,False
11741467_at,0.0012169623921437264,LHX5,False
11717364_a_at,0.0012167918513104128,BCL2L12,False
11742541_at,0.0012130282094447108,OR1S2,False
11758013_s_at,0.0011901511315091041,C8orf4,False
11721010_a_at,0.0011838313849333844,GDPD5,False
11722422_a_at,0.0011609680530745676,PTRHD1,False
11737109_a_at,0.0011556405247065528,OR2H1,False
11738592_at,0.0011418073671459635,BLID,False
11745537_a_at,0.0011253688685125092,NFATC3,False
11735819_a_at,0.0011223670835265307,C3orf20,False
11729667_a_at,0.0011122548488460581,NOL3,False
11754034_a_at,0.0011009339466034947,HRSP12,False
11757286_s_at,0.0010746453436131212,CTRB1,False
11727547_s_at,0.0010705870829156583,RBBP8,False
11732079_at,0.0010532249504011768,POM121L12,False
11729444_a_at,0.0010449443622168215,SULT2B1,False
11732695_at,0.0010446234850288595,DRD5,False
11756103_s_at,0.0010169786305134908,HS3ST5,False
11734976_s_at,0.0010098452426757908,FAM218A,False
11764076_at,0.0010089005133554205,FLJ16779,False
11763922_at,0.0010042168575594588,SNORA71C,False
11758599_s_at,0.0009980677007000484,RAD51AP2,False
11731854_at,0.0009947605681136517,C8G,False
11723752_s_at,0.000993184708495877,MEOX2,False
11734181_at,0.000982143556158535,GAN,False
11763050_at,0.0009750122461613823,LOC100128644,False
11742344_at,0.0009724418046693875,OR4K1,False
11756777_a_at,0.000962060504966338,HCRTR2,False
11741823_at,0.0009566950543276816,NBPF7,False
11731343_s_at,0.0009315706454640549,MAGEA9,False
11741928_at,0.0009307793569312803,SH2D7,False
11733633_at,0.0009277560419659244,PLA2G3,False
11734580_at,0.0009131431431660863,CSN3,False
11734422_at,0.0009118899603319664,C17orf98,False
11738508_at,0.0009051912734289464,C7orf69,False
11733389_a_at,0.0008877515550915851,DEF6,False
11755722_s_at,0.0008755411449752525,RPP21,False
11737284_x_at,0.0008632340786013796,TAS2R20,False
11749914_a_at,0.0008467753387027594,SMCO1,False
11737422_s_at,0.0008460511647622268,FAM163B,False
11738670_at,0.0008452365879643717,TARM1,False
11757093_at,0.00083803393989426,GIMAP5,False
11732051_at,0.0008285387365606565,C12orf77,False
11763414_at,0.0008258691204168367,STBD1,False
11754567_a_at,0.0008250697917403777,FBXL12,False
11728568_at,0.0008049473787380776,CCDC61,False
11723157_at,0.0007797613233287056,INHA,False
11742524_at,0.0007750179932936067,A3GALT2,False
11752515_a_at,0.0007725748014569984,ODC1,False
11716732_at,0.0007640801504848495,CRYBA4,False
11732874_at,0.000760867309648971,UCP1,False
11735619_a_at,0.0007546093218481749,LEXM,False
11738068_a_at,0.0007419131546837813,SLC28A3,False
11743131_a_at,0.0007244279830653374,APEH,False
11725275_at,0.0007139790659354703,IRX1,False
11747132_at,0.0007104377727842342,LOC101927183,False
11733505_at,0.0007063758781838848,C2orf80,False
11728621_at,0.00068983671987954,FNDC8,False
11755030_a_at,0.0006799531452360143,PRRT4,False
11718506_at,0.0006693557729606815,TFF3,False
11722818_a_at,0.0006552994623172401,GGH,False
11738313_at,0.0006319152762239151,PRR23B,False
11757225_x_at,0.000597199256311013,LOC389705,False
11731217_at,0.0005852797801428651,INSL6,False
11722379_at,0.0005831084408832847,GNG11,False
11728876_at,0.0005808450750810657,CSF2,False
11759973_at,0.0005706108211588009,PDSS1,False
11755195_a_at,0.0005623798489810419,NXPE1,False
11733300_at,0.0005546376415070447,ELOVL3,False
11741971_at,0.000551783186328303,KRT38,False
11735422_at,0.0005422124259808369,MYOG,False
11742441_a_at,0.0005417141821225768,FAM169B,False
11755471_a_at,0.0005374572599238364,NECAB2,False
11758420_s_at,0.0005140496949252528,TRIM43,False
11738605_at,0.0005057069667414126,KRTAP22-1,False
11729202_at,0.000494691973554854,KAZALD1,False
11727116_a_at,0.0004904221597868147,PLA1A,False
11722613_a_at,0.0004886947568447981,KAT5,False
11741619_a_at,0.00046683014649311966,SCN7A,False
11733301_at,0.0004623671527989459,GNGT1,False
11740936_at,0.00043498339793554764,ABHD16B,False
11763372_at,0.0004332683605223618,LINC00323,False
11762866_at,0.00042733574543822963,LINC00476,False
11754864_a_at,0.00042717192881994636,LRRC71,False
11741836_at,0.0004133257044497649,IL17C,False
11720533_a_at,0.00041151527009764666,HMGCS2,False
11742374_at,0.0004091567059055381,LINC01599,False
11740432_at,0.0003899874780413201,TTPA,False
11731227_a_at,0.0003832830483374162,MATK,False
11738101_a_at,0.000376561351593125,C12orf54,False
11733528_at,0.0003548196035024722,CRB2,False
11718176_at,0.0003492236987273302,B3GNT9,False
11721400_a_at,0.0003479818994305518,ELOF1,False
11733438_at,0.00033973545107494625,C16orf92,False
11756018_a_at,0.00033593373571156335,C4orf22,False
11730018_a_at,0.00033221934044612233,PPP1R32,False
11755971_a_at,0.0003245490561422516,SEPT12,False
11729313_at,0.00032081053255467716,RAC3,False
11738241_s_at,0.0003147316782643001,SNTG2,False
11723070_a_at,0.0003104039765302538,CYTL1,False
11737421_at,0.00031001850514823727,SOWAHB,False
11732009_a_at,0.00030736588744552254,QRICH2,False
11756940_a_at,0.0003054187285280177,ZSCAN21,False
11743565_at,0.00029331035473760455,CABLES2,False
11744974_a_at,0.0002917020295272126,LCN15,False
11734058_at,0.0002816272809964437,ADAM30,False
11731948_a_at,0.0002807898590332439,AADACL2,False
11716116_at,0.0002621521294047801,NDUFS6,False
11715343_at,0.0002549707613697543,MUC16,False
11737648_at,0.00024584790673607196,MMP20,False
11757657_a_at,0.00024121320634188143,MLF2,False
11738004_s_at,0.00023279636657627065,GRAPL,False
11738154_at,0.00022806732765974649,ZNF843,False
11723839_a_at,0.000218203562100841,FKBP1B,False
11731906_at,0.00021430877089634537,PRRG3,False
11723802_at,0.00020869114738085215,F10,False
11746707_at,0.0002063312830080397,LINC00314,False
11725920_a_at,0.00020025696160688055,HEXIM2,False
11734398_at,0.00019418409139406484,PRSS55,False
11740630_a_at,0.00018692178344564573,ZNF780B,False
11721349_s_at,0.0001854663418580043,LOC102725067,False
11738638_a_at,0.0001851108971446038,TGM6,False
11749336_a_at,0.0001766898825463716,MRPL47,False
11738020_at,0.00017349678595183655,RXFP4,False
11727763_a_at,0.00017346312642050026,PRODH2,False
11731876_at,0.0001695381893950479,C5orf58,False
11732732_a_at,0.00016704653778739829,DNAH8,False
11749352_a_at,0.00014850875844114354,ABO,False
11741845_a_at,0.00014589802526304157,RXFP2,False
11720077_at,0.00014221544285500758,EXOSC4,False
11734528_at,0.00013689097546236548,ACPT,False
11715188_at,0.0001365856772601584,H3F3C,False
11727044_a_at,0.00013466884656535976,TMEM173,False
11737080_at,0.0001324458934909424,PTPRQ,False
11730172_a_at,0.00013140254616753354,GRM3,False
11745958_a_at,0.00013013389566179608,CD99,False
11732025_at,0.0001227411255928675,ANGPTL5,False
11730117_at,0.00011888616556823653,TEX33,False
11738164_at,0.00010959487101885137,C11orf42,False
11732805_at,0.00010718622642479222,EPX,False
11734283_at,0.00010601958672910984,PDILT,False
11722460_at,9.519670974786149e-05,PCDH12,False
11733758_a_at,9.318412328145145e-05,ZNF446,False
11721373_at,9.155035667351103e-05,C10orf35,False
11721680_a_at,8.990873806005061e-05,TM2D1,False
11734453_at,8.988561508751893e-05,C11orf86,False
11764088_at,8.969441176305476e-05,LINC01424,False
11756040_a_at,8.853470034797424e-05,ANGPTL8,False
11741898_x_at,8.594798181799237e-05,KIR2DS3,False
11756517_x_at,8.438158174811744e-05,LOC105379554,False
11735939_at,8.422548712881656e-05,KRTAP2-4,False
11735987_at,8.146603637330425e-05,MT4,False
11752365_at,8.096230769944843e-05,XRCC6P5,False
11735040_at,7.684924116438727e-05,RPL3L,False
11742485_s_at,7.657786592662768e-05,PRAMEF10,False
11727844_a_at,7.046827529636317e-05,KRT81,False
11734651_at,6.974042355923004e-05,PRLH,False
11738868_at,6.955633719616465e-05,SLC2A7,False
11762692_at,4.965226095190285e-05,FLJ33534,False
11742619_at,4.913033554020423e-05,OR4C46,False
11737738_at,4.628261384246253e-05,AADACL4,False
11742614_at,4.266255308127035e-05,OR4C16,False
11738094_a_at,3.822743744008983e-05,ST8SIA6,False
11734144_s_at,3.4421133288008236e-05,LRRC37A,False
11718468_s_at,3.3364780108015804e-05,NECAB3,False
11755102_a_at,3.0297215383219182e-05,SELO,False
11727251_at,2.8987472356179865e-05,RDH12,False
11731380_at,2.576973343030726e-05,FIGNL2,False
11719876_at,2.402734847420001e-05,CKMT2,False
11760494_at,2.3307937082234782e-05,LINC01549,False
11734841_a_at,2.2514464828339666e-05,RAD51,False
11732959_a_at,2.229052840905623e-05,SPRR3,False
11738660_at,2.0131989741140266e-05,GAL3ST2,False
11719268_at,1.8480874869297252e-05,TNNC1,False
11737861_a_at,1.5751708687326676e-05,ZSCAN5A,False
11753923_at,1.1971562487271932e-05,MBNL1-AS1,False
11738891_at,1.1480167012166766e-05,KRTAP5-4,False
11750494_at,1.1379563708318545e-05,ESP33,False
11758129_s_at,8.953997605018642e-06,CPLX3,False
11721357_at,8.725841013487759e-06,NMB,False
11757416_a_at,7.789768178757154e-06,ILKAP,False
11729447_at,7.78564749889122e-06,ARMS2,False
11739869_at,7.393058168292287e-06,LRRN4,False
11756285_s_at,7.184928319172014e-06,IGF2BP3,False
11735671_at,5.699618279533919e-06,OC90,False
11742981_a_at,5.010443571640995e-06,FABP3,False
11742249_a_at,4.48687595190407e-06,FSHR,False
11730554_at,4.376101957282303e-06,IRX6,False
11741674_a_at,2.6727449321752657e-06,NTRK1,False
11740599_at,2.547623673992001e-06,GPR20,False
11724129_at,2.312482468494044e-06,RNF186,False
11727245_a_at,1.706588977250014e-06,LGI3,False
11732028_at,1.531204223930985e-06,AVP,False
11755135_a_at,1.4568100658868157e-06,ABHD1,False
11733765_at,1.3302432863001945e-06,IFNB1,False
11723123_at,1.2166934738414028e-06,SH3PXD2B,False
11728367_a_at,5.521310834809463e-07,AARSD1,False
11737433_x_at,2.626229344162409e-07,WTH3DI,False
11725153_a_at,1.42924850666069e-07,NFKB2,False
11763910_at,4.018249398646999e-08,SNORA20,False
